Data_Set,accuracy,f1_macro,Classifier_Model,Embedding
HCR,80.4,76.6,Reg_Logistica,BERTweet\_InData
Narr-KDML-2012,96.3,96.1,Reg_Logistica,BERTweet\_InData
STS-gold,94.8,94.0,Reg_Logistica,BERTweet\_InData
SemEval13,90.4,88.3,Reg_Logistica,BERTweet\_InData
SemEval15-Task11,92.1,81.7,Reg_Logistica,BERTweet\_InData
SemEval16,91.6,89.7,Reg_Logistica,BERTweet\_InData
SemEval17-test,92.9,92.5,Reg_Logistica,BERTweet\_InData
SemEval18,89.9,89.8,Reg_Logistica,BERTweet\_InData
SentiStrength,88.6,88.2,Reg_Logistica,BERTweet\_InData
Target-dependent,85.6,85.6,Reg_Logistica,BERTweet\_InData
VADER,92.6,91.4,Reg_Logistica,BERTweet\_InData
archeage,91.6,91.4,Reg_Logistica,BERTweet\_InData
debate08,88.3,87.5,Reg_Logistica,BERTweet\_InData
hobbit,88.2,86.7,Reg_Logistica,BERTweet\_InData
iphone,87.8,85.7,Reg_Logistica,BERTweet\_InData
irony,72.8,66.6,Reg_Logistica,BERTweet\_InData
movie,89.3,82.4,Reg_Logistica,BERTweet\_InData
ntua,89.4,89.2,Reg_Logistica,BERTweet\_InData
person,88.1,85.6,Reg_Logistica,BERTweet\_InData
sanders,90.1,90.0,Reg_Logistica,BERTweet\_InData
sarcasm,65.5,63.6,Reg_Logistica,BERTweet\_InData
sentiment140,91.5,91.4,Reg_Logistica,BERTweet\_InData
HCR,80.2,75.3,MLPClassifier,BERTweet\_InData
Narr-KDML-2012,96.0,95.8,MLPClassifier,BERTweet\_InData
STS-gold,94.4,93.5,MLPClassifier,BERTweet\_InData
SemEval13,90.4,87.9,MLPClassifier,BERTweet\_InData
SemEval15-Task11,91.7,79.2,MLPClassifier,BERTweet\_InData
SemEval16,91.3,89.1,MLPClassifier,BERTweet\_InData
SemEval17-test,92.7,92.2,MLPClassifier,BERTweet\_InData
SemEval18,89.5,89.4,MLPClassifier,BERTweet\_InData
SentiStrength,87.6,87.2,MLPClassifier,BERTweet\_InData
Target-dependent,85.5,85.5,MLPClassifier,BERTweet\_InData
VADER,92.2,90.8,MLPClassifier,BERTweet\_InData
archeage,91.5,91.3,MLPClassifier,BERTweet\_InData
debate08,87.4,86.4,MLPClassifier,BERTweet\_InData
hobbit,87.4,85.4,MLPClassifier,BERTweet\_InData
iphone,87.6,85.0,MLPClassifier,BERTweet\_InData
irony,74.4,67.2,MLPClassifier,BERTweet\_InData
movie,89.8,82.0,MLPClassifier,BERTweet\_InData
ntua,89.2,88.9,MLPClassifier,BERTweet\_InData
person,86.8,83.4,MLPClassifier,BERTweet\_InData
sanders,90.1,89.5,MLPClassifier,BERTweet\_InData
sarcasm,68.3,67.2,MLPClassifier,BERTweet\_InData
sentiment140,90.4,90.4,MLPClassifier,BERTweet\_InData
HCR,81.0,73.0,XGboost,BERTweet\_InData
Narr-KDML-2012,93.3,93.0,XGboost,BERTweet\_InData
STS-gold,91.5,89.8,XGboost,BERTweet\_InData
SemEval13,88.0,84.0,XGboost,BERTweet\_InData
SemEval15-Task11,90.5,72.4,XGboost,BERTweet\_InData
SemEval16,91.0,88.3,XGboost,BERTweet\_InData
SemEval17-test,91.8,91.2,XGboost,BERTweet\_InData
SemEval18,87.3,87.1,XGboost,BERTweet\_InData
SentiStrength,85.9,85.3,XGboost,BERTweet\_InData
Target-dependent,85.2,85.2,XGboost,BERTweet\_InData
VADER,89.9,87.6,XGboost,BERTweet\_InData
archeage,91.3,91.0,XGboost,BERTweet\_InData
debate08,86.0,84.5,XGboost,BERTweet\_InData
hobbit,82.8,79.0,XGboost,BERTweet\_InData
iphone,84.8,80.8,XGboost,BERTweet\_InData
irony,65.9,51.6,XGboost,BERTweet\_InData
movie,87.8,73.1,XGboost,BERTweet\_InData
ntua,86.0,85.4,XGboost,BERTweet\_InData
person,85.6,80.9,XGboost,BERTweet\_InData
sanders,87.7,87.6,XGboost,BERTweet\_InData
sarcasm,60.5,57.1,XGboost,BERTweet\_InData
sentiment140,84.0,84.0,XGboost,BERTweet\_InData
HCR,80.4,76.7,SVM,BERTweet\_InData
Narr-KDML-2012,96.2,96.0,SVM,BERTweet\_InData
STS-gold,94.7,93.9,SVM,BERTweet\_InData
SemEval13,89.4,87.4,SVM,BERTweet\_InData
SemEval15-Task11,90.2,78.6,SVM,BERTweet\_InData
SemEval16,91.5,89.8,SVM,BERTweet\_InData
SemEval17-test,93.2,92.8,SVM,BERTweet\_InData
SemEval18,90.6,90.5,SVM,BERTweet\_InData
SentiStrength,88.8,88.5,SVM,BERTweet\_InData
Target-dependent,87.3,87.3,SVM,BERTweet\_InData
VADER,92.3,91.2,SVM,BERTweet\_InData
archeage,90.7,90.5,SVM,BERTweet\_InData
debate08,88.4,87.5,SVM,BERTweet\_InData
hobbit,82.5,80.8,SVM,BERTweet\_InData
iphone,83.3,81.8,SVM,BERTweet\_InData
irony,66.7,60.1,SVM,BERTweet\_InData
movie,87.0,80.9,SVM,BERTweet\_InData
ntua,90.1,89.8,SVM,BERTweet\_InData
person,82.5,80.7,SVM,BERTweet\_InData
sanders,89.0,88.9,SVM,BERTweet\_InData
sarcasm,61.8,56.4,SVM,BERTweet\_InData
sentiment140,90.5,90.5,SVM,BERTweet\_InData
HCR,76.5,58.8,Random_Forest,BERTweet\_InData
Narr-KDML-2012,91.0,90.4,Random_Forest,BERTweet\_InData
STS-gold,86.1,81.3,Random_Forest,BERTweet\_InData
SemEval13,82.1,71.8,Random_Forest,BERTweet\_InData
SemEval15-Task11,86.1,50.2,Random_Forest,BERTweet\_InData
SemEval16,86.0,79.7,Random_Forest,BERTweet\_InData
SemEval17-test,89.6,88.6,Random_Forest,BERTweet\_InData
SemEval18,86.3,86.0,Random_Forest,BERTweet\_InData
SentiStrength,82.4,81.2,Random_Forest,BERTweet\_InData
Target-dependent,83.6,83.6,Random_Forest,BERTweet\_InData
VADER,84.5,78.8,Random_Forest,BERTweet\_InData
archeage,90.0,89.6,Random_Forest,BERTweet\_InData
debate08,82.2,79.0,Random_Forest,BERTweet\_InData
hobbit,79.7,72.2,Random_Forest,BERTweet\_InData
iphone,83.5,77.7,Random_Forest,BERTweet\_InData
irony,66.7,41.8,Random_Forest,BERTweet\_InData
movie,82.6,48.1,Random_Forest,BERTweet\_InData
ntua,85.2,84.3,Random_Forest,BERTweet\_InData
person,77.9,64.7,Random_Forest,BERTweet\_InData
sanders,86.9,86.8,Random_Forest,BERTweet\_InData
sarcasm,65.1,61.5,Random_Forest,BERTweet\_InData
sentiment140,87.3,87.2,Random_Forest,BERTweet\_InData
