Data_Set,accuracy,f1_macro,Classifier_Model,Embedding
HCR,80.0,75.8,Reg_Logistica,RoBERTa\_22Dt
Narr-KDML-2012,94.3,94.1,Reg_Logistica,RoBERTa\_22Dt
STS-gold,93.8,92.8,Reg_Logistica,RoBERTa\_22Dt
SemEval13,90.0,87.6,Reg_Logistica,RoBERTa\_22Dt
SemEval15-Task11,89.5,77.1,Reg_Logistica,RoBERTa\_22Dt
SemEval16,90.6,88.5,Reg_Logistica,RoBERTa\_22Dt
SemEval17-test,92.3,91.8,Reg_Logistica,RoBERTa\_22Dt
SemEval18,88.6,88.5,Reg_Logistica,RoBERTa\_22Dt
SentiStrength,86.6,86.2,Reg_Logistica,RoBERTa\_22Dt
Target-dependent,84.9,84.9,Reg_Logistica,RoBERTa\_22Dt
VADER,91.4,90.1,Reg_Logistica,RoBERTa\_22Dt
archeage,90.4,90.2,Reg_Logistica,RoBERTa\_22Dt
debate08,87.6,86.8,Reg_Logistica,RoBERTa\_22Dt
hobbit,88.6,87.2,Reg_Logistica,RoBERTa\_22Dt
iphone,86.5,84.2,Reg_Logistica,RoBERTa\_22Dt
irony,73.8,66.6,Reg_Logistica,RoBERTa\_22Dt
movie,90.4,83.7,Reg_Logistica,RoBERTa\_22Dt
ntua,90.3,90.1,Reg_Logistica,RoBERTa\_22Dt
person,86.9,84.4,Reg_Logistica,RoBERTa\_22Dt
sanders,90.3,90.2,Reg_Logistica,RoBERTa\_22Dt
sarcasm,70.0,67.9,Reg_Logistica,RoBERTa\_22Dt
sentiment140,90.6,90.6,Reg_Logistica,RoBERTa\_22Dt
HCR,80.4,75.7,MLPClassifier,RoBERTa\_22Dt
Narr-KDML-2012,93.9,93.6,MLPClassifier,RoBERTa\_22Dt
STS-gold,93.3,92.2,MLPClassifier,RoBERTa\_22Dt
SemEval13,89.7,87.0,MLPClassifier,RoBERTa\_22Dt
SemEval15-Task11,89.8,74.9,MLPClassifier,RoBERTa\_22Dt
SemEval16,90.6,88.1,MLPClassifier,RoBERTa\_22Dt
SemEval17-test,92.4,91.9,MLPClassifier,RoBERTa\_22Dt
SemEval18,88.6,88.5,MLPClassifier,RoBERTa\_22Dt
SentiStrength,87.0,86.6,MLPClassifier,RoBERTa\_22Dt
Target-dependent,84.9,84.9,MLPClassifier,RoBERTa\_22Dt
VADER,91.6,90.2,MLPClassifier,RoBERTa\_22Dt
archeage,90.5,90.2,MLPClassifier,RoBERTa\_22Dt
debate08,86.8,85.8,MLPClassifier,RoBERTa\_22Dt
hobbit,88.6,86.9,MLPClassifier,RoBERTa\_22Dt
iphone,86.3,83.6,MLPClassifier,RoBERTa\_22Dt
irony,75.3,67.3,MLPClassifier,RoBERTa\_22Dt
movie,91.0,83.7,MLPClassifier,RoBERTa\_22Dt
ntua,89.6,89.3,MLPClassifier,RoBERTa\_22Dt
person,86.2,82.9,MLPClassifier,RoBERTa\_22Dt
sanders,91.1,91.1,MLPClassifier,RoBERTa\_22Dt
sarcasm,71.0,69.4,MLPClassifier,RoBERTa\_22Dt
sentiment140,90.4,90.4,MLPClassifier,RoBERTa\_22Dt
HCR,82.0,74.7,XGboost,RoBERTa\_22Dt
Narr-KDML-2012,92.9,92.5,XGboost,RoBERTa\_22Dt
STS-gold,91.6,89.9,XGboost,RoBERTa\_22Dt
SemEval13,88.3,84.5,XGboost,RoBERTa\_22Dt
SemEval15-Task11,91.0,73.5,XGboost,RoBERTa\_22Dt
SemEval16,90.3,87.3,XGboost,RoBERTa\_22Dt
SemEval17-test,91.8,91.2,XGboost,RoBERTa\_22Dt
SemEval18,87.6,87.5,XGboost,RoBERTa\_22Dt
SentiStrength,86.2,85.8,XGboost,RoBERTa\_22Dt
Target-dependent,84.8,84.8,XGboost,RoBERTa\_22Dt
VADER,90.1,88.1,XGboost,RoBERTa\_22Dt
archeage,90.8,90.6,XGboost,RoBERTa\_22Dt
debate08,86.7,85.2,XGboost,RoBERTa\_22Dt
hobbit,83.1,79.4,XGboost,RoBERTa\_22Dt
iphone,85.3,81.7,XGboost,RoBERTa\_22Dt
irony,70.1,60.1,XGboost,RoBERTa\_22Dt
movie,88.6,75.6,XGboost,RoBERTa\_22Dt
ntua,85.4,84.9,XGboost,RoBERTa\_22Dt
person,81.8,75.5,XGboost,RoBERTa\_22Dt
sanders,89.8,89.8,XGboost,RoBERTa\_22Dt
sarcasm,62.5,59.9,XGboost,RoBERTa\_22Dt
sentiment140,86.3,86.2,XGboost,RoBERTa\_22Dt
HCR,76.9,73.2,SVM,RoBERTa\_22Dt
Narr-KDML-2012,93.1,92.9,SVM,RoBERTa\_22Dt
STS-gold,92.6,91.6,SVM,RoBERTa\_22Dt
SemEval13,86.6,84.6,SVM,RoBERTa\_22Dt
SemEval15-Task11,87.2,74.9,SVM,RoBERTa\_22Dt
SemEval16,89.5,87.6,SVM,RoBERTa\_22Dt
SemEval17-test,92.0,91.5,SVM,RoBERTa\_22Dt
SemEval18,88.4,88.3,SVM,RoBERTa\_22Dt
SentiStrength,86.4,86.1,SVM,RoBERTa\_22Dt
Target-dependent,85.9,85.9,SVM,RoBERTa\_22Dt
VADER,89.8,88.6,SVM,RoBERTa\_22Dt
archeage,89.4,89.3,SVM,RoBERTa\_22Dt
debate08,85.6,84.5,SVM,RoBERTa\_22Dt
hobbit,72.8,71.9,SVM,RoBERTa\_22Dt
iphone,79.9,78.6,SVM,RoBERTa\_22Dt
irony,46.7,31.0,SVM,RoBERTa\_22Dt
movie,81.5,75.3,SVM,RoBERTa\_22Dt
ntua,84.3,83.9,SVM,RoBERTa\_22Dt
person,71.1,70.2,SVM,RoBERTa\_22Dt
sanders,87.5,87.4,SVM,RoBERTa\_22Dt
sarcasm,64.0,52.9,SVM,RoBERTa\_22Dt
sentiment140,90.0,89.9,SVM,RoBERTa\_22Dt
HCR,77.5,61.7,Random_Forest,RoBERTa\_22Dt
Narr-KDML-2012,91.4,90.9,Random_Forest,RoBERTa\_22Dt
STS-gold,86.9,82.8,Random_Forest,RoBERTa\_22Dt
SemEval13,83.1,74.1,Random_Forest,RoBERTa\_22Dt
SemEval15-Task11,87.0,55.6,Random_Forest,RoBERTa\_22Dt
SemEval16,86.5,80.6,Random_Forest,RoBERTa\_22Dt
SemEval17-test,89.6,88.6,Random_Forest,RoBERTa\_22Dt
SemEval18,86.3,86.1,Random_Forest,RoBERTa\_22Dt
SentiStrength,84.0,83.2,Random_Forest,RoBERTa\_22Dt
Target-dependent,83.5,83.5,Random_Forest,RoBERTa\_22Dt
VADER,86.1,81.7,Random_Forest,RoBERTa\_22Dt
archeage,90.3,89.9,Random_Forest,RoBERTa\_22Dt
debate08,82.9,79.7,Random_Forest,RoBERTa\_22Dt
hobbit,79.3,72.0,Random_Forest,RoBERTa\_22Dt
iphone,83.1,77.0,Random_Forest,RoBERTa\_22Dt
irony,66.5,43.2,Random_Forest,RoBERTa\_22Dt
movie,82.6,48.2,Random_Forest,RoBERTa\_22Dt
ntua,86.9,86.4,Random_Forest,RoBERTa\_22Dt
person,79.3,67.6,Random_Forest,RoBERTa\_22Dt
sanders,88.4,88.3,Random_Forest,RoBERTa\_22Dt
sarcasm,71.8,68.6,Random_Forest,RoBERTa\_22Dt
sentiment140,88.8,88.7,Random_Forest,RoBERTa\_22Dt
