Data_Set,accuracy,f1_macro,Classifier_Model,Embedding
HCR,7767.0,7332.0,Reg_Logistica,BERT\_LOO
Narr-KDML-2012,9210.0,9175.0,Reg_Logistica,BERT\_LOO
STS-gold,9071.0,8921.0,Reg_Logistica,BERT\_LOO
SemEval13,8767.0,8490.0,Reg_Logistica,BERT\_LOO
SemEval15-Task11,9002.0,7978.0,Reg_Logistica,BERT\_LOO
SemEval16,8907.0,8664.0,Reg_Logistica,BERT\_LOO
SemEval17-test,9036.0,8975.0,Reg_Logistica,BERT\_LOO
SemEval18,8553.0,8543.0,Reg_Logistica,BERT\_LOO
SentiStrength,8253.0,8205.0,Reg_Logistica,BERT\_LOO
Target-dependent,8330.0,8329.0,Reg_Logistica,BERT\_LOO
VADER,8954.0,8792.0,Reg_Logistica,BERT\_LOO
archeage,8882.0,8856.0,Reg_Logistica,BERT\_LOO
debate08,8405.0,8295.0,Reg_Logistica,BERT\_LOO
hobbit,8792.0,8617.0,Reg_Logistica,BERT\_LOO
iphone,8477.0,8191.0,Reg_Logistica,BERT\_LOO
irony,7548.0,6516.0,Reg_Logistica,BERT\_LOO
movie,8948.0,8280.0,Reg_Logistica,BERT\_LOO
ntua,8455.0,8411.0,Reg_Logistica,BERT\_LOO
person,8679.0,8421.0,Reg_Logistica,BERT\_LOO
sanders,8587.0,8577.0,Reg_Logistica,BERT\_LOO
sarcasm,6750.0,6605.0,Reg_Logistica,BERT\_LOO
sentiment140,8579.0,8575.0,Reg_Logistica,BERT\_LOO
HCR,7990.7,7455.7,MLPClassifier,BERT\_LOO
Narr-KDML-2012,9182.3,9146.7,MLPClassifier,BERT\_LOO
STS-gold,9128.0,8974.3,MLPClassifier,BERT\_LOO
SemEval13,8810.3,8502.0,MLPClassifier,BERT\_LOO
SemEval15-Task11,9116.7,7975.7,MLPClassifier,BERT\_LOO
SemEval16,8918.7,8626.3,MLPClassifier,BERT\_LOO
SemEval17-test,9118.7,9056.7,MLPClassifier,BERT\_LOO
SemEval18,8646.3,8637.0,MLPClassifier,BERT\_LOO
SentiStrength,8331.3,8280.0,MLPClassifier,BERT\_LOO
Target-dependent,8410.0,8409.3,MLPClassifier,BERT\_LOO
VADER,8996.3,8824.0,MLPClassifier,BERT\_LOO
archeage,8981.7,8957.0,MLPClassifier,BERT\_LOO
debate08,8623.7,8514.0,MLPClassifier,BERT\_LOO
hobbit,8747.7,8560.3,MLPClassifier,BERT\_LOO
iphone,8471.0,8142.3,MLPClassifier,BERT\_LOO
irony,7389.0,6133.7,MLPClassifier,BERT\_LOO
movie,9001.7,8190.7,MLPClassifier,BERT\_LOO
ntua,8454.7,8410.3,MLPClassifier,BERT\_LOO
person,8762.7,8495.0,MLPClassifier,BERT\_LOO
sanders,8799.3,8792.0,MLPClassifier,BERT\_LOO
sarcasm,7178.3,7026.7,MLPClassifier,BERT\_LOO
sentiment140,8782.7,8776.0,MLPClassifier,BERT\_LOO
HCR,8160.0,7412.0,XGboost,BERT\_LOO
Narr-KDML-2012,8948.0,8893.0,XGboost,BERT\_LOO
STS-gold,8948.0,8719.0,XGboost,BERT\_LOO
SemEval13,8723.0,8309.0,XGboost,BERT\_LOO
SemEval15-Task11,8848.0,6426.0,XGboost,BERT\_LOO
SemEval16,8887.0,8542.0,XGboost,BERT\_LOO
SemEval17-test,9078.0,9005.0,XGboost,BERT\_LOO
SemEval18,8537.0,8517.0,XGboost,BERT\_LOO
SentiStrength,8222.0,8148.0,XGboost,BERT\_LOO
Target-dependent,8336.0,8335.0,XGboost,BERT\_LOO
VADER,8861.0,8619.0,XGboost,BERT\_LOO
archeage,8778.0,8743.0,XGboost,BERT\_LOO
debate08,8390.0,8205.0,XGboost,BERT\_LOO
hobbit,8353.0,7989.0,XGboost,BERT\_LOO
iphone,8439.0,8025.0,XGboost,BERT\_LOO
irony,7548.0,6416.0,XGboost,BERT\_LOO
movie,8575.0,6622.0,XGboost,BERT\_LOO
ntua,8097.0,8039.0,XGboost,BERT\_LOO
person,8338.0,7754.0,XGboost,BERT\_LOO
sanders,8480.0,8464.0,XGboost,BERT\_LOO
sarcasm,6875.0,6734.0,XGboost,BERT\_LOO
sentiment140,8524.0,8519.0,XGboost,BERT\_LOO
HCR,7903.0,7525.0,SVM,BERT\_LOO
Narr-KDML-2012,9250.0,9225.0,SVM,BERT\_LOO
STS-gold,9071.0,8935.0,SVM,BERT\_LOO
SemEval13,8760.0,8531.0,SVM,BERT\_LOO
SemEval15-Task11,8814.0,7711.0,SVM,BERT\_LOO
SemEval16,8907.0,8693.0,SVM,BERT\_LOO
SemEval17-test,9156.0,9104.0,SVM,BERT\_LOO
SemEval18,8736.0,8726.0,SVM,BERT\_LOO
SentiStrength,8471.0,8439.0,SVM,BERT\_LOO
Target-dependent,8624.0,8623.0,SVM,BERT\_LOO
VADER,9016.0,8884.0,SVM,BERT\_LOO
archeage,8842.0,8820.0,SVM,BERT\_LOO
debate08,8573.0,8474.0,SVM,BERT\_LOO
hobbit,8446.0,8308.0,SVM,BERT\_LOO
iphone,8309.0,8107.0,SVM,BERT\_LOO
irony,7881.0,7055.0,SVM,BERT\_LOO
movie,8646.0,8014.0,SVM,BERT\_LOO
ntua,8274.0,8239.0,SVM,BERT\_LOO
person,8566.0,8349.0,SVM,BERT\_LOO
sanders,8749.0,8743.0,SVM,BERT\_LOO
sarcasm,7018.0,6858.0,SVM,BERT\_LOO
sentiment140,9025.0,9024.0,SVM,BERT\_LOO
HCR,7739.3,6130.7,Random_Forest,BERT\_LOO
Narr-KDML-2012,8896.7,8824.0,Random_Forest,BERT\_LOO
STS-gold,8539.7,8059.0,Random_Forest,BERT\_LOO
SemEval13,8273.7,7397.3,Random_Forest,BERT\_LOO
SemEval15-Task11,8577.3,4837.3,Random_Forest,BERT\_LOO
SemEval16,8520.7,7865.7,Random_Forest,BERT\_LOO
SemEval17-test,8836.0,8715.0,Random_Forest,BERT\_LOO
SemEval18,8339.7,8300.7,Random_Forest,BERT\_LOO
SentiStrength,8024.0,7921.7,Random_Forest,BERT\_LOO
Target-dependent,8228.0,8226.7,Random_Forest,BERT\_LOO
VADER,8472.3,7991.0,Random_Forest,BERT\_LOO
archeage,8748.7,8694.7,Random_Forest,BERT\_LOO
debate08,7970.0,7560.3,Random_Forest,BERT\_LOO
hobbit,8046.0,7382.7,Random_Forest,BERT\_LOO
iphone,8295.3,7647.3,Random_Forest,BERT\_LOO
irony,7039.7,4893.0,Random_Forest,BERT\_LOO
movie,8224.0,4632.7,Random_Forest,BERT\_LOO
ntua,7865.7,7763.0,Random_Forest,BERT\_LOO
person,7988.3,6828.0,Random_Forest,BERT\_LOO
sanders,8412.0,8388.7,Random_Forest,BERT\_LOO
sarcasm,7399.0,7247.3,Random_Forest,BERT\_LOO
sentiment140,8654.3,8649.7,Random_Forest,BERT\_LOO
