accuracy,f1_macro,Classifier_Model,Embedding,Data_Set
91.03,89.05,Reg_Logistica,BERTweet_base_transformers_CONTEXT,SemEval16
84.87,77.55,Random_Forest,BERTweet_base_transformers_CONTEXT,SemEval16
90.72,88.86,SVM,BERTweet_base_transformers_CONTEXT,SemEval16
90.96,88.5,MLPClassifier,BERTweet_base_transformers_CONTEXT,SemEval16
89.74,86.51,XGboost,BERTweet_base_transformers_CONTEXT,SemEval16
89.61,87.37,Reg_Logistica,BERTweet_base_transformers_CONTEXT,SemEval13
80.22,67.55,Random_Forest,BERTweet_base_transformers_CONTEXT,SemEval13
88.15,86.13,SVM,BERTweet_base_transformers_CONTEXT,SemEval13
89.54,86.87,MLPClassifier,BERTweet_base_transformers_CONTEXT,SemEval13
87.07,82.6,XGboost,BERTweet_base_transformers_CONTEXT,SemEval13
88.31,88.29,Reg_Logistica,BERTweet_base_transformers_CONTEXT,sentiment140
88.31,88.26,Random_Forest,BERTweet_base_transformers_CONTEXT,sentiment140
90.25,90.23,SVM,BERTweet_base_transformers_CONTEXT,sentiment140
89.43,89.4,MLPClassifier,BERTweet_base_transformers_CONTEXT,sentiment140
81.02,80.97,XGboost,BERTweet_base_transformers_CONTEXT,sentiment140
90.57,90.36,Reg_Logistica,BERTweet_base_transformers_CONTEXT,archeage
88.36,87.93,Random_Forest,BERTweet_base_transformers_CONTEXT,archeage
90.16,89.99,SVM,BERTweet_base_transformers_CONTEXT,archeage
90.74,90.51,MLPClassifier,BERTweet_base_transformers_CONTEXT,archeage
90.63,90.4,XGboost,BERTweet_base_transformers_CONTEXT,archeage
85.95,85.95,Reg_Logistica,BERTweet_base_transformers_CONTEXT,Target-dependent
82.72,82.71,Random_Forest,BERTweet_base_transformers_CONTEXT,Target-dependent
86.93,86.92,SVM,BERTweet_base_transformers_CONTEXT,Target-dependent
85.61,85.6,MLPClassifier,BERTweet_base_transformers_CONTEXT,Target-dependent
84.51,84.5,XGboost,BERTweet_base_transformers_CONTEXT,Target-dependent
87.16,85.4,Reg_Logistica,BERTweet_base_transformers_CONTEXT,hobbit
80.66,72.74,Random_Forest,BERTweet_base_transformers_CONTEXT,hobbit
83.13,81.53,SVM,BERTweet_base_transformers_CONTEXT,hobbit
86.0,83.65,MLPClassifier,BERTweet_base_transformers_CONTEXT,hobbit
83.9,80.29,XGboost,BERTweet_base_transformers_CONTEXT,hobbit
80.5,76.77,Reg_Logistica,BERTweet_base_transformers_CONTEXT,HCR
76.89,59.47,Random_Forest,BERTweet_base_transformers_CONTEXT,HCR
79.82,76.22,SVM,BERTweet_base_transformers_CONTEXT,HCR
81.08,76.14,MLPClassifier,BERTweet_base_transformers_CONTEXT,HCR
81.55,74.11,XGboost,BERTweet_base_transformers_CONTEXT,HCR
95.11,94.95,Reg_Logistica,BERTweet_base_transformers_CONTEXT,Narr-KDML-2012
90.14,89.4,Random_Forest,BERTweet_base_transformers_CONTEXT,Narr-KDML-2012
95.35,95.22,SVM,BERTweet_base_transformers_CONTEXT,Narr-KDML-2012
95.6,95.43,MLPClassifier,BERTweet_base_transformers_CONTEXT,Narr-KDML-2012
91.6,91.19,XGboost,BERTweet_base_transformers_CONTEXT,Narr-KDML-2012
87.69,85.29,Reg_Logistica,BERTweet_base_transformers_CONTEXT,person
76.09,60.49,Random_Forest,BERTweet_base_transformers_CONTEXT,person
83.14,81.34,SVM,BERTweet_base_transformers_CONTEXT,person
86.55,83.35,MLPClassifier,BERTweet_base_transformers_CONTEXT,person
82.0,75.37,XGboost,BERTweet_base_transformers_CONTEXT,person
92.23,83.33,Reg_Logistica,BERTweet_base_transformers_CONTEXT,SemEval15-Task11
86.29,51.62,Random_Forest,BERTweet_base_transformers_CONTEXT,SemEval15-Task11
91.59,82.06,SVM,BERTweet_base_transformers_CONTEXT,SemEval15-Task11
92.23,82.42,MLPClassifier,BERTweet_base_transformers_CONTEXT,SemEval15-Task11
90.03,71.62,XGboost,BERTweet_base_transformers_CONTEXT,SemEval15-Task11
91.01,90.95,Reg_Logistica,BERTweet_base_transformers_CONTEXT,sanders
85.05,84.9,Random_Forest,BERTweet_base_transformers_CONTEXT,sanders
89.87,89.81,SVM,BERTweet_base_transformers_CONTEXT,sanders
91.17,91.11,MLPClassifier,BERTweet_base_transformers_CONTEXT,sanders
88.15,88.06,XGboost,BERTweet_base_transformers_CONTEXT,sanders
86.09,83.63,Reg_Logistica,BERTweet_base_transformers_CONTEXT,iphone
82.13,75.55,Random_Forest,BERTweet_base_transformers_CONTEXT,iphone
83.65,81.97,SVM,BERTweet_base_transformers_CONTEXT,iphone
87.59,84.72,MLPClassifier,BERTweet_base_transformers_CONTEXT,iphone
83.09,78.88,XGboost,BERTweet_base_transformers_CONTEXT,iphone
91.03,90.8,Reg_Logistica,BERTweet_base_transformers_CONTEXT,ntua
84.88,83.58,Random_Forest,BERTweet_base_transformers_CONTEXT,ntua
91.03,90.86,SVM,BERTweet_base_transformers_CONTEXT,ntua
90.32,90.08,MLPClassifier,BERTweet_base_transformers_CONTEXT,ntua
85.62,85.04,XGboost,BERTweet_base_transformers_CONTEXT,ntua
92.31,91.8,Reg_Logistica,BERTweet_base_transformers_CONTEXT,SemEval17-test
87.84,86.57,Random_Forest,BERTweet_base_transformers_CONTEXT,SemEval17-test
92.56,92.08,SVM,BERTweet_base_transformers_CONTEXT,SemEval17-test
92.09,91.52,MLPClassifier,BERTweet_base_transformers_CONTEXT,SemEval17-test
90.53,89.78,XGboost,BERTweet_base_transformers_CONTEXT,SemEval17-test
86.46,86.1,Reg_Logistica,BERTweet_base_transformers_CONTEXT,SentiStrength
79.12,77.45,Random_Forest,BERTweet_base_transformers_CONTEXT,SentiStrength
86.76,86.53,SVM,BERTweet_base_transformers_CONTEXT,SentiStrength
85.8,85.3,MLPClassifier,BERTweet_base_transformers_CONTEXT,SentiStrength
82.83,82.08,XGboost,BERTweet_base_transformers_CONTEXT,SentiStrength
72.14,65.1,Reg_Logistica,BERTweet_base_transformers_CONTEXT,irony
67.62,43.48,Random_Forest,BERTweet_base_transformers_CONTEXT,irony
69.52,61.22,SVM,BERTweet_base_transformers_CONTEXT,irony
73.33,64.96,MLPClassifier,BERTweet_base_transformers_CONTEXT,irony
61.9,47.05,XGboost,BERTweet_base_transformers_CONTEXT,irony
69.11,67.41,Reg_Logistica,BERTweet_base_transformers_CONTEXT,sarcasm
64.64,62.33,Random_Forest,BERTweet_base_transformers_CONTEXT,sarcasm
61.96,59.24,SVM,BERTweet_base_transformers_CONTEXT,sarcasm
70.54,69.75,MLPClassifier,BERTweet_base_transformers_CONTEXT,sarcasm
68.93,67.47,XGboost,BERTweet_base_transformers_CONTEXT,sarcasm
93.9,92.98,Reg_Logistica,BERTweet_base_transformers_CONTEXT,STS-gold
82.4,75.04,Random_Forest,BERTweet_base_transformers_CONTEXT,STS-gold
93.56,92.65,SVM,BERTweet_base_transformers_CONTEXT,STS-gold
93.71,92.7,MLPClassifier,BERTweet_base_transformers_CONTEXT,STS-gold
90.51,88.36,XGboost,BERTweet_base_transformers_CONTEXT,STS-gold
87.15,86.26,Reg_Logistica,BERTweet_base_transformers_CONTEXT,debate08
80.43,76.63,Random_Forest,BERTweet_base_transformers_CONTEXT,debate08
87.36,86.4,SVM,BERTweet_base_transformers_CONTEXT,debate08
87.15,86.12,MLPClassifier,BERTweet_base_transformers_CONTEXT,debate08
84.73,82.94,XGboost,BERTweet_base_transformers_CONTEXT,debate08
90.8,89.38,Reg_Logistica,BERTweet_base_transformers_CONTEXT,VADER
81.08,72.66,Random_Forest,BERTweet_base_transformers_CONTEXT,VADER
90.56,89.28,SVM,BERTweet_base_transformers_CONTEXT,VADER
90.61,88.97,MLPClassifier,BERTweet_base_transformers_CONTEXT,VADER
88.01,85.13,XGboost,BERTweet_base_transformers_CONTEXT,VADER
88.95,82.12,Reg_Logistica,BERTweet_base_transformers_CONTEXT,movie
82.17,45.93,Random_Forest,BERTweet_base_transformers_CONTEXT,movie
86.47,80.55,SVM,BERTweet_base_transformers_CONTEXT,movie
87.69,78.11,MLPClassifier,BERTweet_base_transformers_CONTEXT,movie
87.88,72.09,XGboost,BERTweet_base_transformers_CONTEXT,movie
88.54,88.47,Reg_Logistica,BERTweet_base_transformers_CONTEXT,SemEval18
83.76,83.42,Random_Forest,BERTweet_base_transformers_CONTEXT,SemEval18
88.97,88.87,SVM,BERTweet_base_transformers_CONTEXT,SemEval18
88.65,88.57,MLPClassifier,BERTweet_base_transformers_CONTEXT,SemEval18
86.12,85.98,XGboost,BERTweet_base_transformers_CONTEXT,SemEval18
