Data_Set,accuracy,f1_macro,Classifier_Model,Embedding
HCR,81.55,78.02,Reg_Logistica,BERTweet-5K
Narr-KDML-2012,96.82,96.7,Reg_Logistica,BERTweet-5K
STS-gold,94.94,94.12,Reg_Logistica,BERTweet-5K
SemEval13,90.7,88.59,Reg_Logistica,BERTweet-5K
SemEval15-Task11,93.14,84.98,Reg_Logistica,BERTweet-5K
SemEval16,91.63,89.75,Reg_Logistica,BERTweet-5K
SemEval17-test,92.89,92.43,Reg_Logistica,BERTweet-5K
SemEval18,89.19,89.11,Reg_Logistica,BERTweet-5K
SentiStrength,88.38,88.05,Reg_Logistica,BERTweet-5K
Target-dependent,85.84,85.83,Reg_Logistica,BERTweet-5K
VADER,92.61,91.43,Reg_Logistica,BERTweet-5K
archeage,91.56,91.38,Reg_Logistica,BERTweet-5K
debate08,88.56,87.76,Reg_Logistica,BERTweet-5K
hobbit,89.26,87.65,Reg_Logistica,BERTweet-5K
iphone,87.22,84.91,Reg_Logistica,BERTweet-5K
irony,75.24,67.29,Reg_Logistica,BERTweet-5K
movie,90.37,84.35,Reg_Logistica,BERTweet-5K
ntua,91.39,91.2,Reg_Logistica,BERTweet-5K
person,88.6,86.51,Reg_Logistica,BERTweet-5K
sanders,91.17,91.12,Reg_Logistica,BERTweet-5K
sarcasm,70.36,69.42,Reg_Logistica,BERTweet-5K
sentiment140,91.65,91.63,Reg_Logistica,BERTweet-5K
HCR,81.91,77.33,MLPClassifier,BERTweet-5K
Narr-KDML-2012,96.66,96.52,MLPClassifier,BERTweet-5K
STS-gold,94.92,94.05,MLPClassifier,BERTweet-5K
SemEval13,90.12,87.47,MLPClassifier,BERTweet-5K
SemEval15-Task11,92.01,81.45,MLPClassifier,BERTweet-5K
SemEval16,91.16,88.85,MLPClassifier,BERTweet-5K
SemEval17-test,92.82,92.31,MLPClassifier,BERTweet-5K
SemEval18,89.13,89.06,MLPClassifier,BERTweet-5K
SentiStrength,87.51,87.11,MLPClassifier,BERTweet-5K
Target-dependent,85.92,85.91,MLPClassifier,BERTweet-5K
VADER,92.32,90.98,MLPClassifier,BERTweet-5K
archeage,91.46,91.26,MLPClassifier,BERTweet-5K
debate08,88.29,87.32,MLPClassifier,BERTweet-5K
hobbit,88.62,86.83,MLPClassifier,BERTweet-5K
iphone,87.35,84.84,MLPClassifier,BERTweet-5K
irony,75.64,66.75,MLPClassifier,BERTweet-5K
movie,90.07,82.29,MLPClassifier,BERTweet-5K
ntua,91.99,91.81,MLPClassifier,BERTweet-5K
person,87.85,84.88,MLPClassifier,BERTweet-5K
sanders,91.61,91.55,MLPClassifier,BERTweet-5K
sarcasm,72.32,71.34,MLPClassifier,BERTweet-5K
sentiment140,90.72,90.69,MLPClassifier,BERTweet-5K
HCR,81.66,74.28,XGboost,BERTweet-5K
Narr-KDML-2012,93.81,93.48,XGboost,BERTweet-5K
STS-gold,92.38,90.85,XGboost,BERTweet-5K
SemEval13,88.99,85.43,XGboost,BERTweet-5K
SemEval15-Task11,90.64,73.8,XGboost,BERTweet-5K
SemEval16,91.11,88.43,XGboost,BERTweet-5K
SemEval17-test,92.37,91.79,XGboost,BERTweet-5K
SemEval18,88.38,88.26,XGboost,BERTweet-5K
SentiStrength,86.94,86.41,XGboost,BERTweet-5K
Target-dependent,85.81,85.8,XGboost,BERTweet-5K
VADER,90.37,88.26,XGboost,BERTweet-5K
archeage,91.79,91.59,XGboost,BERTweet-5K
debate08,86.99,85.56,XGboost,BERTweet-5K
hobbit,84.48,81.24,XGboost,BERTweet-5K
iphone,87.21,84.28,XGboost,BERTweet-5K
irony,68.57,53.1,XGboost,BERTweet-5K
movie,88.59,76.03,XGboost,BERTweet-5K
ntua,85.62,85.29,XGboost,BERTweet-5K
person,83.14,77.92,XGboost,BERTweet-5K
sanders,90.61,90.55,XGboost,BERTweet-5K
sarcasm,60.71,59.51,XGboost,BERTweet-5K
sentiment140,86.91,86.81,XGboost,BERTweet-5K
HCR,81.23,78.01,SVM,BERTweet-5K
Narr-KDML-2012,96.58,96.45,SVM,BERTweet-5K
STS-gold,95.08,94.36,SVM,BERTweet-5K
SemEval13,90.25,88.34,SVM,BERTweet-5K
SemEval15-Task11,90.04,79.65,SVM,BERTweet-5K
SemEval16,91.98,90.3,SVM,BERTweet-5K
SemEval17-test,93.35,92.92,SVM,BERTweet-5K
SemEval18,90.26,90.18,SVM,BERTweet-5K
SentiStrength,88.73,88.49,SVM,BERTweet-5K
Target-dependent,87.68,87.68,SVM,BERTweet-5K
VADER,92.56,91.5,SVM,BERTweet-5K
archeage,90.63,90.46,SVM,BERTweet-5K
debate08,88.99,88.17,SVM,BERTweet-5K
hobbit,86.78,85.3,SVM,BERTweet-5K
iphone,83.47,81.7,SVM,BERTweet-5K
irony,71.19,60.98,SVM,BERTweet-5K
movie,88.6,83.35,SVM,BERTweet-5K
ntua,91.03,90.85,SVM,BERTweet-5K
person,85.64,83.63,SVM,BERTweet-5K
sanders,91.42,91.35,SVM,BERTweet-5K
sarcasm,67.68,65.46,SVM,BERTweet-5K
sentiment140,93.04,93.02,SVM,BERTweet-5K
HCR,77.34,61.11,Random_Forest,BERTweet-5K
Narr-KDML-2012,92.77,92.35,Random_Forest,BERTweet-5K
STS-gold,86.89,82.6,Random_Forest,BERTweet-5K
SemEval13,83.0,73.74,Random_Forest,BERTweet-5K
SemEval15-Task11,86.71,53.47,Random_Forest,BERTweet-5K
SemEval16,86.35,80.35,Random_Forest,BERTweet-5K
SemEval17-test,89.8,88.83,Random_Forest,BERTweet-5K
SemEval18,87.32,87.1,Random_Forest,BERTweet-5K
SentiStrength,83.86,82.85,Random_Forest,BERTweet-5K
Target-dependent,84.0,83.99,Random_Forest,BERTweet-5K
VADER,85.01,79.67,Random_Forest,BERTweet-5K
archeage,90.26,89.92,Random_Forest,BERTweet-5K
debate08,82.42,79.29,Random_Forest,BERTweet-5K
hobbit,81.24,74.23,Random_Forest,BERTweet-5K
iphone,83.33,77.22,Random_Forest,BERTweet-5K
irony,67.14,41.68,Random_Forest,BERTweet-5K
movie,82.89,49.66,Random_Forest,BERTweet-5K
ntua,87.79,87.08,Random_Forest,BERTweet-5K
person,81.17,71.54,Random_Forest,BERTweet-5K
sanders,88.97,88.85,Random_Forest,BERTweet-5K
sarcasm,69.88,67.19,Random_Forest,BERTweet-5K
sentiment140,89.98,89.96,Random_Forest,BERTweet-5K
