accuracy,f1_macro,Classifier_Model,Embedding,Data_Set
76.367,75.63,Reg_Logistica,./Seed/BERTweet-5-12-LM_CONTEXT,sarcasm
73.633,71.22,Random_Forest,./Seed/BERTweet-5-12-LM_CONTEXT,sarcasm
74.697,73.137,SVM,./Seed/BERTweet-5-12-LM_CONTEXT,sarcasm
77.13,76.29,MLPClassifier,./Seed/BERTweet-5-12-LM_CONTEXT,sarcasm
69.453,68.477,XGboost,./Seed/BERTweet-5-12-LM_CONTEXT,sarcasm
91.567,90.407,Reg_Logistica,./Seed/BERTweet-5-12-LM_CONTEXT,VADER
85.257,80.267,Random_Forest,./Seed/BERTweet-5-12-LM_CONTEXT,VADER
91.28,90.23,SVM,./Seed/BERTweet-5-12-LM_CONTEXT,VADER
91.49,90.087,MLPClassifier,./Seed/BERTweet-5-12-LM_CONTEXT,VADER
88.327,86.327,XGboost,./Seed/BERTweet-5-12-LM_CONTEXT,VADER
81.797,77.273,Reg_Logistica,./Seed/BERTweet-5-12-LM_CONTEXT,HCR
74.687,57.057,Random_Forest,./Seed/BERTweet-5-12-LM_CONTEXT,HCR
79.353,74.207,SVM,./Seed/BERTweet-5-12-LM_CONTEXT,HCR
81.52,75.62,MLPClassifier,./Seed/BERTweet-5-12-LM_CONTEXT,HCR
77.79,68.433,XGboost,./Seed/BERTweet-5-12-LM_CONTEXT,HCR
87.417,86.617,Reg_Logistica,./Seed/BERTweet-5-12-LM_CONTEXT,iphone
84.583,82.393,Random_Forest,./Seed/BERTweet-5-12-LM_CONTEXT,iphone
87.137,86.52,SVM,./Seed/BERTweet-5-12-LM_CONTEXT,iphone
87.357,86.503,MLPClassifier,./Seed/BERTweet-5-12-LM_CONTEXT,iphone
87.133,86.113,XGboost,./Seed/BERTweet-5-12-LM_CONTEXT,iphone
92.027,91.017,Reg_Logistica,./Seed/BERTweet-5-12-LM_CONTEXT,SemEval13
85.85,81.45,Random_Forest,./Seed/BERTweet-5-12-LM_CONTEXT,SemEval13
91.94,90.987,SVM,./Seed/BERTweet-5-12-LM_CONTEXT,SemEval13
91.757,90.56,MLPClassifier,./Seed/BERTweet-5-12-LM_CONTEXT,SemEval13
89.93,88.157,XGboost,./Seed/BERTweet-5-12-LM_CONTEXT,SemEval13
89.347,87.98,Reg_Logistica,./Seed/BERTweet-5-12-LM_CONTEXT,archeage
85.35,80.967,Random_Forest,./Seed/BERTweet-5-12-LM_CONTEXT,archeage
86.96,85.82,SVM,./Seed/BERTweet-5-12-LM_CONTEXT,archeage
89.093,87.557,MLPClassifier,./Seed/BERTweet-5-12-LM_CONTEXT,archeage
87.827,85.703,XGboost,./Seed/BERTweet-5-12-LM_CONTEXT,archeage
85.857,81.877,Reg_Logistica,./Seed/BERTweet-5-12-LM_CONTEXT,irony
79.033,65.673,Random_Forest,./Seed/BERTweet-5-12-LM_CONTEXT,irony
84.473,79.873,SVM,./Seed/BERTweet-5-12-LM_CONTEXT,irony
85.907,81.46,MLPClassifier,./Seed/BERTweet-5-12-LM_CONTEXT,irony
82.89,75.653,XGboost,./Seed/BERTweet-5-12-LM_CONTEXT,irony
85.857,80.46,Reg_Logistica,./Seed/BERTweet-5-12-LM_CONTEXT,SemEval18
80.557,61.393,Random_Forest,./Seed/BERTweet-5-12-LM_CONTEXT,SemEval18
83.83,76.937,SVM,./Seed/BERTweet-5-12-LM_CONTEXT,SemEval18
85.513,79.237,MLPClassifier,./Seed/BERTweet-5-12-LM_CONTEXT,SemEval18
82.53,71.72,XGboost,./Seed/BERTweet-5-12-LM_CONTEXT,SemEval18
90.817,88.63,Reg_Logistica,./Seed/BERTweet-5-12-LM_CONTEXT,movie
86.767,75.757,Random_Forest,./Seed/BERTweet-5-12-LM_CONTEXT,movie
90.737,88.817,SVM,./Seed/BERTweet-5-12-LM_CONTEXT,movie
90.51,87.583,MLPClassifier,./Seed/BERTweet-5-12-LM_CONTEXT,movie
89.78,85.36,XGboost,./Seed/BERTweet-5-12-LM_CONTEXT,movie
90.943,90.62,Reg_Logistica,./Seed/BERTweet-5-12-LM_CONTEXT,SemEval17-test
87.98,87.197,Random_Forest,./Seed/BERTweet-5-12-LM_CONTEXT,SemEval17-test
90.903,90.623,SVM,./Seed/BERTweet-5-12-LM_CONTEXT,SemEval17-test
90.677,90.317,MLPClassifier,./Seed/BERTweet-5-12-LM_CONTEXT,SemEval17-test
90.367,89.93,XGboost,./Seed/BERTweet-5-12-LM_CONTEXT,SemEval17-test
90.313,89.583,Reg_Logistica,./Seed/BERTweet-5-12-LM_CONTEXT,sanders
86.57,83.57,Random_Forest,./Seed/BERTweet-5-12-LM_CONTEXT,sanders
89.493,88.777,SVM,./Seed/BERTweet-5-12-LM_CONTEXT,sanders
90.413,89.383,MLPClassifier,./Seed/BERTweet-5-12-LM_CONTEXT,sanders
88.12,86.34,XGboost,./Seed/BERTweet-5-12-LM_CONTEXT,sanders
91.153,89.807,Reg_Logistica,./Seed/BERTweet-5-12-LM_CONTEXT,hobbit
82.893,76.72,Random_Forest,./Seed/BERTweet-5-12-LM_CONTEXT,hobbit
89.547,88.32,SVM,./Seed/BERTweet-5-12-LM_CONTEXT,hobbit
90.653,89.17,MLPClassifier,./Seed/BERTweet-5-12-LM_CONTEXT,hobbit
87.113,84.443,XGboost,./Seed/BERTweet-5-12-LM_CONTEXT,hobbit
92.06,89.27,Reg_Logistica,./Seed/BERTweet-5-12-LM_CONTEXT,sentiment140
89.013,77.54,Random_Forest,./Seed/BERTweet-5-12-LM_CONTEXT,sentiment140
91.37,87.84,SVM,./Seed/BERTweet-5-12-LM_CONTEXT,sentiment140
91.323,87.737,MLPClassifier,./Seed/BERTweet-5-12-LM_CONTEXT,sentiment140
87.723,81.967,XGboost,./Seed/BERTweet-5-12-LM_CONTEXT,sentiment140
91.53,88.39,Reg_Logistica,./Seed/BERTweet-5-12-LM_CONTEXT,SemEval15-Task11
86.377,73.8,Random_Forest,./Seed/BERTweet-5-12-LM_CONTEXT,SemEval15-Task11
90.793,86.913,SVM,./Seed/BERTweet-5-12-LM_CONTEXT,SemEval15-Task11
91.067,87.08,MLPClassifier,./Seed/BERTweet-5-12-LM_CONTEXT,SemEval15-Task11
90.0,83.717,XGboost,./Seed/BERTweet-5-12-LM_CONTEXT,SemEval15-Task11
90.42,89.68,Reg_Logistica,./Seed/BERTweet-5-12-LM_CONTEXT,person
86.153,82.72,Random_Forest,./Seed/BERTweet-5-12-LM_CONTEXT,person
89.967,89.253,SVM,./Seed/BERTweet-5-12-LM_CONTEXT,person
90.147,89.097,MLPClassifier,./Seed/BERTweet-5-12-LM_CONTEXT,person
87.587,85.733,XGboost,./Seed/BERTweet-5-12-LM_CONTEXT,person
91.373,91.233,Reg_Logistica,./Seed/BERTweet-5-12-LM_CONTEXT,ntua
88.57,88.163,Random_Forest,./Seed/BERTweet-5-12-LM_CONTEXT,ntua
91.027,90.887,SVM,./Seed/BERTweet-5-12-LM_CONTEXT,ntua
91.547,91.397,MLPClassifier,./Seed/BERTweet-5-12-LM_CONTEXT,ntua
89.34,89.143,XGboost,./Seed/BERTweet-5-12-LM_CONTEXT,ntua
87.187,85.273,Reg_Logistica,./Seed/BERTweet-5-12-LM_CONTEXT,SentiStrength
82.657,74.857,Random_Forest,./Seed/BERTweet-5-12-LM_CONTEXT,SentiStrength
87.313,85.6,SVM,./Seed/BERTweet-5-12-LM_CONTEXT,SentiStrength
86.883,84.333,MLPClassifier,./Seed/BERTweet-5-12-LM_CONTEXT,SentiStrength
86.57,83.04,XGboost,./Seed/BERTweet-5-12-LM_CONTEXT,SentiStrength
88.237,87.457,Reg_Logistica,./Seed/BERTweet-5-12-LM_CONTEXT,Target-dependent
85.663,83.723,Random_Forest,./Seed/BERTweet-5-12-LM_CONTEXT,Target-dependent
88.063,87.467,SVM,./Seed/BERTweet-5-12-LM_CONTEXT,Target-dependent
88.253,87.42,MLPClassifier,./Seed/BERTweet-5-12-LM_CONTEXT,Target-dependent
86.643,85.63,XGboost,./Seed/BERTweet-5-12-LM_CONTEXT,Target-dependent
80.157,78.4,Reg_Logistica,./Seed/BERTweet-5-12-LM_CONTEXT,debate08
77.193,70.16,Random_Forest,./Seed/BERTweet-5-12-LM_CONTEXT,debate08
79.3,77.213,SVM,./Seed/BERTweet-5-12-LM_CONTEXT,debate08
81.177,79.137,MLPClassifier,./Seed/BERTweet-5-12-LM_CONTEXT,debate08
76.453,73.117,XGboost,./Seed/BERTweet-5-12-LM_CONTEXT,debate08
93.693,93.253,Reg_Logistica,./Seed/BERTweet-5-12-LM_CONTEXT,Narr-KDML-2012
89.267,87.273,Random_Forest,./Seed/BERTweet-5-12-LM_CONTEXT,Narr-KDML-2012
94.06,93.657,SVM,./Seed/BERTweet-5-12-LM_CONTEXT,Narr-KDML-2012
93.37,92.88,MLPClassifier,./Seed/BERTweet-5-12-LM_CONTEXT,Narr-KDML-2012
90.363,89.517,XGboost,./Seed/BERTweet-5-12-LM_CONTEXT,Narr-KDML-2012
92.64,89.967,Reg_Logistica,./Seed/BERTweet-5-12-LM_CONTEXT,STS-gold
84.833,70.5,Random_Forest,./Seed/BERTweet-5-12-LM_CONTEXT,STS-gold
92.08,89.737,SVM,./Seed/BERTweet-5-12-LM_CONTEXT,STS-gold
92.54,89.283,MLPClassifier,./Seed/BERTweet-5-12-LM_CONTEXT,STS-gold
90.447,85.047,XGboost,./Seed/BERTweet-5-12-LM_CONTEXT,STS-gold
92.313,89.407,Reg_Logistica,./Seed/BERTweet-5-12-LM_CONTEXT,SemEval16
85.243,70.27,Random_Forest,./Seed/BERTweet-5-12-LM_CONTEXT,SemEval16
91.887,89.337,SVM,./Seed/BERTweet-5-12-LM_CONTEXT,SemEval16
92.047,88.463,MLPClassifier,./Seed/BERTweet-5-12-LM_CONTEXT,SemEval16
90.693,85.103,XGboost,./Seed/BERTweet-5-12-LM_CONTEXT,SemEval16
