accuracy,f1_macro,Classifier_Model,Embedding,Data_Set
81.25,78.65,Reg_Logistica,Bert: ./Seed/BERT-500-12-LM / CONTEXT_CONCAT,SentiStrength
78.673,69.41,Random_Forest,Bert: ./Seed/BERT-500-12-LM / CONTEXT_CONCAT,SentiStrength
81.33,79.383,SVM,Bert: ./Seed/BERT-500-12-LM / CONTEXT_CONCAT,SentiStrength
81.853,78.647,MLPClassifier,Bert: ./Seed/BERT-500-12-LM / CONTEXT_CONCAT,SentiStrength
82.233,77.583,XGboost,Bert: ./Seed/BERT-500-12-LM / CONTEXT_CONCAT,SentiStrength
80.707,79.407,Reg_Logistica,Bert: ./Seed/BERT-500-12-LM / CONTEXT_CONCAT,iphone
79.523,76.45,Random_Forest,Bert: ./Seed/BERT-500-12-LM / CONTEXT_CONCAT,iphone
80.383,78.953,SVM,Bert: ./Seed/BERT-500-12-LM / CONTEXT_CONCAT,iphone
82.137,80.807,MLPClassifier,Bert: ./Seed/BERT-500-12-LM / CONTEXT_CONCAT,iphone
77.357,75.307,XGboost,Bert: ./Seed/BERT-500-12-LM / CONTEXT_CONCAT,iphone
87.733,87.477,Reg_Logistica,Bert: ./Seed/BERT-500-12-LM / CONTEXT_CONCAT,SemEval18
84.873,84.197,Random_Forest,Bert: ./Seed/BERT-500-12-LM / CONTEXT_CONCAT,SemEval18
88.433,88.187,SVM,Bert: ./Seed/BERT-500-12-LM / CONTEXT_CONCAT,SemEval18
87.21,86.903,MLPClassifier,Bert: ./Seed/BERT-500-12-LM / CONTEXT_CONCAT,SemEval18
85.243,84.837,XGboost,Bert: ./Seed/BERT-500-12-LM / CONTEXT_CONCAT,SemEval18
80.027,78.813,Reg_Logistica,Bert: ./Seed/BERT-500-12-LM / CONTEXT_CONCAT,sarcasm
79.72,76.083,Random_Forest,Bert: ./Seed/BERT-500-12-LM / CONTEXT_CONCAT,sarcasm
81.447,79.947,SVM,Bert: ./Seed/BERT-500-12-LM / CONTEXT_CONCAT,sarcasm
81.16,79.69,MLPClassifier,Bert: ./Seed/BERT-500-12-LM / CONTEXT_CONCAT,sarcasm
76.39,74.647,XGboost,Bert: ./Seed/BERT-500-12-LM / CONTEXT_CONCAT,sarcasm
88.697,87.987,Reg_Logistica,Bert: ./Seed/BERT-500-12-LM / CONTEXT_CONCAT,Narr-KDML-2012
84.507,82.073,Random_Forest,Bert: ./Seed/BERT-500-12-LM / CONTEXT_CONCAT,Narr-KDML-2012
89.953,89.397,SVM,Bert: ./Seed/BERT-500-12-LM / CONTEXT_CONCAT,Narr-KDML-2012
89.5,88.77,MLPClassifier,Bert: ./Seed/BERT-500-12-LM / CONTEXT_CONCAT,Narr-KDML-2012
87.573,86.423,XGboost,Bert: ./Seed/BERT-500-12-LM / CONTEXT_CONCAT,Narr-KDML-2012
87.04,84.52,Reg_Logistica,Bert: ./Seed/BERT-500-12-LM / CONTEXT_CONCAT,VADER
81.667,72.02,Random_Forest,Bert: ./Seed/BERT-500-12-LM / CONTEXT_CONCAT,VADER
86.373,84.493,SVM,Bert: ./Seed/BERT-500-12-LM / CONTEXT_CONCAT,VADER
87.317,84.283,MLPClassifier,Bert: ./Seed/BERT-500-12-LM / CONTEXT_CONCAT,VADER
85.337,80.843,XGboost,Bert: ./Seed/BERT-500-12-LM / CONTEXT_CONCAT,VADER
89.607,88.413,Reg_Logistica,Bert: ./Seed/BERT-500-12-LM / CONTEXT_CONCAT,SemEval17-test
84.107,79.58,Random_Forest,Bert: ./Seed/BERT-500-12-LM / CONTEXT_CONCAT,SemEval17-test
88.71,87.683,SVM,Bert: ./Seed/BERT-500-12-LM / CONTEXT_CONCAT,SemEval17-test
89.943,88.68,MLPClassifier,Bert: ./Seed/BERT-500-12-LM / CONTEXT_CONCAT,SemEval17-test
87.367,85.227,XGboost,Bert: ./Seed/BERT-500-12-LM / CONTEXT_CONCAT,SemEval17-test
83.25,81.353,Reg_Logistica,Bert: ./Seed/BERT-500-12-LM / CONTEXT_CONCAT,sentiment140
80.297,72.657,Random_Forest,Bert: ./Seed/BERT-500-12-LM / CONTEXT_CONCAT,sentiment140
83.707,82.103,SVM,Bert: ./Seed/BERT-500-12-LM / CONTEXT_CONCAT,sentiment140
84.39,81.863,MLPClassifier,Bert: ./Seed/BERT-500-12-LM / CONTEXT_CONCAT,sentiment140
82.26,78.7,XGboost,Bert: ./Seed/BERT-500-12-LM / CONTEXT_CONCAT,sentiment140
89.787,88.55,Reg_Logistica,Bert: ./Seed/BERT-500-12-LM / CONTEXT_CONCAT,SemEval13
86.46,82.597,Random_Forest,Bert: ./Seed/BERT-500-12-LM / CONTEXT_CONCAT,SemEval13
89.75,88.703,SVM,Bert: ./Seed/BERT-500-12-LM / CONTEXT_CONCAT,SemEval13
89.737,88.393,MLPClassifier,Bert: ./Seed/BERT-500-12-LM / CONTEXT_CONCAT,SemEval13
88.633,86.74,XGboost,Bert: ./Seed/BERT-500-12-LM / CONTEXT_CONCAT,SemEval13
89.153,87.937,Reg_Logistica,Bert: ./Seed/BERT-500-12-LM / CONTEXT_CONCAT,archeage
85.31,81.4,Random_Forest,Bert: ./Seed/BERT-500-12-LM / CONTEXT_CONCAT,archeage
89.533,88.537,SVM,Bert: ./Seed/BERT-500-12-LM / CONTEXT_CONCAT,archeage
89.653,88.347,MLPClassifier,Bert: ./Seed/BERT-500-12-LM / CONTEXT_CONCAT,archeage
88.657,86.82,XGboost,Bert: ./Seed/BERT-500-12-LM / CONTEXT_CONCAT,archeage
89.78,86.03,Reg_Logistica,Bert: ./Seed/BERT-500-12-LM / CONTEXT_CONCAT,ntua
85.713,72.4,Random_Forest,Bert: ./Seed/BERT-500-12-LM / CONTEXT_CONCAT,ntua
88.773,84.457,SVM,Bert: ./Seed/BERT-500-12-LM / CONTEXT_CONCAT,ntua
89.837,85.317,MLPClassifier,Bert: ./Seed/BERT-500-12-LM / CONTEXT_CONCAT,ntua
87.71,79.127,XGboost,Bert: ./Seed/BERT-500-12-LM / CONTEXT_CONCAT,ntua
89.38,87.94,Reg_Logistica,Bert: ./Seed/BERT-500-12-LM / CONTEXT_CONCAT,STS-gold
84.6,79.837,Random_Forest,Bert: ./Seed/BERT-500-12-LM / CONTEXT_CONCAT,STS-gold
88.757,87.703,SVM,Bert: ./Seed/BERT-500-12-LM / CONTEXT_CONCAT,STS-gold
89.713,88.007,MLPClassifier,Bert: ./Seed/BERT-500-12-LM / CONTEXT_CONCAT,STS-gold
88.197,85.757,XGboost,Bert: ./Seed/BERT-500-12-LM / CONTEXT_CONCAT,STS-gold
83.71,82.31,Reg_Logistica,Bert: ./Seed/BERT-500-12-LM / CONTEXT_CONCAT,debate08
79.043,72.277,Random_Forest,Bert: ./Seed/BERT-500-12-LM / CONTEXT_CONCAT,debate08
83.95,82.933,SVM,Bert: ./Seed/BERT-500-12-LM / CONTEXT_CONCAT,debate08
83.827,82.04,MLPClassifier,Bert: ./Seed/BERT-500-12-LM / CONTEXT_CONCAT,debate08
82.34,79.4,XGboost,Bert: ./Seed/BERT-500-12-LM / CONTEXT_CONCAT,debate08
87.403,82.267,Reg_Logistica,Bert: ./Seed/BERT-500-12-LM / CONTEXT_CONCAT,movie
78.993,58.12,Random_Forest,Bert: ./Seed/BERT-500-12-LM / CONTEXT_CONCAT,movie
79.093,75.647,SVM,Bert: ./Seed/BERT-500-12-LM / CONTEXT_CONCAT,movie
86.04,80.153,MLPClassifier,Bert: ./Seed/BERT-500-12-LM / CONTEXT_CONCAT,movie
80.107,68.89,XGboost,Bert: ./Seed/BERT-500-12-LM / CONTEXT_CONCAT,movie
85.833,83.713,Reg_Logistica,Bert: ./Seed/BERT-500-12-LM / CONTEXT_CONCAT,irony
79.18,70.13,Random_Forest,Bert: ./Seed/BERT-500-12-LM / CONTEXT_CONCAT,irony
79.257,78.09,SVM,Bert: ./Seed/BERT-500-12-LM / CONTEXT_CONCAT,irony
84.107,81.44,MLPClassifier,Bert: ./Seed/BERT-500-12-LM / CONTEXT_CONCAT,irony
79.827,74.913,XGboost,Bert: ./Seed/BERT-500-12-LM / CONTEXT_CONCAT,irony
86.927,83.34,Reg_Logistica,Bert: ./Seed/BERT-500-12-LM / CONTEXT_CONCAT,hobbit
81.907,68.103,Random_Forest,Bert: ./Seed/BERT-500-12-LM / CONTEXT_CONCAT,hobbit
84.6,81.797,SVM,Bert: ./Seed/BERT-500-12-LM / CONTEXT_CONCAT,hobbit
87.953,84.117,MLPClassifier,Bert: ./Seed/BERT-500-12-LM / CONTEXT_CONCAT,hobbit
84.413,77.007,XGboost,Bert: ./Seed/BERT-500-12-LM / CONTEXT_CONCAT,hobbit
87.737,87.65,Reg_Logistica,Bert: ./Seed/BERT-500-12-LM / CONTEXT_CONCAT,Target-dependent
84.993,84.817,Random_Forest,Bert: ./Seed/BERT-500-12-LM / CONTEXT_CONCAT,Target-dependent
88.693,88.603,SVM,Bert: ./Seed/BERT-500-12-LM / CONTEXT_CONCAT,Target-dependent
87.753,87.673,MLPClassifier,Bert: ./Seed/BERT-500-12-LM / CONTEXT_CONCAT,Target-dependent
85.63,85.503,XGboost,Bert: ./Seed/BERT-500-12-LM / CONTEXT_CONCAT,Target-dependent
83.417,78.793,Reg_Logistica,Bert: ./Seed/BERT-500-12-LM / CONTEXT_CONCAT,HCR
80.09,61.513,Random_Forest,Bert: ./Seed/BERT-500-12-LM / CONTEXT_CONCAT,HCR
82.687,79.097,SVM,Bert: ./Seed/BERT-500-12-LM / CONTEXT_CONCAT,HCR
83.917,78.567,MLPClassifier,Bert: ./Seed/BERT-500-12-LM / CONTEXT_CONCAT,HCR
83.03,73.753,XGboost,Bert: ./Seed/BERT-500-12-LM / CONTEXT_CONCAT,HCR
84.583,83.223,Reg_Logistica,Bert: ./Seed/BERT-500-12-LM / CONTEXT_CONCAT,SemEval16
80.957,76.54,Random_Forest,Bert: ./Seed/BERT-500-12-LM / CONTEXT_CONCAT,SemEval16
85.977,84.803,SVM,Bert: ./Seed/BERT-500-12-LM / CONTEXT_CONCAT,SemEval16
85.45,83.817,MLPClassifier,Bert: ./Seed/BERT-500-12-LM / CONTEXT_CONCAT,SemEval16
84.75,82.613,XGboost,Bert: ./Seed/BERT-500-12-LM / CONTEXT_CONCAT,SemEval16
84.753,81.15,Reg_Logistica,Bert: ./Seed/BERT-500-12-LM / CONTEXT_CONCAT,person
74.81,58.417,Random_Forest,Bert: ./Seed/BERT-500-12-LM / CONTEXT_CONCAT,person
75.41,73.2,SVM,Bert: ./Seed/BERT-500-12-LM / CONTEXT_CONCAT,person
84.707,80.19,MLPClassifier,Bert: ./Seed/BERT-500-12-LM / CONTEXT_CONCAT,person
75.973,67.83,XGboost,Bert: ./Seed/BERT-500-12-LM / CONTEXT_CONCAT,person
88.627,83.05,Reg_Logistica,Bert: ./Seed/BERT-500-12-LM / CONTEXT_CONCAT,SemEval15-Task11
83.157,63.887,Random_Forest,Bert: ./Seed/BERT-500-12-LM / CONTEXT_CONCAT,SemEval15-Task11
87.063,81.25,SVM,Bert: ./Seed/BERT-500-12-LM / CONTEXT_CONCAT,SemEval15-Task11
88.757,82.177,MLPClassifier,Bert: ./Seed/BERT-500-12-LM / CONTEXT_CONCAT,SemEval15-Task11
87.013,75.573,XGboost,Bert: ./Seed/BERT-500-12-LM / CONTEXT_CONCAT,SemEval15-Task11
82.13,78.117,Reg_Logistica,Bert: ./Seed/BERT-500-12-LM / CONTEXT_CONCAT,sanders
79.333,65.777,Random_Forest,Bert: ./Seed/BERT-500-12-LM / CONTEXT_CONCAT,sanders
81.53,76.523,SVM,Bert: ./Seed/BERT-500-12-LM / CONTEXT_CONCAT,sanders
83.37,78.52,MLPClassifier,Bert: ./Seed/BERT-500-12-LM / CONTEXT_CONCAT,sanders
76.9,67.967,XGboost,Bert: ./Seed/BERT-500-12-LM / CONTEXT_CONCAT,sanders
