Data_Set,accuracy,f1_macro,Classifier_Model,Embedding
HCR,77.78,73.11,Reg_Logistica,BERT-500K
Narr-KDML-2012,93.32,93.05,Reg_Logistica,BERT-500K
STS-gold,90.81,89.42,Reg_Logistica,BERT-500K
SemEval13,87.6,84.72,Reg_Logistica,BERT-500K
SemEval15-Task11,90.68,79.71,Reg_Logistica,BERT-500K
SemEval16,87.84,85.2,Reg_Logistica,BERT-500K
SemEval17-test,89.7,89.07,Reg_Logistica,BERT-500K
SemEval18,85.48,85.39,Reg_Logistica,BERT-500K
SentiStrength,81.96,81.49,Reg_Logistica,BERT-500K
Target-dependent,83.13,83.12,Reg_Logistica,BERT-500K
VADER,89.23,87.53,Reg_Logistica,BERT-500K
archeage,89.0,88.75,Reg_Logistica,BERT-500K
debate08,83.95,82.98,Reg_Logistica,BERT-500K
hobbit,88.31,86.75,Reg_Logistica,BERT-500K
iphone,84.01,81.35,Reg_Logistica,BERT-500K
irony,81.9,75.87,Reg_Logistica,BERT-500K
movie,86.99,77.88,Reg_Logistica,BERT-500K
ntua,92.06,91.86,Reg_Logistica,BERT-500K
person,84.05,80.83,Reg_Logistica,BERT-500K
sanders,86.6,86.52,Reg_Logistica,BERT-500K
sarcasm,69.11,68.12,Reg_Logistica,BERT-500K
sentiment140,88.02,87.97,Reg_Logistica,BERT-500K
HCR,78.65,72.43,MLPClassifier,BERT-500K
Narr-KDML-2012,93.21,92.92,MLPClassifier,BERT-500K
STS-gold,91.71,90.29,MLPClassifier,BERT-500K
SemEval13,88.24,85.2,MLPClassifier,BERT-500K
SemEval15-Task11,89.94,76.34,MLPClassifier,BERT-500K
SemEval16,87.77,84.37,MLPClassifier,BERT-500K
SemEval17-test,89.55,88.81,MLPClassifier,BERT-500K
SemEval18,85.62,85.5,MLPClassifier,BERT-500K
SentiStrength,83.49,82.97,MLPClassifier,BERT-500K
Target-dependent,83.31,83.31,MLPClassifier,BERT-500K
VADER,89.78,87.98,MLPClassifier,BERT-500K
archeage,89.31,89.03,MLPClassifier,BERT-500K
debate08,85.66,84.52,MLPClassifier,BERT-500K
hobbit,89.08,87.44,MLPClassifier,BERT-500K
iphone,84.07,80.81,MLPClassifier,BERT-500K
irony,78.57,70.86,MLPClassifier,BERT-500K
movie,88.24,78.51,MLPClassifier,BERT-500K
ntua,92.06,91.86,MLPClassifier,BERT-500K
person,83.37,79.4,MLPClassifier,BERT-500K
sanders,86.74,86.66,MLPClassifier,BERT-500K
sarcasm,72.68,71.96,MLPClassifier,BERT-500K
sentiment140,87.28,87.22,MLPClassifier,BERT-500K
HCR,79.77,71.03,XGboost,BERT-500K
Narr-KDML-2012,90.71,90.29,XGboost,BERT-500K
STS-gold,89.48,87.12,XGboost,BERT-500K
SemEval13,86.91,82.43,XGboost,BERT-500K
SemEval15-Task11,87.22,61.86,XGboost,BERT-500K
SemEval16,87.98,84.08,XGboost,BERT-500K
SemEval17-test,88.7,87.77,XGboost,BERT-500K
SemEval18,83.76,83.57,XGboost,BERT-500K
SentiStrength,82.53,81.86,XGboost,BERT-500K
Target-dependent,83.33,83.32,XGboost,BERT-500K
VADER,88.08,85.47,XGboost,BERT-500K
archeage,89.81,89.52,XGboost,BERT-500K
debate08,83.74,81.9,XGboost,BERT-500K
hobbit,83.92,80.79,XGboost,BERT-500K
iphone,84.4,79.86,XGboost,BERT-500K
irony,64.05,49.72,XGboost,BERT-500K
movie,85.56,66.66,XGboost,BERT-500K
ntua,90.29,90.02,XGboost,BERT-500K
person,79.95,72.98,XGboost,BERT-500K
sanders,85.62,85.5,XGboost,BERT-500K
sarcasm,57.86,56.54,XGboost,BERT-500K
sentiment140,83.27,83.17,XGboost,BERT-500K
HCR,77.98,74.23,SVM,BERT-500K
Narr-KDML-2012,92.83,92.59,SVM,BERT-500K
STS-gold,92.23,91.1,SVM,BERT-500K
SemEval13,86.98,84.6,SVM,BERT-500K
SemEval15-Task11,87.23,74.55,SVM,BERT-500K
SemEval16,88.29,86.07,SVM,BERT-500K
SemEval17-test,90.18,89.62,SVM,BERT-500K
SemEval18,86.82,86.7,SVM,BERT-500K
SentiStrength,84.8,84.5,SVM,BERT-500K
Target-dependent,85.69,85.68,SVM,BERT-500K
VADER,89.51,88.13,SVM,BERT-500K
archeage,89.58,89.35,SVM,BERT-500K
debate08,84.84,83.84,SVM,BERT-500K
hobbit,83.72,82.33,SVM,BERT-500K
iphone,81.21,79.42,SVM,BERT-500K
irony,61.19,57.99,SVM,BERT-500K
movie,83.26,76.36,SVM,BERT-500K
ntua,92.09,91.89,SVM,BERT-500K
person,81.32,79.28,SVM,BERT-500K
sanders,87.0,86.93,SVM,BERT-500K
sarcasm,70.36,68.09,SVM,BERT-500K
sentiment140,88.3,88.24,SVM,BERT-500K
HCR,75.91,57.08,Random_Forest,BERT-500K
Narr-KDML-2012,89.0,88.28,Random_Forest,BERT-500K
STS-gold,84.96,79.67,Random_Forest,BERT-500K
SemEval13,82.07,72.2,Random_Forest,BERT-500K
SemEval15-Task11,85.56,47.21,Random_Forest,BERT-500K
SemEval16,84.16,76.38,Random_Forest,BERT-500K
SemEval17-test,86.38,84.82,Random_Forest,BERT-500K
SemEval18,82.39,81.93,Random_Forest,BERT-500K
SentiStrength,79.35,78.18,Random_Forest,BERT-500K
Target-dependent,81.81,81.79,Random_Forest,BERT-500K
VADER,83.95,78.28,Random_Forest,BERT-500K
archeage,87.99,87.46,Random_Forest,BERT-500K
debate08,78.91,74.46,Random_Forest,BERT-500K
hobbit,81.42,75.01,Random_Forest,BERT-500K
iphone,80.81,73.22,Random_Forest,BERT-500K
irony,66.19,39.77,Random_Forest,BERT-500K
movie,82.36,46.94,Random_Forest,BERT-500K
ntua,88.84,88.43,Random_Forest,BERT-500K
person,76.46,60.55,Random_Forest,BERT-500K
sanders,83.41,83.2,Random_Forest,BERT-500K
sarcasm,70.36,67.88,Random_Forest,BERT-500K
sentiment140,85.62,85.57,Random_Forest,BERT-500K
