Model,Classifier,Metric,Std mean
BERT,Random_Forest,accuracy,0.42022727272727267
BERT,Reg_Logistic,accuracy,0.0
BERT,SVM,accuracy,0.0
BERT,XGboost,accuracy,0.0
BERT,MLPClassifier,accuracy,0.42672727272727273
RoBERTa,Random_Forest,accuracy,0.3816818181818182
RoBERTa,Reg_Logistic,accuracy,0.0
RoBERTa,SVM,accuracy,0.0
RoBERTa,XGboost,accuracy,0.0
RoBERTa,MLPClassifier,accuracy,0.2561363636363636
BERTweet,Random_Forest,accuracy,0.3554090909090909
BERTweet,Reg_Logistic,accuracy,0.018000000000000002
BERTweet,SVM,accuracy,0.012227272727272727
BERTweet,XGboost,accuracy,0.017772727272727273
BERTweet,MLPClassifier,accuracy,0.32763636363636367
BERT,Random_Forest,f1_macro,0.6124999999999999
BERT,Reg_Logistic,f1_macro,0.0
BERT,SVM,f1_macro,0.0
BERT,XGboost,f1_macro,0.0
BERT,MLPClassifier,f1_macro,0.5219545454545456
RoBERTa,Random_Forest,f1_macro,0.7029090909090908
RoBERTa,Reg_Logistic,f1_macro,0.0
RoBERTa,SVM,f1_macro,0.0
RoBERTa,XGboost,f1_macro,0.0
RoBERTa,MLPClassifier,f1_macro,0.32909090909090905
BERTweet,Random_Forest,f1_macro,0.6115454545454546
BERTweet,Reg_Logistic,f1_macro,0.024863636363636366
BERTweet,SVM,f1_macro,0.012863636363636362
BERTweet,XGboost,f1_macro,0.020136363636363636
BERTweet,MLPClassifier,f1_macro,0.3620454545454546
