Data_Set,accuracy,f1_macro,Classifier_Model,Embedding
HCR,80.24,76.07,Reg_Logistica,RoBERTa-05K
Narr-KDML-2012,93.48,93.22,Reg_Logistica,RoBERTa-05K
STS-gold,93.02,91.88,Reg_Logistica,RoBERTa-05K
SemEval13,88.94,86.38,Reg_Logistica,RoBERTa-05K
SemEval15-Task11,85.39,68.91,Reg_Logistica,RoBERTa-05K
SemEval16,89.74,87.49,Reg_Logistica,RoBERTa-05K
SemEval17-test,91.41,90.87,Reg_Logistica,RoBERTa-05K
SemEval18,87.58,87.51,Reg_Logistica,RoBERTa-05K
SentiStrength,84.75,84.38,Reg_Logistica,RoBERTa-05K
Target-dependent,84.02,84.01,Reg_Logistica,RoBERTa-05K
VADER,90.99,89.53,Reg_Logistica,RoBERTa-05K
archeage,90.57,90.37,Reg_Logistica,RoBERTa-05K
debate08,85.78,84.79,Reg_Logistica,RoBERTa-05K
hobbit,88.12,86.65,Reg_Logistica,RoBERTa-05K
iphone,86.28,83.85,Reg_Logistica,RoBERTa-05K
irony,73.81,66.95,Reg_Logistica,RoBERTa-05K
movie,89.47,82.27,Reg_Logistica,RoBERTa-05K
ntua,87.79,87.54,Reg_Logistica,RoBERTa-05K
person,84.29,81.02,Reg_Logistica,RoBERTa-05K
sanders,89.62,89.55,Reg_Logistica,RoBERTa-05K
sarcasm,67.5,66.7,Reg_Logistica,RoBERTa-05K
sentiment140,88.57,88.55,Reg_Logistica,RoBERTa-05K
HCR,79.99,75.14,MLPClassifier,RoBERTa-05K
Narr-KDML-2012,92.91,92.59,MLPClassifier,RoBERTa-05K
STS-gold,91.84,90.43,MLPClassifier,RoBERTa-05K
SemEval13,88.18,85.06,MLPClassifier,RoBERTa-05K
SemEval15-Task11,87.23,68.2,MLPClassifier,RoBERTa-05K
SemEval16,89.49,86.7,MLPClassifier,RoBERTa-05K
SemEval17-test,91.13,90.5,MLPClassifier,RoBERTa-05K
SemEval18,87.09,87.02,MLPClassifier,RoBERTa-05K
SentiStrength,85.06,84.63,MLPClassifier,RoBERTa-05K
Target-dependent,83.96,83.95,MLPClassifier,RoBERTa-05K
VADER,90.43,88.73,MLPClassifier,RoBERTa-05K
archeage,89.89,89.65,MLPClassifier,RoBERTa-05K
debate08,84.91,83.78,MLPClassifier,RoBERTa-05K
hobbit,88.76,87.04,MLPClassifier,RoBERTa-05K
iphone,87.9,85.26,MLPClassifier,RoBERTa-05K
irony,70.24,61.23,MLPClassifier,RoBERTa-05K
movie,88.64,78.97,MLPClassifier,RoBERTa-05K
ntua,88.6,88.26,MLPClassifier,RoBERTa-05K
person,84.96,81.15,MLPClassifier,RoBERTa-05K
sanders,89.3,89.22,MLPClassifier,RoBERTa-05K
sarcasm,67.98,66.38,MLPClassifier,RoBERTa-05K
sentiment140,88.48,88.44,MLPClassifier,RoBERTa-05K
HCR,80.03,71.23,XGboost,RoBERTa-05K
Narr-KDML-2012,90.06,89.57,XGboost,RoBERTa-05K
STS-gold,89.68,87.5,XGboost,RoBERTa-05K
SemEval13,86.64,82.03,XGboost,RoBERTa-05K
SemEval15-Task11,88.48,67.46,XGboost,RoBERTa-05K
SemEval16,88.84,85.29,XGboost,RoBERTa-05K
SemEval17-test,90.47,89.72,XGboost,RoBERTa-05K
SemEval18,85.58,85.46,XGboost,RoBERTa-05K
SentiStrength,84.01,83.38,XGboost,RoBERTa-05K
Target-dependent,83.85,83.84,XGboost,RoBERTa-05K
VADER,88.44,85.85,XGboost,RoBERTa-05K
archeage,89.81,89.53,XGboost,RoBERTa-05K
debate08,84.94,83.23,XGboost,RoBERTa-05K
hobbit,81.01,76.79,XGboost,RoBERTa-05K
iphone,81.96,77.2,XGboost,RoBERTa-05K
irony,69.29,54.77,XGboost,RoBERTa-05K
movie,85.03,64.06,XGboost,RoBERTa-05K
ntua,84.15,83.63,XGboost,RoBERTa-05K
person,80.17,72.78,XGboost,RoBERTa-05K
sanders,86.68,86.56,XGboost,RoBERTa-05K
sarcasm,55.89,53.42,XGboost,RoBERTa-05K
sentiment140,86.36,86.32,XGboost,RoBERTa-05K
HCR,76.52,73.02,SVM,RoBERTa-05K
Narr-KDML-2012,91.04,90.8,SVM,RoBERTa-05K
STS-gold,89.62,88.37,SVM,RoBERTa-05K
SemEval13,85.59,83.42,SVM,RoBERTa-05K
SemEval15-Task11,83.18,69.86,SVM,RoBERTa-05K
SemEval16,88.37,86.27,SVM,RoBERTa-05K
SemEval17-test,90.77,90.24,SVM,RoBERTa-05K
SemEval18,87.9,87.76,SVM,RoBERTa-05K
SentiStrength,84.67,84.43,SVM,RoBERTa-05K
Target-dependent,85.43,85.41,SVM,RoBERTa-05K
VADER,88.25,86.81,SVM,RoBERTa-05K
archeage,88.88,88.68,SVM,RoBERTa-05K
debate08,82.79,81.79,SVM,RoBERTa-05K
hobbit,73.76,72.9,SVM,RoBERTa-05K
iphone,78.41,77.11,SVM,RoBERTa-05K
irony,46.67,31.0,SVM,RoBERTa-05K
movie,71.14,65.1,SVM,RoBERTa-05K
ntua,81.69,81.4,SVM,RoBERTa-05K
person,69.92,68.73,SVM,RoBERTa-05K
sanders,84.39,84.25,SVM,RoBERTa-05K
sarcasm,60.71,48.82,SVM,RoBERTa-05K
sentiment140,85.23,85.2,SVM,RoBERTa-05K
HCR,75.1,54.58,Random_Forest,RoBERTa-05K
Narr-KDML-2012,86.96,85.93,Random_Forest,RoBERTa-05K
STS-gold,82.98,76.25,Random_Forest,RoBERTa-05K
SemEval13,81.1,69.59,Random_Forest,RoBERTa-05K
SemEval15-Task11,85.46,46.63,Random_Forest,RoBERTa-05K
SemEval16,84.65,77.21,Random_Forest,RoBERTa-05K
SemEval17-test,87.46,86.06,Random_Forest,RoBERTa-05K
SemEval18,85.17,84.9,Random_Forest,RoBERTa-05K
SentiStrength,80.73,79.41,Random_Forest,RoBERTa-05K
Target-dependent,82.59,82.58,Random_Forest,RoBERTa-05K
VADER,82.9,76.5,Random_Forest,RoBERTa-05K
archeage,88.09,87.6,Random_Forest,RoBERTa-05K
debate08,80.89,76.99,Random_Forest,RoBERTa-05K
hobbit,79.31,71.01,Random_Forest,RoBERTa-05K
iphone,81.25,73.53,Random_Forest,RoBERTa-05K
irony,67.7,42.94,Random_Forest,RoBERTa-05K
movie,82.24,46.27,Random_Forest,RoBERTa-05K
ntua,82.6,81.69,Random_Forest,RoBERTa-05K
person,75.92,59.21,Random_Forest,RoBERTa-05K
sanders,85.46,85.23,Random_Forest,RoBERTa-05K
sarcasm,64.58,60.06,Random_Forest,RoBERTa-05K
sentiment140,86.64,86.6,Random_Forest,RoBERTa-05K
