accuracy,f1_macro,Classifier_Model,Embedding,Data_Set
83.693,80.11,Reg_Logistica,Roberta: ./Seed/RoBERTa-05-12-LM / CONTEXT_CONCAT,irony
77.167,64.083,Random_Forest,Roberta: ./Seed/RoBERTa-05-12-LM / CONTEXT_CONCAT,irony
71.11,64.973,SVM,Roberta: ./Seed/RoBERTa-05-12-LM / CONTEXT_CONCAT,irony
82.503,78.097,MLPClassifier,Roberta: ./Seed/RoBERTa-05-12-LM / CONTEXT_CONCAT,irony
79.897,72.607,XGboost,Roberta: ./Seed/RoBERTa-05-12-LM / CONTEXT_CONCAT,irony
88.92,88.883,Reg_Logistica,Roberta: ./Seed/RoBERTa-05-12-LM / CONTEXT_CONCAT,sentiment140
86.367,86.25,Random_Forest,Roberta: ./Seed/RoBERTa-05-12-LM / CONTEXT_CONCAT,sentiment140
84.95,84.883,SVM,Roberta: ./Seed/RoBERTa-05-12-LM / CONTEXT_CONCAT,sentiment140
88.73,88.683,MLPClassifier,Roberta: ./Seed/RoBERTa-05-12-LM / CONTEXT_CONCAT,sentiment140
86.467,86.4,XGboost,Roberta: ./Seed/RoBERTa-05-12-LM / CONTEXT_CONCAT,sentiment140
89.447,88.877,Reg_Logistica,Roberta: ./Seed/RoBERTa-05-12-LM / CONTEXT_CONCAT,archeage
83.77,80.833,Random_Forest,Roberta: ./Seed/RoBERTa-05-12-LM / CONTEXT_CONCAT,archeage
87.723,87.16,SVM,Roberta: ./Seed/RoBERTa-05-12-LM / CONTEXT_CONCAT,archeage
88.813,88.11,MLPClassifier,Roberta: ./Seed/RoBERTa-05-12-LM / CONTEXT_CONCAT,archeage
87.833,86.803,XGboost,Roberta: ./Seed/RoBERTa-05-12-LM / CONTEXT_CONCAT,archeage
89.143,87.403,Reg_Logistica,Roberta: ./Seed/RoBERTa-05-12-LM / CONTEXT_CONCAT,iphone
84.083,78.34,Random_Forest,Roberta: ./Seed/RoBERTa-05-12-LM / CONTEXT_CONCAT,iphone
85.85,84.54,SVM,Roberta: ./Seed/RoBERTa-05-12-LM / CONTEXT_CONCAT,iphone
89.79,87.793,MLPClassifier,Roberta: ./Seed/RoBERTa-05-12-LM / CONTEXT_CONCAT,iphone
87.09,84.07,XGboost,Roberta: ./Seed/RoBERTa-05-12-LM / CONTEXT_CONCAT,iphone
91.223,91.047,Reg_Logistica,Roberta: ./Seed/RoBERTa-05-12-LM / CONTEXT_CONCAT,sanders
87.027,86.477,Random_Forest,Roberta: ./Seed/RoBERTa-05-12-LM / CONTEXT_CONCAT,sanders
88.103,87.91,SVM,Roberta: ./Seed/RoBERTa-05-12-LM / CONTEXT_CONCAT,sanders
90.527,90.303,MLPClassifier,Roberta: ./Seed/RoBERTa-05-12-LM / CONTEXT_CONCAT,sanders
88.85,88.553,XGboost,Roberta: ./Seed/RoBERTa-05-12-LM / CONTEXT_CONCAT,sanders
86.41,84.817,Reg_Logistica,Roberta: ./Seed/RoBERTa-05-12-LM / CONTEXT_CONCAT,SemEval18
82.477,75.103,Random_Forest,Roberta: ./Seed/RoBERTa-05-12-LM / CONTEXT_CONCAT,SemEval18
85.063,83.673,SVM,Roberta: ./Seed/RoBERTa-05-12-LM / CONTEXT_CONCAT,SemEval18
86.173,84.23,MLPClassifier,Roberta: ./Seed/RoBERTa-05-12-LM / CONTEXT_CONCAT,SemEval18
85.36,82.137,XGboost,Roberta: ./Seed/RoBERTa-05-12-LM / CONTEXT_CONCAT,SemEval18
88.93,85.757,Reg_Logistica,Roberta: ./Seed/RoBERTa-05-12-LM / CONTEXT_CONCAT,movie
83.837,68.917,Random_Forest,Roberta: ./Seed/RoBERTa-05-12-LM / CONTEXT_CONCAT,movie
82.47,79.71,SVM,Roberta: ./Seed/RoBERTa-05-12-LM / CONTEXT_CONCAT,movie
88.38,84.23,MLPClassifier,Roberta: ./Seed/RoBERTa-05-12-LM / CONTEXT_CONCAT,movie
86.483,78.27,XGboost,Roberta: ./Seed/RoBERTa-05-12-LM / CONTEXT_CONCAT,movie
84.367,81.88,Reg_Logistica,Roberta: ./Seed/RoBERTa-05-12-LM / CONTEXT_CONCAT,person
78.523,65.197,Random_Forest,Roberta: ./Seed/RoBERTa-05-12-LM / CONTEXT_CONCAT,person
77.223,75.65,SVM,Roberta: ./Seed/RoBERTa-05-12-LM / CONTEXT_CONCAT,person
83.96,81.233,MLPClassifier,Roberta: ./Seed/RoBERTa-05-12-LM / CONTEXT_CONCAT,person
82.187,76.777,XGboost,Roberta: ./Seed/RoBERTa-05-12-LM / CONTEXT_CONCAT,person
76.477,73.433,Reg_Logistica,Roberta: ./Seed/RoBERTa-05-12-LM / CONTEXT_CONCAT,sarcasm
67.527,54.803,Random_Forest,Roberta: ./Seed/RoBERTa-05-12-LM / CONTEXT_CONCAT,sarcasm
60.38,50.907,SVM,Roberta: ./Seed/RoBERTa-05-12-LM / CONTEXT_CONCAT,sarcasm
75.7,71.52,MLPClassifier,Roberta: ./Seed/RoBERTa-05-12-LM / CONTEXT_CONCAT,sarcasm
68.73,61.66,XGboost,Roberta: ./Seed/RoBERTa-05-12-LM / CONTEXT_CONCAT,sarcasm
90.39,89.92,Reg_Logistica,Roberta: ./Seed/RoBERTa-05-12-LM / CONTEXT_CONCAT,STS-gold
85.443,82.993,Random_Forest,Roberta: ./Seed/RoBERTa-05-12-LM / CONTEXT_CONCAT,STS-gold
88.8,88.27,SVM,Roberta: ./Seed/RoBERTa-05-12-LM / CONTEXT_CONCAT,STS-gold
89.803,89.24,MLPClassifier,Roberta: ./Seed/RoBERTa-05-12-LM / CONTEXT_CONCAT,STS-gold
88.357,87.497,XGboost,Roberta: ./Seed/RoBERTa-05-12-LM / CONTEXT_CONCAT,STS-gold
87.66,79.277,Reg_Logistica,Roberta: ./Seed/RoBERTa-05-12-LM / CONTEXT_CONCAT,hobbit
82.47,54.963,Random_Forest,Roberta: ./Seed/RoBERTa-05-12-LM / CONTEXT_CONCAT,hobbit
76.027,69.287,SVM,Roberta: ./Seed/RoBERTa-05-12-LM / CONTEXT_CONCAT,hobbit
88.12,77.987,MLPClassifier,Roberta: ./Seed/RoBERTa-05-12-LM / CONTEXT_CONCAT,hobbit
84.84,69.437,XGboost,Roberta: ./Seed/RoBERTa-05-12-LM / CONTEXT_CONCAT,hobbit
87.503,86.237,Reg_Logistica,Roberta: ./Seed/RoBERTa-05-12-LM / CONTEXT_CONCAT,debate08
81.37,75.643,Random_Forest,Roberta: ./Seed/RoBERTa-05-12-LM / CONTEXT_CONCAT,debate08
83.357,82.203,SVM,Roberta: ./Seed/RoBERTa-05-12-LM / CONTEXT_CONCAT,debate08
87.42,85.9,MLPClassifier,Roberta: ./Seed/RoBERTa-05-12-LM / CONTEXT_CONCAT,debate08
85.243,82.963,XGboost,Roberta: ./Seed/RoBERTa-05-12-LM / CONTEXT_CONCAT,debate08
87.743,84.59,Reg_Logistica,Roberta: ./Seed/RoBERTa-05-12-LM / CONTEXT_CONCAT,SemEval16
83.15,68.84,Random_Forest,Roberta: ./Seed/RoBERTa-05-12-LM / CONTEXT_CONCAT,SemEval16
81.647,78.927,SVM,Roberta: ./Seed/RoBERTa-05-12-LM / CONTEXT_CONCAT,SemEval16
87.057,82.8,MLPClassifier,Roberta: ./Seed/RoBERTa-05-12-LM / CONTEXT_CONCAT,SemEval16
85.907,77.73,XGboost,Roberta: ./Seed/RoBERTa-05-12-LM / CONTEXT_CONCAT,SemEval16
85.733,80.153,Reg_Logistica,Roberta: ./Seed/RoBERTa-05-12-LM / CONTEXT_CONCAT,ntua
83.413,69.993,Random_Forest,Roberta: ./Seed/RoBERTa-05-12-LM / CONTEXT_CONCAT,ntua
83.433,78.89,SVM,Roberta: ./Seed/RoBERTa-05-12-LM / CONTEXT_CONCAT,ntua
86.61,80.343,MLPClassifier,Roberta: ./Seed/RoBERTa-05-12-LM / CONTEXT_CONCAT,ntua
85.493,78.31,XGboost,Roberta: ./Seed/RoBERTa-05-12-LM / CONTEXT_CONCAT,ntua
89.4,88.13,Reg_Logistica,Roberta: ./Seed/RoBERTa-05-12-LM / CONTEXT_CONCAT,Narr-KDML-2012
82.883,77.47,Random_Forest,Roberta: ./Seed/RoBERTa-05-12-LM / CONTEXT_CONCAT,Narr-KDML-2012
86.473,85.337,SVM,Roberta: ./Seed/RoBERTa-05-12-LM / CONTEXT_CONCAT,Narr-KDML-2012
88.83,87.35,MLPClassifier,Roberta: ./Seed/RoBERTa-05-12-LM / CONTEXT_CONCAT,Narr-KDML-2012
87.213,84.943,XGboost,Roberta: ./Seed/RoBERTa-05-12-LM / CONTEXT_CONCAT,Narr-KDML-2012
79.1,78.5,Reg_Logistica,Roberta: ./Seed/RoBERTa-05-12-LM / CONTEXT_CONCAT,Target-dependent
77.577,75.333,Random_Forest,Roberta: ./Seed/RoBERTa-05-12-LM / CONTEXT_CONCAT,Target-dependent
76.31,72.007,SVM,Roberta: ./Seed/RoBERTa-05-12-LM / CONTEXT_CONCAT,Target-dependent
78.783,77.82,MLPClassifier,Roberta: ./Seed/RoBERTa-05-12-LM / CONTEXT_CONCAT,Target-dependent
74.893,73.497,XGboost,Roberta: ./Seed/RoBERTa-05-12-LM / CONTEXT_CONCAT,Target-dependent
79.213,73.33,Reg_Logistica,Roberta: ./Seed/RoBERTa-05-12-LM / CONTEXT_CONCAT,SemEval15-Task11
78.903,64.423,Random_Forest,Roberta: ./Seed/RoBERTa-05-12-LM / CONTEXT_CONCAT,SemEval15-Task11
76.187,67.703,SVM,Roberta: ./Seed/RoBERTa-05-12-LM / CONTEXT_CONCAT,SemEval15-Task11
80.48,73.4,MLPClassifier,Roberta: ./Seed/RoBERTa-05-12-LM / CONTEXT_CONCAT,SemEval15-Task11
76.127,68.087,XGboost,Roberta: ./Seed/RoBERTa-05-12-LM / CONTEXT_CONCAT,SemEval15-Task11
87.617,85.65,Reg_Logistica,Roberta: ./Seed/RoBERTa-05-12-LM / CONTEXT_CONCAT,SemEval13
81.137,72.167,Random_Forest,Roberta: ./Seed/RoBERTa-05-12-LM / CONTEXT_CONCAT,SemEval13
79.967,78.8,SVM,Roberta: ./Seed/RoBERTa-05-12-LM / CONTEXT_CONCAT,SemEval13
87.757,85.477,MLPClassifier,Roberta: ./Seed/RoBERTa-05-12-LM / CONTEXT_CONCAT,SemEval13
84.497,80.457,XGboost,Roberta: ./Seed/RoBERTa-05-12-LM / CONTEXT_CONCAT,SemEval13
88.353,86.973,Reg_Logistica,Roberta: ./Seed/RoBERTa-05-12-LM / CONTEXT_CONCAT,VADER
82.713,77.997,Random_Forest,Roberta: ./Seed/RoBERTa-05-12-LM / CONTEXT_CONCAT,VADER
82.783,81.773,SVM,Roberta: ./Seed/RoBERTa-05-12-LM / CONTEXT_CONCAT,VADER
88.923,87.34,MLPClassifier,Roberta: ./Seed/RoBERTa-05-12-LM / CONTEXT_CONCAT,VADER
84.85,82.227,XGboost,Roberta: ./Seed/RoBERTa-05-12-LM / CONTEXT_CONCAT,VADER
88.897,87.14,Reg_Logistica,Roberta: ./Seed/RoBERTa-05-12-LM / CONTEXT_CONCAT,SemEval17-test
82.413,74.67,Random_Forest,Roberta: ./Seed/RoBERTa-05-12-LM / CONTEXT_CONCAT,SemEval17-test
82.98,81.927,SVM,Roberta: ./Seed/RoBERTa-05-12-LM / CONTEXT_CONCAT,SemEval17-test
88.51,86.303,MLPClassifier,Roberta: ./Seed/RoBERTa-05-12-LM / CONTEXT_CONCAT,SemEval17-test
86.36,82.783,XGboost,Roberta: ./Seed/RoBERTa-05-12-LM / CONTEXT_CONCAT,SemEval17-test
80.723,76.557,Reg_Logistica,Roberta: ./Seed/RoBERTa-05-12-LM / CONTEXT_CONCAT,HCR
73.737,55.443,Random_Forest,Roberta: ./Seed/RoBERTa-05-12-LM / CONTEXT_CONCAT,HCR
65.65,58.973,SVM,Roberta: ./Seed/RoBERTa-05-12-LM / CONTEXT_CONCAT,HCR
80.203,74.987,MLPClassifier,Roberta: ./Seed/RoBERTa-05-12-LM / CONTEXT_CONCAT,HCR
76.777,67.597,XGboost,Roberta: ./Seed/RoBERTa-05-12-LM / CONTEXT_CONCAT,HCR
90.417,89.827,Reg_Logistica,Roberta: ./Seed/RoBERTa-05-12-LM / CONTEXT_CONCAT,SentiStrength
83.8,80.833,Random_Forest,Roberta: ./Seed/RoBERTa-05-12-LM / CONTEXT_CONCAT,SentiStrength
88.443,87.867,SVM,Roberta: ./Seed/RoBERTa-05-12-LM / CONTEXT_CONCAT,SentiStrength
89.89,89.183,MLPClassifier,Roberta: ./Seed/RoBERTa-05-12-LM / CONTEXT_CONCAT,SentiStrength
87.917,86.817,XGboost,Roberta: ./Seed/RoBERTa-05-12-LM / CONTEXT_CONCAT,SentiStrength
