accuracy,f1_macro,Classifier_Model,Embedding,Data_Set
90.33,89.69,Reg_Logistica,Roberta: ./Seed/RoBERTa-25-12-LM / CONTEXT_CONCAT,SemEval18
85.323,82.807,Random_Forest,Roberta: ./Seed/RoBERTa-25-12-LM / CONTEXT_CONCAT,SemEval18
88.993,88.313,SVM,Roberta: ./Seed/RoBERTa-25-12-LM / CONTEXT_CONCAT,SemEval18
90.293,89.587,MLPClassifier,Roberta: ./Seed/RoBERTa-25-12-LM / CONTEXT_CONCAT,SemEval18
88.75,87.663,XGboost,Roberta: ./Seed/RoBERTa-25-12-LM / CONTEXT_CONCAT,SemEval18
81.887,78.21,Reg_Logistica,Roberta: ./Seed/RoBERTa-25-12-LM / CONTEXT_CONCAT,HCR
78.41,64.37,Random_Forest,Roberta: ./Seed/RoBERTa-25-12-LM / CONTEXT_CONCAT,HCR
76.993,73.993,SVM,Roberta: ./Seed/RoBERTa-25-12-LM / CONTEXT_CONCAT,HCR
82.97,78.47,MLPClassifier,Roberta: ./Seed/RoBERTa-25-12-LM / CONTEXT_CONCAT,HCR
81.923,75.087,XGboost,Roberta: ./Seed/RoBERTa-25-12-LM / CONTEXT_CONCAT,HCR
88.88,88.507,Reg_Logistica,Roberta: ./Seed/RoBERTa-25-12-LM / CONTEXT_CONCAT,STS-gold
84.623,82.713,Random_Forest,Roberta: ./Seed/RoBERTa-25-12-LM / CONTEXT_CONCAT,STS-gold
87.64,87.223,SVM,Roberta: ./Seed/RoBERTa-25-12-LM / CONTEXT_CONCAT,STS-gold
88.947,88.537,MLPClassifier,Roberta: ./Seed/RoBERTa-25-12-LM / CONTEXT_CONCAT,STS-gold
87.633,86.943,XGboost,Roberta: ./Seed/RoBERTa-25-12-LM / CONTEXT_CONCAT,STS-gold
84.79,80.227,Reg_Logistica,Roberta: ./Seed/RoBERTa-25-12-LM / CONTEXT_CONCAT,iphone
77.873,55.73,Random_Forest,Roberta: ./Seed/RoBERTa-25-12-LM / CONTEXT_CONCAT,iphone
67.963,60.283,SVM,Roberta: ./Seed/RoBERTa-25-12-LM / CONTEXT_CONCAT,iphone
83.257,75.287,MLPClassifier,Roberta: ./Seed/RoBERTa-25-12-LM / CONTEXT_CONCAT,iphone
81.46,68.923,XGboost,Roberta: ./Seed/RoBERTa-25-12-LM / CONTEXT_CONCAT,iphone
89.257,88.68,Reg_Logistica,Roberta: ./Seed/RoBERTa-25-12-LM / CONTEXT_CONCAT,VADER
85.213,82.947,Random_Forest,Roberta: ./Seed/RoBERTa-25-12-LM / CONTEXT_CONCAT,VADER
87.573,87.013,SVM,Roberta: ./Seed/RoBERTa-25-12-LM / CONTEXT_CONCAT,VADER
89.023,88.33,MLPClassifier,Roberta: ./Seed/RoBERTa-25-12-LM / CONTEXT_CONCAT,VADER
87.087,86.07,XGboost,Roberta: ./Seed/RoBERTa-25-12-LM / CONTEXT_CONCAT,VADER
84.857,82.317,Reg_Logistica,Roberta: ./Seed/RoBERTa-25-12-LM / CONTEXT_CONCAT,person
77.907,65.9,Random_Forest,Roberta: ./Seed/RoBERTa-25-12-LM / CONTEXT_CONCAT,person
71.963,70.837,SVM,Roberta: ./Seed/RoBERTa-25-12-LM / CONTEXT_CONCAT,person
85.26,82.133,MLPClassifier,Roberta: ./Seed/RoBERTa-25-12-LM / CONTEXT_CONCAT,person
82.967,77.573,XGboost,Roberta: ./Seed/RoBERTa-25-12-LM / CONTEXT_CONCAT,person
89.05,85.8,Reg_Logistica,Roberta: ./Seed/RoBERTa-25-12-LM / CONTEXT_CONCAT,movie
83.933,69.207,Random_Forest,Roberta: ./Seed/RoBERTa-25-12-LM / CONTEXT_CONCAT,movie
84.67,81.883,SVM,Roberta: ./Seed/RoBERTa-25-12-LM / CONTEXT_CONCAT,movie
89.217,85.22,MLPClassifier,Roberta: ./Seed/RoBERTa-25-12-LM / CONTEXT_CONCAT,movie
87.917,80.517,XGboost,Roberta: ./Seed/RoBERTa-25-12-LM / CONTEXT_CONCAT,movie
90.913,90.06,Reg_Logistica,Roberta: ./Seed/RoBERTa-25-12-LM / CONTEXT_CONCAT,Narr-KDML-2012
85.98,82.713,Random_Forest,Roberta: ./Seed/RoBERTa-25-12-LM / CONTEXT_CONCAT,Narr-KDML-2012
84.893,84.377,SVM,Roberta: ./Seed/RoBERTa-25-12-LM / CONTEXT_CONCAT,Narr-KDML-2012
90.707,89.693,MLPClassifier,Roberta: ./Seed/RoBERTa-25-12-LM / CONTEXT_CONCAT,Narr-KDML-2012
88.277,86.73,XGboost,Roberta: ./Seed/RoBERTa-25-12-LM / CONTEXT_CONCAT,Narr-KDML-2012
88.91,87.963,Reg_Logistica,Roberta: ./Seed/RoBERTa-25-12-LM / CONTEXT_CONCAT,SentiStrength
83.783,80.647,Random_Forest,Roberta: ./Seed/RoBERTa-25-12-LM / CONTEXT_CONCAT,SentiStrength
85.217,84.637,SVM,Roberta: ./Seed/RoBERTa-25-12-LM / CONTEXT_CONCAT,SentiStrength
88.917,87.893,MLPClassifier,Roberta: ./Seed/RoBERTa-25-12-LM / CONTEXT_CONCAT,SentiStrength
86.857,85.273,XGboost,Roberta: ./Seed/RoBERTa-25-12-LM / CONTEXT_CONCAT,SentiStrength
83.637,79.09,Reg_Logistica,Roberta: ./Seed/RoBERTa-25-12-LM / CONTEXT_CONCAT,SemEval15-Task11
78.437,63.927,Random_Forest,Roberta: ./Seed/RoBERTa-25-12-LM / CONTEXT_CONCAT,SemEval15-Task11
76.317,68.17,SVM,Roberta: ./Seed/RoBERTa-25-12-LM / CONTEXT_CONCAT,SemEval15-Task11
84.427,78.917,MLPClassifier,Roberta: ./Seed/RoBERTa-25-12-LM / CONTEXT_CONCAT,SemEval15-Task11
78.227,68.827,XGboost,Roberta: ./Seed/RoBERTa-25-12-LM / CONTEXT_CONCAT,SemEval15-Task11
91.253,90.383,Reg_Logistica,Roberta: ./Seed/RoBERTa-25-12-LM / CONTEXT_CONCAT,archeage
85.35,81.31,Random_Forest,Roberta: ./Seed/RoBERTa-25-12-LM / CONTEXT_CONCAT,archeage
89.873,88.967,SVM,Roberta: ./Seed/RoBERTa-25-12-LM / CONTEXT_CONCAT,archeage
91.263,90.29,MLPClassifier,Roberta: ./Seed/RoBERTa-25-12-LM / CONTEXT_CONCAT,archeage
89.92,88.373,XGboost,Roberta: ./Seed/RoBERTa-25-12-LM / CONTEXT_CONCAT,archeage
84.8,78.62,Reg_Logistica,Roberta: ./Seed/RoBERTa-25-12-LM / CONTEXT_CONCAT,hobbit
79.303,57.9,Random_Forest,Roberta: ./Seed/RoBERTa-25-12-LM / CONTEXT_CONCAT,hobbit
67.943,58.063,SVM,Roberta: ./Seed/RoBERTa-25-12-LM / CONTEXT_CONCAT,hobbit
83.383,74.163,MLPClassifier,Roberta: ./Seed/RoBERTa-25-12-LM / CONTEXT_CONCAT,hobbit
81.337,66.573,XGboost,Roberta: ./Seed/RoBERTa-25-12-LM / CONTEXT_CONCAT,hobbit
88.53,88.383,Reg_Logistica,Roberta: ./Seed/RoBERTa-25-12-LM / CONTEXT_CONCAT,Target-dependent
84.613,84.123,Random_Forest,Roberta: ./Seed/RoBERTa-25-12-LM / CONTEXT_CONCAT,Target-dependent
86.403,86.157,SVM,Roberta: ./Seed/RoBERTa-25-12-LM / CONTEXT_CONCAT,Target-dependent
88.76,88.597,MLPClassifier,Roberta: ./Seed/RoBERTa-25-12-LM / CONTEXT_CONCAT,Target-dependent
85.483,85.1,XGboost,Roberta: ./Seed/RoBERTa-25-12-LM / CONTEXT_CONCAT,Target-dependent
89.927,85.267,Reg_Logistica,Roberta: ./Seed/RoBERTa-25-12-LM / CONTEXT_CONCAT,ntua
84.157,69.473,Random_Forest,Roberta: ./Seed/RoBERTa-25-12-LM / CONTEXT_CONCAT,ntua
86.217,81.29,SVM,Roberta: ./Seed/RoBERTa-25-12-LM / CONTEXT_CONCAT,ntua
89.87,84.413,MLPClassifier,Roberta: ./Seed/RoBERTa-25-12-LM / CONTEXT_CONCAT,ntua
86.413,76.923,XGboost,Roberta: ./Seed/RoBERTa-25-12-LM / CONTEXT_CONCAT,ntua
88.023,86.97,Reg_Logistica,Roberta: ./Seed/RoBERTa-25-12-LM / CONTEXT_CONCAT,SemEval13
84.323,80.417,Random_Forest,Roberta: ./Seed/RoBERTa-25-12-LM / CONTEXT_CONCAT,SemEval13
86.61,85.72,SVM,Roberta: ./Seed/RoBERTa-25-12-LM / CONTEXT_CONCAT,SemEval13
87.953,86.72,MLPClassifier,Roberta: ./Seed/RoBERTa-25-12-LM / CONTEXT_CONCAT,SemEval13
87.597,85.937,XGboost,Roberta: ./Seed/RoBERTa-25-12-LM / CONTEXT_CONCAT,SemEval13
84.243,83.14,Reg_Logistica,Roberta: ./Seed/RoBERTa-25-12-LM / CONTEXT_CONCAT,sanders
78.34,73.663,Random_Forest,Roberta: ./Seed/RoBERTa-25-12-LM / CONTEXT_CONCAT,sanders
77.65,73.277,SVM,Roberta: ./Seed/RoBERTa-25-12-LM / CONTEXT_CONCAT,sanders
84.633,83.393,MLPClassifier,Roberta: ./Seed/RoBERTa-25-12-LM / CONTEXT_CONCAT,sanders
80.367,78.39,XGboost,Roberta: ./Seed/RoBERTa-25-12-LM / CONTEXT_CONCAT,sanders
80.777,79.573,Reg_Logistica,Roberta: ./Seed/RoBERTa-25-12-LM / CONTEXT_CONCAT,sarcasm
74.18,67.83,Random_Forest,Roberta: ./Seed/RoBERTa-25-12-LM / CONTEXT_CONCAT,sarcasm
73.277,69.25,SVM,Roberta: ./Seed/RoBERTa-25-12-LM / CONTEXT_CONCAT,sarcasm
81.797,80.44,MLPClassifier,Roberta: ./Seed/RoBERTa-25-12-LM / CONTEXT_CONCAT,sarcasm
77.977,75.287,XGboost,Roberta: ./Seed/RoBERTa-25-12-LM / CONTEXT_CONCAT,sarcasm
85.187,82.997,Reg_Logistica,Roberta: ./Seed/RoBERTa-25-12-LM / CONTEXT_CONCAT,irony
78.86,67.89,Random_Forest,Roberta: ./Seed/RoBERTa-25-12-LM / CONTEXT_CONCAT,irony
72.987,66.973,SVM,Roberta: ./Seed/RoBERTa-25-12-LM / CONTEXT_CONCAT,irony
84.467,80.32,MLPClassifier,Roberta: ./Seed/RoBERTa-25-12-LM / CONTEXT_CONCAT,irony
82.453,76.027,XGboost,Roberta: ./Seed/RoBERTa-25-12-LM / CONTEXT_CONCAT,irony
90.287,87.603,Reg_Logistica,Roberta: ./Seed/RoBERTa-25-12-LM / CONTEXT_CONCAT,SemEval17-test
86.72,74.97,Random_Forest,Roberta: ./Seed/RoBERTa-25-12-LM / CONTEXT_CONCAT,SemEval17-test
85.753,83.537,SVM,Roberta: ./Seed/RoBERTa-25-12-LM / CONTEXT_CONCAT,SemEval17-test
89.88,86.433,MLPClassifier,Roberta: ./Seed/RoBERTa-25-12-LM / CONTEXT_CONCAT,SemEval17-test
88.297,81.74,XGboost,Roberta: ./Seed/RoBERTa-25-12-LM / CONTEXT_CONCAT,SemEval17-test
85.06,82.543,Reg_Logistica,Roberta: ./Seed/RoBERTa-25-12-LM / CONTEXT_CONCAT,SemEval16
81.0,71.593,Random_Forest,Roberta: ./Seed/RoBERTa-25-12-LM / CONTEXT_CONCAT,SemEval16
82.863,80.527,SVM,Roberta: ./Seed/RoBERTa-25-12-LM / CONTEXT_CONCAT,SemEval16
85.28,82.1,MLPClassifier,Roberta: ./Seed/RoBERTa-25-12-LM / CONTEXT_CONCAT,SemEval16
85.213,80.81,XGboost,Roberta: ./Seed/RoBERTa-25-12-LM / CONTEXT_CONCAT,SemEval16
88.677,87.623,Reg_Logistica,Roberta: ./Seed/RoBERTa-25-12-LM / CONTEXT_CONCAT,sentiment140
84.673,81.113,Random_Forest,Roberta: ./Seed/RoBERTa-25-12-LM / CONTEXT_CONCAT,sentiment140
86.747,85.687,SVM,Roberta: ./Seed/RoBERTa-25-12-LM / CONTEXT_CONCAT,sentiment140
88.68,87.447,MLPClassifier,Roberta: ./Seed/RoBERTa-25-12-LM / CONTEXT_CONCAT,sentiment140
87.54,85.923,XGboost,Roberta: ./Seed/RoBERTa-25-12-LM / CONTEXT_CONCAT,sentiment140
87.817,87.383,Reg_Logistica,Roberta: ./Seed/RoBERTa-25-12-LM / CONTEXT_CONCAT,debate08
85.007,83.527,Random_Forest,Roberta: ./Seed/RoBERTa-25-12-LM / CONTEXT_CONCAT,debate08
85.713,85.263,SVM,Roberta: ./Seed/RoBERTa-25-12-LM / CONTEXT_CONCAT,debate08
87.847,87.363,MLPClassifier,Roberta: ./Seed/RoBERTa-25-12-LM / CONTEXT_CONCAT,debate08
87.517,86.86,XGboost,Roberta: ./Seed/RoBERTa-25-12-LM / CONTEXT_CONCAT,debate08
