Data_Set,accuracy,f1_macro,Classifier_Model,Embedding
HCR,79.4,74.99,Reg_Logistica,RoBERTa-25K
Narr-KDML-2012,93.72,93.46,Reg_Logistica,RoBERTa-25K
STS-gold,93.51,92.49,Reg_Logistica,RoBERTa-25K
SemEval13,89.04,86.5,Reg_Logistica,RoBERTa-25K
SemEval15-Task11,88.48,75.69,Reg_Logistica,RoBERTa-25K
SemEval16,90.26,88.08,Reg_Logistica,RoBERTa-25K
SemEval17-test,91.67,91.15,Reg_Logistica,RoBERTa-25K
SemEval18,87.95,87.89,Reg_Logistica,RoBERTa-25K
SentiStrength,86.15,85.78,Reg_Logistica,RoBERTa-25K
Target-dependent,84.08,84.07,Reg_Logistica,RoBERTa-25K
VADER,91.37,90.03,Reg_Logistica,RoBERTa-25K
archeage,88.88,88.63,Reg_Logistica,RoBERTa-25K
debate08,85.52,84.56,Reg_Logistica,RoBERTa-25K
hobbit,87.35,85.57,Reg_Logistica,RoBERTa-25K
iphone,86.86,84.65,Reg_Logistica,RoBERTa-25K
irony,78.57,74.6,Reg_Logistica,RoBERTa-25K
movie,88.94,81.43,Reg_Logistica,RoBERTa-25K
ntua,87.79,87.62,Reg_Logistica,RoBERTa-25K
person,83.61,80.69,Reg_Logistica,RoBERTa-25K
sanders,89.05,88.96,Reg_Logistica,RoBERTa-25K
sarcasm,74.64,73.96,Reg_Logistica,RoBERTa-25K
sentiment140,90.25,90.23,Reg_Logistica,RoBERTa-25K
HCR,80.08,74.43,MLPClassifier,RoBERTa-25K
Narr-KDML-2012,93.45,93.17,MLPClassifier,RoBERTa-25K
STS-gold,93.23,92.06,MLPClassifier,RoBERTa-25K
SemEval13,88.81,85.84,MLPClassifier,RoBERTa-25K
SemEval15-Task11,89.32,74.01,MLPClassifier,RoBERTa-25K
SemEval16,90.12,87.52,MLPClassifier,RoBERTa-25K
SemEval17-test,91.47,90.86,MLPClassifier,RoBERTa-25K
SemEval18,87.95,87.87,MLPClassifier,RoBERTa-25K
SentiStrength,85.9,85.47,MLPClassifier,RoBERTa-25K
Target-dependent,84.59,84.58,MLPClassifier,RoBERTa-25K
VADER,91.28,89.77,MLPClassifier,RoBERTa-25K
archeage,89.09,88.8,MLPClassifier,RoBERTa-25K
debate08,85.63,84.51,MLPClassifier,RoBERTa-25K
hobbit,87.16,85.05,MLPClassifier,RoBERTa-25K
iphone,88.16,85.85,MLPClassifier,RoBERTa-25K
irony,74.6,64.24,MLPClassifier,RoBERTa-25K
movie,88.71,78.98,MLPClassifier,RoBERTa-25K
ntua,87.67,87.42,MLPClassifier,RoBERTa-25K
person,84.52,80.96,MLPClassifier,RoBERTa-25K
sanders,89.05,88.97,MLPClassifier,RoBERTa-25K
sarcasm,76.07,75.45,MLPClassifier,RoBERTa-25K
sentiment140,89.97,89.93,MLPClassifier,RoBERTa-25K
HCR,80.5,72.09,XGboost,RoBERTa-25K
Narr-KDML-2012,90.87,90.4,XGboost,RoBERTa-25K
STS-gold,90.81,88.84,XGboost,RoBERTa-25K
SemEval13,87.76,83.63,XGboost,RoBERTa-25K
SemEval15-Task11,87.85,62.03,XGboost,RoBERTa-25K
SemEval16,89.78,86.59,XGboost,RoBERTa-25K
SemEval17-test,90.42,89.69,XGboost,RoBERTa-25K
SemEval18,86.98,86.86,XGboost,RoBERTa-25K
SentiStrength,84.93,84.34,XGboost,RoBERTa-25K
Target-dependent,85.0,85.0,XGboost,RoBERTa-25K
VADER,88.85,86.44,XGboost,RoBERTa-25K
archeage,90.1,89.84,XGboost,RoBERTa-25K
debate08,85.36,83.75,XGboost,RoBERTa-25K
hobbit,83.54,80.1,XGboost,RoBERTa-25K
iphone,84.77,81.08,XGboost,RoBERTa-25K
irony,72.62,57.59,XGboost,RoBERTa-25K
movie,86.99,68.1,XGboost,RoBERTa-25K
ntua,80.58,79.9,XGboost,RoBERTa-25K
person,82.68,76.31,XGboost,RoBERTa-25K
sanders,87.09,86.99,XGboost,RoBERTa-25K
sarcasm,66.25,64.55,XGboost,RoBERTa-25K
sentiment140,87.48,87.43,XGboost,RoBERTa-25K
HCR,76.1,72.23,SVM,RoBERTa-25K
Narr-KDML-2012,91.2,90.97,SVM,RoBERTa-25K
STS-gold,91.84,90.71,SVM,RoBERTa-25K
SemEval13,85.68,83.46,SVM,RoBERTa-25K
SemEval15-Task11,84.75,71.6,SVM,RoBERTa-25K
SemEval16,88.96,86.86,SVM,RoBERTa-25K
SemEval17-test,91.07,90.57,SVM,RoBERTa-25K
SemEval18,86.61,86.46,SVM,RoBERTa-25K
SentiStrength,85.67,85.42,SVM,RoBERTa-25K
Target-dependent,85.95,85.94,SVM,RoBERTa-25K
VADER,89.3,87.91,SVM,RoBERTa-25K
archeage,88.48,88.28,SVM,RoBERTa-25K
debate08,83.53,82.49,SVM,RoBERTa-25K
hobbit,72.41,71.59,SVM,RoBERTa-25K
iphone,78.78,77.52,SVM,RoBERTa-25K
irony,46.67,31.0,SVM,RoBERTa-25K
movie,78.44,72.33,SVM,RoBERTa-25K
ntua,82.06,81.56,SVM,RoBERTa-25K
person,71.74,70.46,SVM,RoBERTa-25K
sanders,85.13,85.02,SVM,RoBERTa-25K
sarcasm,62.14,51.35,SVM,RoBERTa-25K
sentiment140,87.75,87.71,SVM,RoBERTa-25K
HCR,76.71,59.2,Random_Forest,RoBERTa-25K
Narr-KDML-2012,88.83,88.11,Random_Forest,RoBERTa-25K
STS-gold,84.68,79.14,Random_Forest,RoBERTa-25K
SemEval13,82.07,71.74,Random_Forest,RoBERTa-25K
SemEval15-Task11,85.77,48.37,Random_Forest,RoBERTa-25K
SemEval16,85.26,78.34,Random_Forest,RoBERTa-25K
SemEval17-test,88.26,87.03,Random_Forest,RoBERTa-25K
SemEval18,84.49,84.22,Random_Forest,RoBERTa-25K
SentiStrength,81.8,80.75,Random_Forest,RoBERTa-25K
Target-dependent,83.38,83.38,Random_Forest,RoBERTa-25K
VADER,83.57,77.63,Random_Forest,RoBERTa-25K
archeage,88.44,88.01,Random_Forest,RoBERTa-25K
debate08,80.69,76.88,Random_Forest,RoBERTa-25K
hobbit,79.89,72.26,Random_Forest,RoBERTa-25K
iphone,81.95,74.9,Random_Forest,RoBERTa-25K
irony,70.4,48.41,Random_Forest,RoBERTa-25K
movie,82.24,46.27,Random_Forest,RoBERTa-25K
ntua,81.4,80.44,Random_Forest,RoBERTa-25K
person,76.99,62.4,Random_Forest,RoBERTa-25K
sanders,86.0,85.8,Random_Forest,RoBERTa-25K
sarcasm,65.95,62.26,Random_Forest,RoBERTa-25K
sentiment140,89.24,89.22,Random_Forest,RoBERTa-25K
