Model,Classifier,Metric,Std mean
BERT,Random_Forest,accuracy,0.010818181818181817
BERT,Reg_Logistica,accuracy,0.017590909090909098
BERT,SVM,accuracy,0.015045454545454546
BERT,XGboost,accuracy,0.013681818181818184
BERT,MLPClassifier,accuracy,0.013590909090909093
BERTweet,Random_Forest,accuracy,0.006545454545454546
BERTweet,Reg_Logistica,accuracy,0.007181818181818183
BERTweet,SVM,accuracy,0.004636363636363636
BERTweet,XGboost,accuracy,0.007227272727272727
BERTweet,MLPClassifier,accuracy,0.006772727272727274
RoBERTa,Random_Forest,accuracy,0.009636363636363637
RoBERTa,Reg_Logistica,accuracy,0.006136363636363637
RoBERTa,SVM,accuracy,0.005500000000000001
RoBERTa,XGboost,accuracy,0.00940909090909091
RoBERTa,MLPClassifier,accuracy,0.007727272727272728
BERT,Random_Forest,f1_macro,0.015181818181818185
BERT,Reg_Logistica,f1_macro,0.02027272727272728
BERT,SVM,f1_macro,0.017545454545454548
BERT,XGboost,f1_macro,0.01881818181818182
BERT,MLPClassifier,f1_macro,0.01581818181818182
BERTweet,Random_Forest,f1_macro,0.009590909090909093
BERTweet,Reg_Logistica,f1_macro,0.008454545454545458
BERTweet,SVM,f1_macro,0.006000000000000002
BERTweet,XGboost,f1_macro,0.010909090909090912
BERTweet,MLPClassifier,f1_macro,0.008272727272727274
RoBERTa,Random_Forest,f1_macro,0.012227272727272727
RoBERTa,Reg_Logistica,f1_macro,0.007545454545454547
RoBERTa,SVM,f1_macro,0.006500000000000001
RoBERTa,XGboost,f1_macro,0.011636363636363637
RoBERTa,MLPClassifier,f1_macro,0.00931818181818182
