Data_Set,accuracy,f1_macro,Classifier_Model,Embedding
HCR,79.92,75.96,Reg_Logistica,RoBERTa-1500K
Narr-KDML-2012,94.54,94.32,Reg_Logistica,RoBERTa-1500K
STS-gold,93.71,92.67,Reg_Logistica,RoBERTa-1500K
SemEval13,88.63,86.06,Reg_Logistica,RoBERTa-1500K
SemEval15-Task11,89.75,78.8,Reg_Logistica,RoBERTa-1500K
SemEval16,89.91,87.68,Reg_Logistica,RoBERTa-1500K
SemEval17-test,91.35,90.81,Reg_Logistica,RoBERTa-1500K
SemEval18,87.04,86.96,Reg_Logistica,RoBERTa-1500K
SentiStrength,85.1,84.73,Reg_Logistica,RoBERTa-1500K
Target-dependent,85.09,85.08,Reg_Logistica,RoBERTa-1500K
VADER,91.94,90.67,Reg_Logistica,RoBERTa-1500K
archeage,89.87,89.65,Reg_Logistica,RoBERTa-1500K
debate08,83.95,82.94,Reg_Logistica,RoBERTa-1500K
hobbit,86.78,84.98,Reg_Logistica,RoBERTa-1500K
iphone,85.53,82.87,Reg_Logistica,RoBERTa-1500K
irony,75.0,68.34,Reg_Logistica,RoBERTa-1500K
movie,89.3,81.0,Reg_Logistica,RoBERTa-1500K
ntua,92.79,92.65,Reg_Logistica,RoBERTa-1500K
person,87.26,84.93,Reg_Logistica,RoBERTa-1500K
sanders,90.11,90.05,Reg_Logistica,RoBERTa-1500K
sarcasm,67.5,66.1,Reg_Logistica,RoBERTa-1500K
sentiment140,89.42,89.41,Reg_Logistica,RoBERTa-1500K
HCR,80.33,75.25,MLPClassifier,RoBERTa-1500K
Narr-KDML-2012,94.18,93.94,MLPClassifier,RoBERTa-1500K
STS-gold,93.49,92.33,MLPClassifier,RoBERTa-1500K
SemEval13,88.56,85.58,MLPClassifier,RoBERTa-1500K
SemEval15-Task11,91.28,78.76,MLPClassifier,RoBERTa-1500K
SemEval16,89.97,87.17,MLPClassifier,RoBERTa-1500K
SemEval17-test,91.18,90.56,MLPClassifier,RoBERTa-1500K
SemEval18,87.36,87.28,MLPClassifier,RoBERTa-1500K
SentiStrength,85.52,85.09,MLPClassifier,RoBERTa-1500K
Target-dependent,84.74,84.74,MLPClassifier,RoBERTa-1500K
VADER,92.08,90.65,MLPClassifier,RoBERTa-1500K
archeage,90.34,90.11,MLPClassifier,RoBERTa-1500K
debate08,84.94,83.82,MLPClassifier,RoBERTa-1500K
hobbit,87.74,85.82,MLPClassifier,RoBERTa-1500K
iphone,86.96,84.22,MLPClassifier,RoBERTa-1500K
irony,76.51,68.07,MLPClassifier,RoBERTa-1500K
movie,88.58,78.94,MLPClassifier,RoBERTa-1500K
ntua,92.67,92.51,MLPClassifier,RoBERTa-1500K
person,86.66,83.76,MLPClassifier,RoBERTa-1500K
sanders,90.38,90.32,MLPClassifier,RoBERTa-1500K
sarcasm,69.41,68.01,MLPClassifier,RoBERTa-1500K
sentiment140,89.14,89.11,MLPClassifier,RoBERTa-1500K
HCR,80.19,71.71,XGboost,RoBERTa-1500K
Narr-KDML-2012,91.61,91.21,XGboost,RoBERTa-1500K
STS-gold,90.86,88.95,XGboost,RoBERTa-1500K
SemEval13,87.71,83.73,XGboost,RoBERTa-1500K
SemEval15-Task11,87.55,61.61,XGboost,RoBERTa-1500K
SemEval16,89.67,86.4,XGboost,RoBERTa-1500K
SemEval17-test,90.09,89.31,XGboost,RoBERTa-1500K
SemEval18,84.62,84.43,XGboost,RoBERTa-1500K
SentiStrength,85.37,84.8,XGboost,RoBERTa-1500K
Target-dependent,84.8,84.79,XGboost,RoBERTa-1500K
VADER,90.06,87.98,XGboost,RoBERTa-1500K
archeage,89.23,88.94,XGboost,RoBERTa-1500K
debate08,82.74,80.76,XGboost,RoBERTa-1500K
hobbit,81.98,78.26,XGboost,RoBERTa-1500K
iphone,83.08,78.21,XGboost,RoBERTa-1500K
irony,68.1,53.42,XGboost,RoBERTa-1500K
movie,86.45,68.51,XGboost,RoBERTa-1500K
ntua,92.06,91.87,XGboost,RoBERTa-1500K
person,81.12,74.8,XGboost,RoBERTa-1500K
sanders,87.83,87.73,XGboost,RoBERTa-1500K
sarcasm,54.64,50.89,XGboost,RoBERTa-1500K
sentiment140,83.85,83.77,XGboost,RoBERTa-1500K
HCR,75.94,71.92,SVM,RoBERTa-1500K
Narr-KDML-2012,93.07,92.9,SVM,RoBERTa-1500K
STS-gold,92.92,91.91,SVM,RoBERTa-1500K
SemEval13,87.03,84.94,SVM,RoBERTa-1500K
SemEval15-Task11,87.24,74.99,SVM,RoBERTa-1500K
SemEval16,89.01,86.97,SVM,RoBERTa-1500K
SemEval17-test,90.63,90.09,SVM,RoBERTa-1500K
SemEval18,86.61,86.47,SVM,RoBERTa-1500K
SentiStrength,86.02,85.8,SVM,RoBERTa-1500K
Target-dependent,85.98,85.97,SVM,RoBERTa-1500K
VADER,91.11,89.93,SVM,RoBERTa-1500K
archeage,89.47,89.28,SVM,RoBERTa-1500K
debate08,82.74,81.69,SVM,RoBERTa-1500K
hobbit,77.97,76.62,SVM,RoBERTa-1500K
iphone,79.15,77.93,SVM,RoBERTa-1500K
irony,45.24,32.8,SVM,RoBERTa-1500K
movie,81.12,74.71,SVM,RoBERTa-1500K
ntua,91.75,91.49,SVM,RoBERTa-1500K
person,76.32,74.56,SVM,RoBERTa-1500K
sanders,88.23,88.11,SVM,RoBERTa-1500K
sarcasm,63.57,55.33,SVM,RoBERTa-1500K
sentiment140,90.81,90.8,SVM,RoBERTa-1500K
HCR,76.43,58.8,Random_Forest,RoBERTa-1500K
Narr-KDML-2012,90.27,89.64,Random_Forest,RoBERTa-1500K
STS-gold,86.2,81.58,Random_Forest,RoBERTa-1500K
SemEval13,82.68,73.12,Random_Forest,RoBERTa-1500K
SemEval15-Task11,86.09,49.96,Random_Forest,RoBERTa-1500K
SemEval16,84.61,77.2,Random_Forest,RoBERTa-1500K
SemEval17-test,87.6,86.29,Random_Forest,RoBERTa-1500K
SemEval18,84.2,83.87,Random_Forest,RoBERTa-1500K
SentiStrength,83.01,82.06,Random_Forest,RoBERTa-1500K
Target-dependent,83.34,83.31,Random_Forest,RoBERTa-1500K
VADER,85.76,81.09,Random_Forest,RoBERTa-1500K
archeage,89.06,88.63,Random_Forest,RoBERTa-1500K
debate08,79.4,74.98,Random_Forest,RoBERTa-1500K
hobbit,80.34,73.2,Random_Forest,RoBERTa-1500K
iphone,80.95,73.48,Random_Forest,RoBERTa-1500K
irony,66.67,40.73,Random_Forest,RoBERTa-1500K
movie,82.41,47.18,Random_Forest,RoBERTa-1500K
ntua,91.11,90.72,Random_Forest,RoBERTa-1500K
person,77.22,62.58,Random_Forest,RoBERTa-1500K
sanders,86.52,86.28,Random_Forest,RoBERTa-1500K
sarcasm,66.07,62.89,Random_Forest,RoBERTa-1500K
sentiment140,86.73,86.7,Random_Forest,RoBERTa-1500K
