accuracy,f1_macro,Classifier_Model,Embedding,Data_Set
85.36,84.993,Reg_Logistica,Roberta: ./Seed/RoBERTa-1500-12-LM / CONTEXT_CONCAT,Target-dependent
82.097,80.507,Random_Forest,Roberta: ./Seed/RoBERTa-1500-12-LM / CONTEXT_CONCAT,Target-dependent
85.11,84.71,SVM,Roberta: ./Seed/RoBERTa-1500-12-LM / CONTEXT_CONCAT,Target-dependent
85.277,84.873,MLPClassifier,Roberta: ./Seed/RoBERTa-1500-12-LM / CONTEXT_CONCAT,Target-dependent
84.053,83.327,XGboost,Roberta: ./Seed/RoBERTa-1500-12-LM / CONTEXT_CONCAT,Target-dependent
85.847,79.93,Reg_Logistica,Roberta: ./Seed/RoBERTa-1500-12-LM / CONTEXT_CONCAT,SemEval15-Task11
80.697,59.57,Random_Forest,Roberta: ./Seed/RoBERTa-1500-12-LM / CONTEXT_CONCAT,SemEval15-Task11
74.743,66.427,SVM,Roberta: ./Seed/RoBERTa-1500-12-LM / CONTEXT_CONCAT,SemEval15-Task11
86.817,79.683,MLPClassifier,Roberta: ./Seed/RoBERTa-1500-12-LM / CONTEXT_CONCAT,SemEval15-Task11
82.57,68.967,XGboost,Roberta: ./Seed/RoBERTa-1500-12-LM / CONTEXT_CONCAT,SemEval15-Task11
89.117,87.237,Reg_Logistica,Roberta: ./Seed/RoBERTa-1500-12-LM / CONTEXT_CONCAT,hobbit
83.077,76.007,Random_Forest,Roberta: ./Seed/RoBERTa-1500-12-LM / CONTEXT_CONCAT,hobbit
85.37,83.83,SVM,Roberta: ./Seed/RoBERTa-1500-12-LM / CONTEXT_CONCAT,hobbit
89.47,87.377,MLPClassifier,Roberta: ./Seed/RoBERTa-1500-12-LM / CONTEXT_CONCAT,hobbit
86.583,83.323,XGboost,Roberta: ./Seed/RoBERTa-1500-12-LM / CONTEXT_CONCAT,hobbit
88.747,87.52,Reg_Logistica,Roberta: ./Seed/RoBERTa-1500-12-LM / CONTEXT_CONCAT,SemEval18
82.053,75.137,Random_Forest,Roberta: ./Seed/RoBERTa-1500-12-LM / CONTEXT_CONCAT,SemEval18
84.68,83.653,SVM,Roberta: ./Seed/RoBERTa-1500-12-LM / CONTEXT_CONCAT,SemEval18
89.097,87.64,MLPClassifier,Roberta: ./Seed/RoBERTa-1500-12-LM / CONTEXT_CONCAT,SemEval18
85.267,82.403,XGboost,Roberta: ./Seed/RoBERTa-1500-12-LM / CONTEXT_CONCAT,SemEval18
89.98,88.947,Reg_Logistica,Roberta: ./Seed/RoBERTa-1500-12-LM / CONTEXT_CONCAT,archeage
86.897,84.157,Random_Forest,Roberta: ./Seed/RoBERTa-1500-12-LM / CONTEXT_CONCAT,archeage
87.23,86.703,SVM,Roberta: ./Seed/RoBERTa-1500-12-LM / CONTEXT_CONCAT,archeage
90.497,89.407,MLPClassifier,Roberta: ./Seed/RoBERTa-1500-12-LM / CONTEXT_CONCAT,archeage
87.973,86.12,XGboost,Roberta: ./Seed/RoBERTa-1500-12-LM / CONTEXT_CONCAT,archeage
89.083,87.643,Reg_Logistica,Roberta: ./Seed/RoBERTa-1500-12-LM / CONTEXT_CONCAT,ntua
85.817,79.643,Random_Forest,Roberta: ./Seed/RoBERTa-1500-12-LM / CONTEXT_CONCAT,ntua
86.92,85.437,SVM,Roberta: ./Seed/RoBERTa-1500-12-LM / CONTEXT_CONCAT,ntua
89.013,87.26,MLPClassifier,Roberta: ./Seed/RoBERTa-1500-12-LM / CONTEXT_CONCAT,ntua
87.953,84.93,XGboost,Roberta: ./Seed/RoBERTa-1500-12-LM / CONTEXT_CONCAT,ntua
80.553,78.343,Reg_Logistica,Roberta: ./Seed/RoBERTa-1500-12-LM / CONTEXT_CONCAT,SemEval13
76.743,69.557,Random_Forest,Roberta: ./Seed/RoBERTa-1500-12-LM / CONTEXT_CONCAT,SemEval13
76.583,72.733,SVM,Roberta: ./Seed/RoBERTa-1500-12-LM / CONTEXT_CONCAT,SemEval13
81.387,79.033,MLPClassifier,Roberta: ./Seed/RoBERTa-1500-12-LM / CONTEXT_CONCAT,SemEval13
75.143,70.943,XGboost,Roberta: ./Seed/RoBERTa-1500-12-LM / CONTEXT_CONCAT,SemEval13
81.463,80.377,Reg_Logistica,Roberta: ./Seed/RoBERTa-1500-12-LM / CONTEXT_CONCAT,sarcasm
78.417,75.173,Random_Forest,Roberta: ./Seed/RoBERTa-1500-12-LM / CONTEXT_CONCAT,sarcasm
76.59,73.353,SVM,Roberta: ./Seed/RoBERTa-1500-12-LM / CONTEXT_CONCAT,sarcasm
82.763,81.63,MLPClassifier,Roberta: ./Seed/RoBERTa-1500-12-LM / CONTEXT_CONCAT,sarcasm
74.817,72.293,XGboost,Roberta: ./Seed/RoBERTa-1500-12-LM / CONTEXT_CONCAT,sarcasm
85.9,82.89,Reg_Logistica,Roberta: ./Seed/RoBERTa-1500-12-LM / CONTEXT_CONCAT,irony
81.65,70.743,Random_Forest,Roberta: ./Seed/RoBERTa-1500-12-LM / CONTEXT_CONCAT,irony
75.333,70.42,SVM,Roberta: ./Seed/RoBERTa-1500-12-LM / CONTEXT_CONCAT,irony
86.297,82.313,MLPClassifier,Roberta: ./Seed/RoBERTa-1500-12-LM / CONTEXT_CONCAT,irony
83.277,77.23,XGboost,Roberta: ./Seed/RoBERTa-1500-12-LM / CONTEXT_CONCAT,irony
88.143,87.273,Reg_Logistica,Roberta: ./Seed/RoBERTa-1500-12-LM / CONTEXT_CONCAT,SemEval16
84.74,81.923,Random_Forest,Roberta: ./Seed/RoBERTa-1500-12-LM / CONTEXT_CONCAT,SemEval16
88.613,87.857,SVM,Roberta: ./Seed/RoBERTa-1500-12-LM / CONTEXT_CONCAT,SemEval16
88.193,87.12,MLPClassifier,Roberta: ./Seed/RoBERTa-1500-12-LM / CONTEXT_CONCAT,SemEval16
86.297,84.99,XGboost,Roberta: ./Seed/RoBERTa-1500-12-LM / CONTEXT_CONCAT,SemEval16
88.167,85.377,Reg_Logistica,Roberta: ./Seed/RoBERTa-1500-12-LM / CONTEXT_CONCAT,sanders
84.21,72.31,Random_Forest,Roberta: ./Seed/RoBERTa-1500-12-LM / CONTEXT_CONCAT,sanders
85.11,82.93,SVM,Roberta: ./Seed/RoBERTa-1500-12-LM / CONTEXT_CONCAT,sanders
88.23,84.827,MLPClassifier,Roberta: ./Seed/RoBERTa-1500-12-LM / CONTEXT_CONCAT,sanders
86.36,80.343,XGboost,Roberta: ./Seed/RoBERTa-1500-12-LM / CONTEXT_CONCAT,sanders
87.033,86.65,Reg_Logistica,Roberta: ./Seed/RoBERTa-1500-12-LM / CONTEXT_CONCAT,debate08
82.92,81.223,Random_Forest,Roberta: ./Seed/RoBERTa-1500-12-LM / CONTEXT_CONCAT,debate08
85.86,85.423,SVM,Roberta: ./Seed/RoBERTa-1500-12-LM / CONTEXT_CONCAT,debate08
87.433,87.01,MLPClassifier,Roberta: ./Seed/RoBERTa-1500-12-LM / CONTEXT_CONCAT,debate08
85.063,84.307,XGboost,Roberta: ./Seed/RoBERTa-1500-12-LM / CONTEXT_CONCAT,debate08
85.163,81.997,Reg_Logistica,Roberta: ./Seed/RoBERTa-1500-12-LM / CONTEXT_CONCAT,STS-gold
77.373,64.58,Random_Forest,Roberta: ./Seed/RoBERTa-1500-12-LM / CONTEXT_CONCAT,STS-gold
72.043,67.11,SVM,Roberta: ./Seed/RoBERTa-1500-12-LM / CONTEXT_CONCAT,STS-gold
85.973,82.403,MLPClassifier,Roberta: ./Seed/RoBERTa-1500-12-LM / CONTEXT_CONCAT,STS-gold
80.313,73.543,XGboost,Roberta: ./Seed/RoBERTa-1500-12-LM / CONTEXT_CONCAT,STS-gold
90.96,86.96,Reg_Logistica,Roberta: ./Seed/RoBERTa-1500-12-LM / CONTEXT_CONCAT,sentiment140
86.28,72.543,Random_Forest,Roberta: ./Seed/RoBERTa-1500-12-LM / CONTEXT_CONCAT,sentiment140
90.323,85.9,SVM,Roberta: ./Seed/RoBERTa-1500-12-LM / CONTEXT_CONCAT,sentiment140
91.303,86.673,MLPClassifier,Roberta: ./Seed/RoBERTa-1500-12-LM / CONTEXT_CONCAT,sentiment140
87.42,78.11,XGboost,Roberta: ./Seed/RoBERTa-1500-12-LM / CONTEXT_CONCAT,sentiment140
83.133,80.59,Reg_Logistica,Roberta: ./Seed/RoBERTa-1500-12-LM / CONTEXT_CONCAT,iphone
79.067,69.233,Random_Forest,Roberta: ./Seed/RoBERTa-1500-12-LM / CONTEXT_CONCAT,iphone
79.277,77.18,SVM,Roberta: ./Seed/RoBERTa-1500-12-LM / CONTEXT_CONCAT,iphone
84.183,81.233,MLPClassifier,Roberta: ./Seed/RoBERTa-1500-12-LM / CONTEXT_CONCAT,iphone
82.003,76.893,XGboost,Roberta: ./Seed/RoBERTa-1500-12-LM / CONTEXT_CONCAT,iphone
91.547,90.763,Reg_Logistica,Roberta: ./Seed/RoBERTa-1500-12-LM / CONTEXT_CONCAT,VADER
87.093,84.69,Random_Forest,Roberta: ./Seed/RoBERTa-1500-12-LM / CONTEXT_CONCAT,VADER
90.79,90.037,SVM,Roberta: ./Seed/RoBERTa-1500-12-LM / CONTEXT_CONCAT,VADER
91.33,90.42,MLPClassifier,Roberta: ./Seed/RoBERTa-1500-12-LM / CONTEXT_CONCAT,VADER
90.08,88.867,XGboost,Roberta: ./Seed/RoBERTa-1500-12-LM / CONTEXT_CONCAT,VADER
89.833,89.683,Reg_Logistica,Roberta: ./Seed/RoBERTa-1500-12-LM / CONTEXT_CONCAT,Narr-KDML-2012
87.593,87.233,Random_Forest,Roberta: ./Seed/RoBERTa-1500-12-LM / CONTEXT_CONCAT,Narr-KDML-2012
89.507,89.383,SVM,Roberta: ./Seed/RoBERTa-1500-12-LM / CONTEXT_CONCAT,Narr-KDML-2012
89.65,89.487,MLPClassifier,Roberta: ./Seed/RoBERTa-1500-12-LM / CONTEXT_CONCAT,Narr-KDML-2012
88.547,88.313,XGboost,Roberta: ./Seed/RoBERTa-1500-12-LM / CONTEXT_CONCAT,Narr-KDML-2012
81.353,77.343,Reg_Logistica,Roberta: ./Seed/RoBERTa-1500-12-LM / CONTEXT_CONCAT,person
74.563,57.133,Random_Forest,Roberta: ./Seed/RoBERTa-1500-12-LM / CONTEXT_CONCAT,person
73.67,68.2,SVM,Roberta: ./Seed/RoBERTa-1500-12-LM / CONTEXT_CONCAT,person
81.513,76.987,MLPClassifier,Roberta: ./Seed/RoBERTa-1500-12-LM / CONTEXT_CONCAT,person
74.07,64.733,XGboost,Roberta: ./Seed/RoBERTa-1500-12-LM / CONTEXT_CONCAT,person
86.513,81.47,Reg_Logistica,Roberta: ./Seed/RoBERTa-1500-12-LM / CONTEXT_CONCAT,HCR
84.107,66.343,Random_Forest,Roberta: ./Seed/RoBERTa-1500-12-LM / CONTEXT_CONCAT,HCR
84.217,78.73,SVM,Roberta: ./Seed/RoBERTa-1500-12-LM / CONTEXT_CONCAT,HCR
87.473,81.46,MLPClassifier,Roberta: ./Seed/RoBERTa-1500-12-LM / CONTEXT_CONCAT,HCR
85.657,74.087,XGboost,Roberta: ./Seed/RoBERTa-1500-12-LM / CONTEXT_CONCAT,HCR
88.143,87.273,Reg_Logistica,Roberta: ./Seed/RoBERTa-1500-12-LM / CONTEXT_CONCAT,SentiStrength
84.83,82.053,Random_Forest,Roberta: ./Seed/RoBERTa-1500-12-LM / CONTEXT_CONCAT,SentiStrength
88.613,87.857,SVM,Roberta: ./Seed/RoBERTa-1500-12-LM / CONTEXT_CONCAT,SentiStrength
88.143,87.097,MLPClassifier,Roberta: ./Seed/RoBERTa-1500-12-LM / CONTEXT_CONCAT,SentiStrength
86.297,84.99,XGboost,Roberta: ./Seed/RoBERTa-1500-12-LM / CONTEXT_CONCAT,SentiStrength
90.053,89.403,Reg_Logistica,Roberta: ./Seed/RoBERTa-1500-12-LM / CONTEXT_CONCAT,SemEval17-test
85.52,83.23,Random_Forest,Roberta: ./Seed/RoBERTa-1500-12-LM / CONTEXT_CONCAT,SemEval17-test
89.857,89.267,SVM,Roberta: ./Seed/RoBERTa-1500-12-LM / CONTEXT_CONCAT,SemEval17-test
90.197,89.473,MLPClassifier,Roberta: ./Seed/RoBERTa-1500-12-LM / CONTEXT_CONCAT,SemEval17-test
88.773,87.687,XGboost,Roberta: ./Seed/RoBERTa-1500-12-LM / CONTEXT_CONCAT,SemEval17-test
88.397,83.997,Reg_Logistica,Roberta: ./Seed/RoBERTa-1500-12-LM / CONTEXT_CONCAT,movie
80.91,61.303,Random_Forest,Roberta: ./Seed/RoBERTa-1500-12-LM / CONTEXT_CONCAT,movie
81.49,78.07,SVM,Roberta: ./Seed/RoBERTa-1500-12-LM / CONTEXT_CONCAT,movie
87.787,82.63,MLPClassifier,Roberta: ./Seed/RoBERTa-1500-12-LM / CONTEXT_CONCAT,movie
85.093,75.68,XGboost,Roberta: ./Seed/RoBERTa-1500-12-LM / CONTEXT_CONCAT,movie
