Data_Set,accuracy,f1_macro,Classifier_Model,Embedding
HCR,7908.0,7481.0,Reg_Logistica,RoBERTa\_LOO
Narr-KDML-2012,9389.0,9365.0,Reg_Logistica,RoBERTa\_LOO
STS-gold,9331.0,9221.0,Reg_Logistica,RoBERTa\_LOO
SemEval13,8929.0,8683.0,Reg_Logistica,RoBERTa\_LOO
SemEval15-Task11,8973.0,7924.0,Reg_Logistica,RoBERTa\_LOO
SemEval16,9044.0,8831.0,Reg_Logistica,RoBERTa\_LOO
SemEval17-test,9225.0,9176.0,Reg_Logistica,RoBERTa\_LOO
SemEval18,8849.0,8840.0,Reg_Logistica,RoBERTa\_LOO
SentiStrength,8624.0,8585.0,Reg_Logistica,RoBERTa\_LOO
Target-dependent,8515.0,8514.0,Reg_Logistica,RoBERTa\_LOO
VADER,9113.0,8974.0,Reg_Logistica,RoBERTa\_LOO
archeage,8975.0,8951.0,Reg_Logistica,RoBERTa\_LOO
debate08,8594.0,8502.0,Reg_Logistica,RoBERTa\_LOO
hobbit,8812.0,8650.0,Reg_Logistica,RoBERTa\_LOO
iphone,8628.0,8412.0,Reg_Logistica,RoBERTa\_LOO
irony,7452.0,6799.0,Reg_Logistica,RoBERTa\_LOO
movie,8983.0,8284.0,Reg_Logistica,RoBERTa\_LOO
ntua,9032.0,9008.0,Reg_Logistica,RoBERTa\_LOO
person,8565.0,8298.0,Reg_Logistica,RoBERTa\_LOO
sanders,8979.0,8973.0,Reg_Logistica,RoBERTa\_LOO
sarcasm,7589.0,7506.0,Reg_Logistica,RoBERTa\_LOO
sentiment140,9110.0,9105.0,Reg_Logistica,RoBERTa\_LOO
HCR,8030.7,7532.0,MLPClassifier,RoBERTa\_LOO
Narr-KDML-2012,9413.3,9387.7,MLPClassifier,RoBERTa\_LOO
STS-gold,9342.7,9230.7,MLPClassifier,RoBERTa\_LOO
SemEval13,8940.0,8665.0,MLPClassifier,RoBERTa\_LOO
SemEval15-Task11,8951.3,7542.7,MLPClassifier,RoBERTa\_LOO
SemEval16,9061.3,8813.3,MLPClassifier,RoBERTa\_LOO
SemEval17-test,9231.3,9176.3,MLPClassifier,RoBERTa\_LOO
SemEval18,8881.3,8873.7,MLPClassifier,RoBERTa\_LOO
SentiStrength,8621.0,8578.3,MLPClassifier,RoBERTa\_LOO
Target-dependent,8523.3,8522.7,MLPClassifier,RoBERTa\_LOO
VADER,9096.0,8938.7,MLPClassifier,RoBERTa\_LOO
archeage,8977.3,8951.0,MLPClassifier,RoBERTa\_LOO
debate08,8578.3,8467.3,MLPClassifier,RoBERTa\_LOO
hobbit,8755.3,8526.3,MLPClassifier,RoBERTa\_LOO
iphone,8772.3,8528.7,MLPClassifier,RoBERTa\_LOO
irony,7737.7,6994.7,MLPClassifier,RoBERTa\_LOO
movie,8971.0,8135.3,MLPClassifier,RoBERTa\_LOO
ntua,9020.0,8994.7,MLPClassifier,RoBERTa\_LOO
person,8459.0,8110.3,MLPClassifier,RoBERTa\_LOO
sanders,8986.3,8979.3,MLPClassifier,RoBERTa\_LOO
sarcasm,8065.7,7934.7,MLPClassifier,RoBERTa\_LOO
sentiment140,8970.0,8965.3,MLPClassifier,RoBERTa\_LOO
HCR,8187.0,7452.0,XGboost,RoBERTa\_LOO
Narr-KDML-2012,9185.0,9150.0,XGboost,RoBERTa\_LOO
STS-gold,9140.0,8952.0,XGboost,RoBERTa\_LOO
SemEval13,8805.0,8417.0,XGboost,RoBERTa\_LOO
SemEval15-Task11,8973.0,7033.0,XGboost,RoBERTa\_LOO
SemEval16,9036.0,8747.0,XGboost,RoBERTa\_LOO
SemEval17-test,9170.0,9105.0,XGboost,RoBERTa\_LOO
SemEval18,8822.0,8811.0,XGboost,RoBERTa\_LOO
SentiStrength,8558.0,8505.0,XGboost,RoBERTa\_LOO
Target-dependent,8428.0,8427.0,XGboost,RoBERTa\_LOO
VADER,8961.0,8753.0,XGboost,RoBERTa\_LOO
archeage,9092.0,9070.0,XGboost,RoBERTa\_LOO
debate08,8631.0,8479.0,XGboost,RoBERTa\_LOO
hobbit,8046.0,7606.0,XGboost,RoBERTa\_LOO
iphone,8552.0,8190.0,XGboost,RoBERTa\_LOO
irony,6119.0,4844.0,XGboost,RoBERTa\_LOO
movie,8628.0,7066.0,XGboost,RoBERTa\_LOO
ntua,8491.0,8435.0,XGboost,RoBERTa\_LOO
person,8337.0,7772.0,XGboost,RoBERTa\_LOO
sanders,9003.0,8996.0,XGboost,RoBERTa\_LOO
sarcasm,7732.0,7675.0,XGboost,RoBERTa\_LOO
sentiment140,8860.0,8855.0,XGboost,RoBERTa\_LOO
HCR,7604.0,7259.0,SVM,RoBERTa\_LOO
Narr-KDML-2012,9250.0,9235.0,SVM,RoBERTa\_LOO
STS-gold,9213.0,9097.0,SVM,RoBERTa\_LOO
SemEval13,8641.0,8441.0,SVM,RoBERTa\_LOO
SemEval15-Task11,8631.0,7428.0,SVM,RoBERTa\_LOO
SemEval16,8971.0,8775.0,SVM,RoBERTa\_LOO
SemEval17-test,9171.0,9121.0,SVM,RoBERTa\_LOO
SemEval18,8854.0,8844.0,SVM,RoBERTa\_LOO
SentiStrength,8563.0,8541.0,SVM,RoBERTa\_LOO
Target-dependent,8587.0,8585.0,SVM,RoBERTa\_LOO
VADER,8937.0,8810.0,SVM,RoBERTa\_LOO
archeage,8947.0,8927.0,SVM,RoBERTa\_LOO
debate08,8458.0,8360.0,SVM,RoBERTa\_LOO
hobbit,7394.0,7310.0,SVM,RoBERTa\_LOO
iphone,7896.0,7772.0,SVM,RoBERTa\_LOO
irony,4667.0,3100.0,SVM,RoBERTa\_LOO
movie,7987.0,7401.0,SVM,RoBERTa\_LOO
ntua,8348.0,8307.0,SVM,RoBERTa\_LOO
person,7038.0,6917.0,SVM,RoBERTa\_LOO
sanders,8717.0,8704.0,SVM,RoBERTa\_LOO
sarcasm,6500.0,5349.0,SVM,RoBERTa\_LOO
sentiment140,9025.0,9021.0,SVM,RoBERTa\_LOO
HCR,7774.3,6230.7,Random_Forest,RoBERTa\_LOO
Narr-KDML-2012,9068.0,9014.7,Random_Forest,RoBERTa\_LOO
STS-gold,8543.0,8038.0,Random_Forest,RoBERTa\_LOO
SemEval13,8279.3,7354.3,Random_Forest,RoBERTa\_LOO
SemEval15-Task11,8722.7,5654.0,Random_Forest,RoBERTa\_LOO
SemEval16,8684.7,8123.3,Random_Forest,RoBERTa\_LOO
SemEval17-test,8948.7,8845.0,Random_Forest,RoBERTa\_LOO
SemEval18,8657.3,8636.3,Random_Forest,RoBERTa\_LOO
SentiStrength,8316.3,8223.3,Random_Forest,RoBERTa\_LOO
Target-dependent,8362.7,8361.7,Random_Forest,RoBERTa\_LOO
VADER,8592.0,8152.7,Random_Forest,RoBERTa\_LOO
archeage,8999.0,8963.7,Random_Forest,RoBERTa\_LOO
debate08,8156.3,7809.7,Random_Forest,RoBERTa\_LOO
hobbit,8072.0,7382.0,Random_Forest,RoBERTa\_LOO
iphone,8270.7,7658.0,Random_Forest,RoBERTa\_LOO
irony,6714.3,4399.3,Random_Forest,RoBERTa\_LOO
movie,8218.0,4600.7,Random_Forest,RoBERTa\_LOO
ntua,8694.3,8646.0,Random_Forest,RoBERTa\_LOO
person,7760.0,6374.7,Random_Forest,RoBERTa\_LOO
sanders,8815.3,8800.0,Random_Forest,RoBERTa\_LOO
sarcasm,7833.3,7611.3,Random_Forest,RoBERTa\_LOO
sentiment140,8960.7,8958.0,Random_Forest,RoBERTa\_LOO
