accuracy,f1_macro,Classifier_Model,Embedding,Data_Set
90.18,89.57,Reg_Logistica,Bert: bert-base-uncased / CONTEXT_CONCAT,SemEval17-test
86.54,85.1,Random_Forest,Bert: bert-base-uncased / CONTEXT_CONCAT,SemEval17-test
91.54,91.03,SVM,Bert: bert-base-uncased / CONTEXT_CONCAT,SemEval17-test
91.07,90.43,MLPClassifier,Bert: bert-base-uncased / CONTEXT_CONCAT,SemEval17-test
89.93,89.13,XGboost,Bert: bert-base-uncased / CONTEXT_CONCAT,SemEval17-test
71.79,70.79,Reg_Logistica,Bert: bert-base-uncased / CONTEXT_CONCAT,sarcasm
67.32,64.83,Random_Forest,Bert: bert-base-uncased / CONTEXT_CONCAT,sarcasm
76.07,75.63,SVM,Bert: bert-base-uncased / CONTEXT_CONCAT,sarcasm
71.79,70.21,MLPClassifier,Bert: bert-base-uncased / CONTEXT_CONCAT,sarcasm
62.14,60.37,XGboost,Bert: bert-base-uncased / CONTEXT_CONCAT,sarcasm
90.51,88.92,Reg_Logistica,Bert: bert-base-uncased / CONTEXT_CONCAT,STS-gold
81.71,74.36,Random_Forest,Bert: bert-base-uncased / CONTEXT_CONCAT,STS-gold
90.46,89.16,SVM,Bert: bert-base-uncased / CONTEXT_CONCAT,STS-gold
90.66,89.02,MLPClassifier,Bert: bert-base-uncased / CONTEXT_CONCAT,STS-gold
87.86,85.04,XGboost,Bert: bert-base-uncased / CONTEXT_CONCAT,STS-gold
88.63,86.06,Reg_Logistica,Bert: bert-base-uncased / CONTEXT_CONCAT,SemEval16
84.01,76.1,Random_Forest,Bert: bert-base-uncased / CONTEXT_CONCAT,SemEval16
88.77,86.59,SVM,Bert: bert-base-uncased / CONTEXT_CONCAT,SemEval16
88.53,85.43,MLPClassifier,Bert: bert-base-uncased / CONTEXT_CONCAT,SemEval16
88.42,84.64,XGboost,Bert: bert-base-uncased / CONTEXT_CONCAT,SemEval16
88.59,88.32,Reg_Logistica,Bert: bert-base-uncased / CONTEXT_CONCAT,archeage
86.09,85.51,Random_Forest,Bert: bert-base-uncased / CONTEXT_CONCAT,archeage
87.25,87.02,SVM,Bert: bert-base-uncased / CONTEXT_CONCAT,archeage
88.89,88.6,MLPClassifier,Bert: bert-base-uncased / CONTEXT_CONCAT,archeage
87.31,86.93,XGboost,Bert: bert-base-uncased / CONTEXT_CONCAT,archeage
82.32,82.32,Reg_Logistica,Bert: bert-base-uncased / CONTEXT_CONCAT,Target-dependent
82.35,82.34,Random_Forest,Bert: bert-base-uncased / CONTEXT_CONCAT,Target-dependent
85.64,85.62,SVM,Bert: bert-base-uncased / CONTEXT_CONCAT,Target-dependent
83.7,83.7,MLPClassifier,Bert: bert-base-uncased / CONTEXT_CONCAT,Target-dependent
83.33,83.32,XGboost,Bert: bert-base-uncased / CONTEXT_CONCAT,Target-dependent
87.7,78.63,Reg_Logistica,Bert: bert-base-uncased / CONTEXT_CONCAT,movie
82.35,46.89,Random_Forest,Bert: bert-base-uncased / CONTEXT_CONCAT,movie
84.14,77.58,SVM,Bert: bert-base-uncased / CONTEXT_CONCAT,movie
88.41,78.5,MLPClassifier,Bert: bert-base-uncased / CONTEXT_CONCAT,movie
84.49,59.81,XGboost,Bert: bert-base-uncased / CONTEXT_CONCAT,movie
79.24,74.75,Reg_Logistica,Bert: bert-base-uncased / CONTEXT_CONCAT,HCR
75.89,56.58,Random_Forest,Bert: bert-base-uncased / CONTEXT_CONCAT,HCR
78.61,74.75,SVM,Bert: bert-base-uncased / CONTEXT_CONCAT,HCR
79.56,74.03,MLPClassifier,Bert: bert-base-uncased / CONTEXT_CONCAT,HCR
79.92,71.37,XGboost,Bert: bert-base-uncased / CONTEXT_CONCAT,HCR
87.75,87.41,Reg_Logistica,Bert: bert-base-uncased / CONTEXT_CONCAT,ntua
83.06,81.77,Random_Forest,Bert: bert-base-uncased / CONTEXT_CONCAT,ntua
87.02,86.73,SVM,Bert: bert-base-uncased / CONTEXT_CONCAT,ntua
88.82,88.52,MLPClassifier,Bert: bert-base-uncased / CONTEXT_CONCAT,ntua
82.72,82.24,XGboost,Bert: bert-base-uncased / CONTEXT_CONCAT,ntua
83.76,83.65,Reg_Logistica,Bert: bert-base-uncased / CONTEXT_CONCAT,SemEval18
80.69,80.17,Random_Forest,Bert: bert-base-uncased / CONTEXT_CONCAT,SemEval18
87.25,87.16,SVM,Bert: bert-base-uncased / CONTEXT_CONCAT,SemEval18
85.85,85.77,MLPClassifier,Bert: bert-base-uncased / CONTEXT_CONCAT,SemEval18
84.62,84.45,XGboost,Bert: bert-base-uncased / CONTEXT_CONCAT,SemEval18
89.3,87.59,Reg_Logistica,Bert: bert-base-uncased / CONTEXT_CONCAT,VADER
82.55,75.67,Random_Forest,Bert: bert-base-uncased / CONTEXT_CONCAT,VADER
89.63,88.18,SVM,Bert: bert-base-uncased / CONTEXT_CONCAT,VADER
89.2,87.32,MLPClassifier,Bert: bert-base-uncased / CONTEXT_CONCAT,VADER
87.61,84.75,XGboost,Bert: bert-base-uncased / CONTEXT_CONCAT,VADER
90.66,78.66,Reg_Logistica,Bert: bert-base-uncased / CONTEXT_CONCAT,SemEval15-Task11
85.36,46.05,Random_Forest,Bert: bert-base-uncased / CONTEXT_CONCAT,SemEval15-Task11
90.03,77.58,SVM,Bert: bert-base-uncased / CONTEXT_CONCAT,SemEval15-Task11
91.89,78.77,MLPClassifier,Bert: bert-base-uncased / CONTEXT_CONCAT,SemEval15-Task11
87.84,58.92,XGboost,Bert: bert-base-uncased / CONTEXT_CONCAT,SemEval15-Task11
84.15,83.09,Reg_Logistica,Bert: bert-base-uncased / CONTEXT_CONCAT,debate08
79.28,75.07,Random_Forest,Bert: bert-base-uncased / CONTEXT_CONCAT,debate08
85.62,84.71,SVM,Bert: bert-base-uncased / CONTEXT_CONCAT,debate08
84.84,83.73,MLPClassifier,Bert: bert-base-uncased / CONTEXT_CONCAT,debate08
83.63,81.74,XGboost,Bert: bert-base-uncased / CONTEXT_CONCAT,debate08
91.04,90.67,Reg_Logistica,Bert: bert-base-uncased / CONTEXT_CONCAT,Narr-KDML-2012
85.41,84.25,Random_Forest,Bert: bert-base-uncased / CONTEXT_CONCAT,Narr-KDML-2012
91.6,91.34,SVM,Bert: bert-base-uncased / CONTEXT_CONCAT,Narr-KDML-2012
91.12,90.73,MLPClassifier,Bert: bert-base-uncased / CONTEXT_CONCAT,Narr-KDML-2012
88.59,88.01,XGboost,Bert: bert-base-uncased / CONTEXT_CONCAT,Narr-KDML-2012
86.78,83.7,Reg_Logistica,Bert: bert-base-uncased / CONTEXT_CONCAT,SemEval13
79.88,66.9,Random_Forest,Bert: bert-base-uncased / CONTEXT_CONCAT,SemEval13
86.62,84.21,SVM,Bert: bert-base-uncased / CONTEXT_CONCAT,SemEval13
87.09,83.67,MLPClassifier,Bert: bert-base-uncased / CONTEXT_CONCAT,SemEval13
85.47,80.39,XGboost,Bert: bert-base-uncased / CONTEXT_CONCAT,SemEval13
83.09,79.65,Reg_Logistica,Bert: bert-base-uncased / CONTEXT_CONCAT,iphone
80.25,71.96,Random_Forest,Bert: bert-base-uncased / CONTEXT_CONCAT,iphone
81.58,79.63,SVM,Bert: bert-base-uncased / CONTEXT_CONCAT,iphone
83.47,80.06,MLPClassifier,Bert: bert-base-uncased / CONTEXT_CONCAT,iphone
80.82,75.27,XGboost,Bert: bert-base-uncased / CONTEXT_CONCAT,iphone
85.8,85.74,Reg_Logistica,Bert: bert-base-uncased / CONTEXT_CONCAT,sentiment140
83.02,82.97,Random_Forest,Bert: bert-base-uncased / CONTEXT_CONCAT,sentiment140
89.14,89.11,SVM,Bert: bert-base-uncased / CONTEXT_CONCAT,sentiment140
87.2,87.12,MLPClassifier,Bert: bert-base-uncased / CONTEXT_CONCAT,sentiment140
82.46,82.43,XGboost,Bert: bert-base-uncased / CONTEXT_CONCAT,sentiment140
87.01,86.93,Reg_Logistica,Bert: bert-base-uncased / CONTEXT_CONCAT,sanders
82.6,82.3,Random_Forest,Bert: bert-base-uncased / CONTEXT_CONCAT,sanders
85.54,85.47,SVM,Bert: bert-base-uncased / CONTEXT_CONCAT,sanders
87.58,87.5,MLPClassifier,Bert: bert-base-uncased / CONTEXT_CONCAT,sanders
85.05,84.91,XGboost,Bert: bert-base-uncased / CONTEXT_CONCAT,sanders
86.01,84.27,Reg_Logistica,Bert: bert-base-uncased / CONTEXT_CONCAT,hobbit
77.4,67.02,Random_Forest,Bert: bert-base-uncased / CONTEXT_CONCAT,hobbit
83.52,81.76,SVM,Bert: bert-base-uncased / CONTEXT_CONCAT,hobbit
85.06,82.9,MLPClassifier,Bert: bert-base-uncased / CONTEXT_CONCAT,hobbit
80.27,75.67,XGboost,Bert: bert-base-uncased / CONTEXT_CONCAT,hobbit
83.66,83.2,Reg_Logistica,Bert: bert-base-uncased / CONTEXT_CONCAT,SentiStrength
78.68,77.15,Random_Forest,Bert: bert-base-uncased / CONTEXT_CONCAT,SentiStrength
85.19,84.87,SVM,Bert: bert-base-uncased / CONTEXT_CONCAT,SentiStrength
84.36,83.89,MLPClassifier,Bert: bert-base-uncased / CONTEXT_CONCAT,SentiStrength
82.79,82.06,XGboost,Bert: bert-base-uncased / CONTEXT_CONCAT,SentiStrength
84.97,82.27,Reg_Logistica,Bert: bert-base-uncased / CONTEXT_CONCAT,person
77.23,61.8,Random_Forest,Bert: bert-base-uncased / CONTEXT_CONCAT,person
83.13,80.73,SVM,Bert: bert-base-uncased / CONTEXT_CONCAT,person
84.75,81.6,MLPClassifier,Bert: bert-base-uncased / CONTEXT_CONCAT,person
80.87,74.16,XGboost,Bert: bert-base-uncased / CONTEXT_CONCAT,person
80.48,73.08,Reg_Logistica,Bert: bert-base-uncased / CONTEXT_CONCAT,irony
67.62,43.48,Random_Forest,Bert: bert-base-uncased / CONTEXT_CONCAT,irony
71.43,66.51,SVM,Bert: bert-base-uncased / CONTEXT_CONCAT,irony
80.48,70.87,MLPClassifier,Bert: bert-base-uncased / CONTEXT_CONCAT,irony
60.24,48.24,XGboost,Bert: bert-base-uncased / CONTEXT_CONCAT,irony
