Data_Set,accuracy,f1_macro,Classifier_Model,Embedding
HCR,79.24,74.72,Reg_Logistica,RoBERTa-5K
Narr-KDML-2012,94.21,93.99,Reg_Logistica,RoBERTa-5K
STS-gold,93.9,92.9,Reg_Logistica,RoBERTa-5K
SemEval13,89.01,86.5,Reg_Logistica,RoBERTa-5K
SemEval15-Task11,87.25,71.89,Reg_Logistica,RoBERTa-5K
SemEval16,90.05,87.81,Reg_Logistica,RoBERTa-5K
SemEval17-test,91.6,91.09,Reg_Logistica,RoBERTa-5K
SemEval18,87.79,87.71,Reg_Logistica,RoBERTa-5K
SentiStrength,85.54,85.16,Reg_Logistica,RoBERTa-5K
Target-dependent,84.57,84.56,Reg_Logistica,RoBERTa-5K
VADER,91.23,89.86,Reg_Logistica,RoBERTa-5K
archeage,90.63,90.42,Reg_Logistica,RoBERTa-5K
debate08,86.31,85.43,Reg_Logistica,RoBERTa-5K
hobbit,86.98,85.15,Reg_Logistica,RoBERTa-5K
iphone,86.47,84.15,Reg_Logistica,RoBERTa-5K
irony,74.05,67.2,Reg_Logistica,RoBERTa-5K
movie,88.4,79.87,Reg_Logistica,RoBERTa-5K
ntua,88.52,88.3,Reg_Logistica,RoBERTa-5K
person,86.79,84.01,Reg_Logistica,RoBERTa-5K
sanders,90.6,90.54,Reg_Logistica,RoBERTa-5K
sarcasm,71.79,71.17,Reg_Logistica,RoBERTa-5K
sentiment140,90.81,90.76,Reg_Logistica,RoBERTa-5K
HCR,80.35,74.78,MLPClassifier,RoBERTa-5K
Narr-KDML-2012,94.19,93.94,MLPClassifier,RoBERTa-5K
STS-gold,93.44,92.3,MLPClassifier,RoBERTa-5K
SemEval13,88.85,85.93,MLPClassifier,RoBERTa-5K
SemEval15-Task11,89.0,72.79,MLPClassifier,RoBERTa-5K
SemEval16,90.19,87.64,MLPClassifier,RoBERTa-5K
SemEval17-test,91.78,91.2,MLPClassifier,RoBERTa-5K
SemEval18,87.7,87.62,MLPClassifier,RoBERTa-5K
SentiStrength,85.36,84.92,MLPClassifier,RoBERTa-5K
Target-dependent,84.12,84.11,MLPClassifier,RoBERTa-5K
VADER,91.5,90.03,MLPClassifier,RoBERTa-5K
archeage,89.93,89.69,MLPClassifier,RoBERTa-5K
debate08,85.99,84.95,MLPClassifier,RoBERTa-5K
hobbit,87.43,85.43,MLPClassifier,RoBERTa-5K
iphone,87.54,85.09,MLPClassifier,RoBERTa-5K
irony,73.01,63.54,MLPClassifier,RoBERTa-5K
movie,88.47,78.93,MLPClassifier,RoBERTa-5K
ntua,86.83,86.5,MLPClassifier,RoBERTa-5K
person,85.19,81.6,MLPClassifier,RoBERTa-5K
sanders,90.06,89.98,MLPClassifier,RoBERTa-5K
sarcasm,74.16,73.37,MLPClassifier,RoBERTa-5K
sentiment140,88.75,88.69,MLPClassifier,RoBERTa-5K
HCR,81.08,72.89,XGboost,RoBERTa-5K
Narr-KDML-2012,92.42,92.06,XGboost,RoBERTa-5K
STS-gold,90.76,88.7,XGboost,RoBERTa-5K
SemEval13,87.67,83.57,XGboost,RoBERTa-5K
SemEval15-Task11,90.97,74.11,XGboost,RoBERTa-5K
SemEval16,89.62,86.44,XGboost,RoBERTa-5K
SemEval17-test,90.8,90.07,XGboost,RoBERTa-5K
SemEval18,85.8,85.68,XGboost,RoBERTa-5K
SentiStrength,85.23,84.71,XGboost,RoBERTa-5K
Target-dependent,85.15,85.14,XGboost,RoBERTa-5K
VADER,89.28,86.89,XGboost,RoBERTa-5K
archeage,89.58,89.29,XGboost,RoBERTa-5K
debate08,85.99,84.4,XGboost,RoBERTa-5K
hobbit,81.6,77.42,XGboost,RoBERTa-5K
iphone,84.78,80.96,XGboost,RoBERTa-5K
irony,64.29,47.99,XGboost,RoBERTa-5K
movie,87.87,73.38,XGboost,RoBERTa-5K
ntua,76.61,75.86,XGboost,RoBERTa-5K
person,82.0,75.6,XGboost,RoBERTa-5K
sanders,86.93,86.8,XGboost,RoBERTa-5K
sarcasm,61.96,59.94,XGboost,RoBERTa-5K
sentiment140,85.25,85.21,XGboost,RoBERTa-5K
HCR,77.2,73.24,SVM,RoBERTa-5K
Narr-KDML-2012,92.58,92.38,SVM,RoBERTa-5K
STS-gold,91.39,90.26,SVM,RoBERTa-5K
SemEval13,86.18,84.04,SVM,RoBERTa-5K
SemEval15-Task11,84.75,71.77,SVM,RoBERTa-5K
SemEval16,88.85,86.82,SVM,RoBERTa-5K
SemEval17-test,91.37,90.87,SVM,RoBERTa-5K
SemEval18,87.15,87.0,SVM,RoBERTa-5K
SentiStrength,85.93,85.69,SVM,RoBERTa-5K
Target-dependent,86.36,86.34,SVM,RoBERTa-5K
VADER,89.82,88.49,SVM,RoBERTa-5K
archeage,89.0,88.81,SVM,RoBERTa-5K
debate08,83.63,82.6,SVM,RoBERTa-5K
hobbit,73.56,72.58,SVM,RoBERTa-5K
iphone,77.46,75.99,SVM,RoBERTa-5K
irony,46.67,31.0,SVM,RoBERTa-5K
movie,81.64,75.5,SVM,RoBERTa-5K
ntua,79.15,78.72,SVM,RoBERTa-5K
person,70.38,69.53,SVM,RoBERTa-5K
sanders,85.21,85.05,SVM,RoBERTa-5K
sarcasm,65.0,55.76,SVM,RoBERTa-5K
sentiment140,89.7,89.68,SVM,RoBERTa-5K
HCR,76.22,57.86,Random_Forest,RoBERTa-5K
Narr-KDML-2012,89.08,88.32,Random_Forest,RoBERTa-5K
STS-gold,84.91,79.48,Random_Forest,RoBERTa-5K
SemEval13,81.88,71.45,Random_Forest,RoBERTa-5K
SemEval15-Task11,85.88,49.18,Random_Forest,RoBERTa-5K
SemEval16,85.34,78.43,Random_Forest,RoBERTa-5K
SemEval17-test,88.4,87.17,Random_Forest,RoBERTa-5K
SemEval18,84.92,84.67,Random_Forest,RoBERTa-5K
SentiStrength,82.5,81.39,Random_Forest,RoBERTa-5K
Target-dependent,83.86,83.84,Random_Forest,RoBERTa-5K
VADER,84.0,78.21,Random_Forest,RoBERTa-5K
archeage,88.14,87.66,Random_Forest,RoBERTa-5K
debate08,80.73,76.93,Random_Forest,RoBERTa-5K
hobbit,79.83,71.95,Random_Forest,RoBERTa-5K
iphone,81.94,74.83,Random_Forest,RoBERTa-5K
irony,66.11,40.51,Random_Forest,RoBERTa-5K
movie,82.42,47.23,Random_Forest,RoBERTa-5K
ntua,81.32,80.47,Random_Forest,RoBERTa-5K
person,77.83,64.06,Random_Forest,RoBERTa-5K
sanders,86.3,86.09,Random_Forest,RoBERTa-5K
sarcasm,70.78,67.56,Random_Forest,RoBERTa-5K
sentiment140,87.94,87.89,Random_Forest,RoBERTa-5K
