accuracy,f1_macro,Classifier_Model,Embedding,Data_Set
82.703,80.22,Reg_Logistica,Roberta: ./Seed/RoBERTa-5-12-LM / CONTEXT_CONCAT,irony
76.94,67.987,Random_Forest,Roberta: ./Seed/RoBERTa-5-12-LM / CONTEXT_CONCAT,irony
70.583,65.137,SVM,Roberta: ./Seed/RoBERTa-5-12-LM / CONTEXT_CONCAT,irony
82.063,78.647,MLPClassifier,Roberta: ./Seed/RoBERTa-5-12-LM / CONTEXT_CONCAT,irony
75.377,69.52,XGboost,Roberta: ./Seed/RoBERTa-5-12-LM / CONTEXT_CONCAT,irony
86.623,80.917,Reg_Logistica,Roberta: ./Seed/RoBERTa-5-12-LM / CONTEXT_CONCAT,debate08
82.477,68.317,Random_Forest,Roberta: ./Seed/RoBERTa-5-12-LM / CONTEXT_CONCAT,debate08
84.003,78.99,SVM,Roberta: ./Seed/RoBERTa-5-12-LM / CONTEXT_CONCAT,debate08
86.91,80.843,MLPClassifier,Roberta: ./Seed/RoBERTa-5-12-LM / CONTEXT_CONCAT,debate08
87.65,80.97,XGboost,Roberta: ./Seed/RoBERTa-5-12-LM / CONTEXT_CONCAT,debate08
84.813,83.233,Reg_Logistica,Roberta: ./Seed/RoBERTa-5-12-LM / CONTEXT_CONCAT,archeage
82.78,76.583,Random_Forest,Roberta: ./Seed/RoBERTa-5-12-LM / CONTEXT_CONCAT,archeage
84.187,82.797,SVM,Roberta: ./Seed/RoBERTa-5-12-LM / CONTEXT_CONCAT,archeage
84.877,82.793,MLPClassifier,Roberta: ./Seed/RoBERTa-5-12-LM / CONTEXT_CONCAT,archeage
85.27,82.44,XGboost,Roberta: ./Seed/RoBERTa-5-12-LM / CONTEXT_CONCAT,archeage
90.74,90.687,Reg_Logistica,Roberta: ./Seed/RoBERTa-5-12-LM / CONTEXT_CONCAT,sentiment140
87.62,87.527,Random_Forest,Roberta: ./Seed/RoBERTa-5-12-LM / CONTEXT_CONCAT,sentiment140
88.203,88.137,SVM,Roberta: ./Seed/RoBERTa-5-12-LM / CONTEXT_CONCAT,sentiment140
89.083,89.02,MLPClassifier,Roberta: ./Seed/RoBERTa-5-12-LM / CONTEXT_CONCAT,sentiment140
85.81,85.74,XGboost,Roberta: ./Seed/RoBERTa-5-12-LM / CONTEXT_CONCAT,sentiment140
85.783,84.713,Reg_Logistica,Roberta: ./Seed/RoBERTa-5-12-LM / CONTEXT_CONCAT,Target-dependent
82.333,78.847,Random_Forest,Roberta: ./Seed/RoBERTa-5-12-LM / CONTEXT_CONCAT,Target-dependent
82.483,81.643,SVM,Roberta: ./Seed/RoBERTa-5-12-LM / CONTEXT_CONCAT,Target-dependent
85.577,84.4,MLPClassifier,Roberta: ./Seed/RoBERTa-5-12-LM / CONTEXT_CONCAT,Target-dependent
85.307,83.5,XGboost,Roberta: ./Seed/RoBERTa-5-12-LM / CONTEXT_CONCAT,Target-dependent
89.117,87.203,Reg_Logistica,Roberta: ./Seed/RoBERTa-5-12-LM / CONTEXT_CONCAT,Narr-KDML-2012
83.483,75.53,Random_Forest,Roberta: ./Seed/RoBERTa-5-12-LM / CONTEXT_CONCAT,Narr-KDML-2012
87.057,85.293,SVM,Roberta: ./Seed/RoBERTa-5-12-LM / CONTEXT_CONCAT,Narr-KDML-2012
89.27,87.053,MLPClassifier,Roberta: ./Seed/RoBERTa-5-12-LM / CONTEXT_CONCAT,Narr-KDML-2012
88.087,84.55,XGboost,Roberta: ./Seed/RoBERTa-5-12-LM / CONTEXT_CONCAT,Narr-KDML-2012
84.623,81.487,Reg_Logistica,Roberta: ./Seed/RoBERTa-5-12-LM / CONTEXT_CONCAT,SemEval13
78.193,66.263,Random_Forest,Roberta: ./Seed/RoBERTa-5-12-LM / CONTEXT_CONCAT,SemEval13
74.183,68.24,SVM,Roberta: ./Seed/RoBERTa-5-12-LM / CONTEXT_CONCAT,SemEval13
83.153,79.02,MLPClassifier,Roberta: ./Seed/RoBERTa-5-12-LM / CONTEXT_CONCAT,SemEval13
79.07,72.257,XGboost,Roberta: ./Seed/RoBERTa-5-12-LM / CONTEXT_CONCAT,SemEval13
86.627,85.623,Reg_Logistica,Roberta: ./Seed/RoBERTa-5-12-LM / CONTEXT_CONCAT,ntua
80.763,75.743,Random_Forest,Roberta: ./Seed/RoBERTa-5-12-LM / CONTEXT_CONCAT,ntua
78.63,78.197,SVM,Roberta: ./Seed/RoBERTa-5-12-LM / CONTEXT_CONCAT,ntua
85.473,84.167,MLPClassifier,Roberta: ./Seed/RoBERTa-5-12-LM / CONTEXT_CONCAT,ntua
81.253,78.867,XGboost,Roberta: ./Seed/RoBERTa-5-12-LM / CONTEXT_CONCAT,ntua
89.75,87.91,Reg_Logistica,Roberta: ./Seed/RoBERTa-5-12-LM / CONTEXT_CONCAT,VADER
81.853,73.307,Random_Forest,Roberta: ./Seed/RoBERTa-5-12-LM / CONTEXT_CONCAT,VADER
83.34,82.17,SVM,Roberta: ./Seed/RoBERTa-5-12-LM / CONTEXT_CONCAT,VADER
89.297,87.113,MLPClassifier,Roberta: ./Seed/RoBERTa-5-12-LM / CONTEXT_CONCAT,VADER
86.853,83.127,XGboost,Roberta: ./Seed/RoBERTa-5-12-LM / CONTEXT_CONCAT,VADER
87.413,81.447,Reg_Logistica,Roberta: ./Seed/RoBERTa-5-12-LM / CONTEXT_CONCAT,SemEval15-Task11
83.153,67.913,Random_Forest,Roberta: ./Seed/RoBERTa-5-12-LM / CONTEXT_CONCAT,SemEval15-Task11
80.453,75.493,SVM,Roberta: ./Seed/RoBERTa-5-12-LM / CONTEXT_CONCAT,SemEval15-Task11
87.873,81.473,MLPClassifier,Roberta: ./Seed/RoBERTa-5-12-LM / CONTEXT_CONCAT,SemEval15-Task11
84.12,76.977,XGboost,Roberta: ./Seed/RoBERTa-5-12-LM / CONTEXT_CONCAT,SemEval15-Task11
90.33,89.963,Reg_Logistica,Roberta: ./Seed/RoBERTa-5-12-LM / CONTEXT_CONCAT,SemEval17-test
87.517,86.603,Random_Forest,Roberta: ./Seed/RoBERTa-5-12-LM / CONTEXT_CONCAT,SemEval17-test
89.963,89.58,SVM,Roberta: ./Seed/RoBERTa-5-12-LM / CONTEXT_CONCAT,SemEval17-test
90.447,90.033,MLPClassifier,Roberta: ./Seed/RoBERTa-5-12-LM / CONTEXT_CONCAT,SemEval17-test
89.133,88.607,XGboost,Roberta: ./Seed/RoBERTa-5-12-LM / CONTEXT_CONCAT,SemEval17-test
89.153,84.727,Reg_Logistica,Roberta: ./Seed/RoBERTa-5-12-LM / CONTEXT_CONCAT,SemEval16
83.233,66.083,Random_Forest,Roberta: ./Seed/RoBERTa-5-12-LM / CONTEXT_CONCAT,SemEval16
85.557,82.12,SVM,Roberta: ./Seed/RoBERTa-5-12-LM / CONTEXT_CONCAT,SemEval16
89.347,84.457,MLPClassifier,Roberta: ./Seed/RoBERTa-5-12-LM / CONTEXT_CONCAT,SemEval16
88.387,81.13,XGboost,Roberta: ./Seed/RoBERTa-5-12-LM / CONTEXT_CONCAT,SemEval16
88.35,86.797,Reg_Logistica,Roberta: ./Seed/RoBERTa-5-12-LM / CONTEXT_CONCAT,iphone
83.523,78.11,Random_Forest,Roberta: ./Seed/RoBERTa-5-12-LM / CONTEXT_CONCAT,iphone
80.797,79.813,SVM,Roberta: ./Seed/RoBERTa-5-12-LM / CONTEXT_CONCAT,iphone
89.007,87.337,MLPClassifier,Roberta: ./Seed/RoBERTa-5-12-LM / CONTEXT_CONCAT,iphone
85.727,82.817,XGboost,Roberta: ./Seed/RoBERTa-5-12-LM / CONTEXT_CONCAT,iphone
85.44,84.83,Reg_Logistica,Roberta: ./Seed/RoBERTa-5-12-LM / CONTEXT_CONCAT,STS-gold
81.357,78.283,Random_Forest,Roberta: ./Seed/RoBERTa-5-12-LM / CONTEXT_CONCAT,STS-gold
81.797,78.277,SVM,Roberta: ./Seed/RoBERTa-5-12-LM / CONTEXT_CONCAT,STS-gold
85.993,85.213,MLPClassifier,Roberta: ./Seed/RoBERTa-5-12-LM / CONTEXT_CONCAT,STS-gold
80.767,79.31,XGboost,Roberta: ./Seed/RoBERTa-5-12-LM / CONTEXT_CONCAT,STS-gold
87.747,81.18,Reg_Logistica,Roberta: ./Seed/RoBERTa-5-12-LM / CONTEXT_CONCAT,hobbit
82.753,64.38,Random_Forest,Roberta: ./Seed/RoBERTa-5-12-LM / CONTEXT_CONCAT,hobbit
81.497,76.13,SVM,Roberta: ./Seed/RoBERTa-5-12-LM / CONTEXT_CONCAT,hobbit
88.62,81.65,MLPClassifier,Roberta: ./Seed/RoBERTa-5-12-LM / CONTEXT_CONCAT,hobbit
86.747,78.367,XGboost,Roberta: ./Seed/RoBERTa-5-12-LM / CONTEXT_CONCAT,hobbit
90.223,89.307,Reg_Logistica,Roberta: ./Seed/RoBERTa-5-12-LM / CONTEXT_CONCAT,SentiStrength
83.933,79.963,Random_Forest,Roberta: ./Seed/RoBERTa-5-12-LM / CONTEXT_CONCAT,SentiStrength
89.047,88.147,SVM,Roberta: ./Seed/RoBERTa-5-12-LM / CONTEXT_CONCAT,SentiStrength
90.127,89.113,MLPClassifier,Roberta: ./Seed/RoBERTa-5-12-LM / CONTEXT_CONCAT,SentiStrength
88.423,86.767,XGboost,Roberta: ./Seed/RoBERTa-5-12-LM / CONTEXT_CONCAT,SentiStrength
90.683,89.837,Reg_Logistica,Roberta: ./Seed/RoBERTa-5-12-LM / CONTEXT_CONCAT,SemEval18
86.337,83.69,Random_Forest,Roberta: ./Seed/RoBERTa-5-12-LM / CONTEXT_CONCAT,SemEval18
89.527,88.733,SVM,Roberta: ./Seed/RoBERTa-5-12-LM / CONTEXT_CONCAT,SemEval18
90.423,89.43,MLPClassifier,Roberta: ./Seed/RoBERTa-5-12-LM / CONTEXT_CONCAT,SemEval18
89.28,88.06,XGboost,Roberta: ./Seed/RoBERTa-5-12-LM / CONTEXT_CONCAT,SemEval18
84.35,79.203,Reg_Logistica,Roberta: ./Seed/RoBERTa-5-12-LM / CONTEXT_CONCAT,movie
78.0,57.33,Random_Forest,Roberta: ./Seed/RoBERTa-5-12-LM / CONTEXT_CONCAT,movie
71.173,63.85,SVM,Roberta: ./Seed/RoBERTa-5-12-LM / CONTEXT_CONCAT,movie
84.033,77.62,MLPClassifier,Roberta: ./Seed/RoBERTa-5-12-LM / CONTEXT_CONCAT,movie
79.697,69.39,XGboost,Roberta: ./Seed/RoBERTa-5-12-LM / CONTEXT_CONCAT,movie
88.457,87.8,Reg_Logistica,Roberta: ./Seed/RoBERTa-5-12-LM / CONTEXT_CONCAT,sanders
83.33,80.197,Random_Forest,Roberta: ./Seed/RoBERTa-5-12-LM / CONTEXT_CONCAT,sanders
81.973,81.543,SVM,Roberta: ./Seed/RoBERTa-5-12-LM / CONTEXT_CONCAT,sanders
88.377,87.637,MLPClassifier,Roberta: ./Seed/RoBERTa-5-12-LM / CONTEXT_CONCAT,sanders
84.777,83.3,XGboost,Roberta: ./Seed/RoBERTa-5-12-LM / CONTEXT_CONCAT,sanders
82.327,78.35,Reg_Logistica,Roberta: ./Seed/RoBERTa-5-12-LM / CONTEXT_CONCAT,person
77.367,59.813,Random_Forest,Roberta: ./Seed/RoBERTa-5-12-LM / CONTEXT_CONCAT,person
72.34,66.93,SVM,Roberta: ./Seed/RoBERTa-5-12-LM / CONTEXT_CONCAT,person
82.137,77.373,MLPClassifier,Roberta: ./Seed/RoBERTa-5-12-LM / CONTEXT_CONCAT,person
77.277,69.64,XGboost,Roberta: ./Seed/RoBERTa-5-12-LM / CONTEXT_CONCAT,person
83.847,83.44,Reg_Logistica,Roberta: ./Seed/RoBERTa-5-12-LM / CONTEXT_CONCAT,sarcasm
80.05,78.26,Random_Forest,Roberta: ./Seed/RoBERTa-5-12-LM / CONTEXT_CONCAT,sarcasm
81.17,77.943,SVM,Roberta: ./Seed/RoBERTa-5-12-LM / CONTEXT_CONCAT,sarcasm
84.88,84.477,MLPClassifier,Roberta: ./Seed/RoBERTa-5-12-LM / CONTEXT_CONCAT,sarcasm
79.87,78.903,XGboost,Roberta: ./Seed/RoBERTa-5-12-LM / CONTEXT_CONCAT,sarcasm
86.64,84.317,Reg_Logistica,Roberta: ./Seed/RoBERTa-5-12-LM / CONTEXT_CONCAT,HCR
83.317,74.46,Random_Forest,Roberta: ./Seed/RoBERTa-5-12-LM / CONTEXT_CONCAT,HCR
85.017,82.957,SVM,Roberta: ./Seed/RoBERTa-5-12-LM / CONTEXT_CONCAT,HCR
86.88,84.15,MLPClassifier,Roberta: ./Seed/RoBERTa-5-12-LM / CONTEXT_CONCAT,HCR
86.76,82.873,XGboost,Roberta: ./Seed/RoBERTa-5-12-LM / CONTEXT_CONCAT,HCR
