accuracy,f1_macro,Classifier_Model,Embedding,Data_Set
78.48,78.15,Reg_Logistica,W2VEdin,SemEval18
77.67,77.02,Random_Forest,W2VEdin,SemEval18
82.36,82.15,SVM,W2VEdin,SemEval18
80.69,80.59,MLPClassifier,W2VEdin,SemEval18
78.7,78.51,XGboost,W2VEdin,SemEval18
75.68,75.43,Reg_Logistica,W2VAraque,SemEval18
72.08,71.01,Random_Forest,W2VAraque,SemEval18
75.79,75.44,SVM,W2VAraque,SemEval18
73.0,72.85,MLPClassifier,W2VAraque,SemEval18
71.0,70.49,XGboost,W2VAraque,SemEval18
78.75,78.62,Reg_Logistica,GloveWP,SemEval18
74.02,73.21,Random_Forest,GloveWP,SemEval18
78.48,78.31,SVM,GloveWP,SemEval18
75.79,75.65,MLPClassifier,GloveWP,SemEval18
76.22,75.94,XGboost,GloveWP,SemEval18
82.04,81.91,Reg_Logistica,GloveTW,SemEval18
77.41,76.76,Random_Forest,GloveTW,SemEval18
80.2,79.91,SVM,GloveTW,SemEval18
78.27,78.14,MLPClassifier,GloveTW,SemEval18
78.16,77.88,XGboost,GloveTW,SemEval18
80.1,79.91,Reg_Logistica,FastText,SemEval18
77.3,76.5,Random_Forest,FastText,SemEval18
80.69,80.51,SVM,FastText,SemEval18
79.45,79.33,MLPClassifier,FastText,SemEval18
78.16,77.94,XGboost,FastText,SemEval18
81.23,81.12,Reg_Logistica,SSWE,SemEval18
80.1,79.77,Random_Forest,SSWE,SemEval18
81.28,81.13,SVM,SSWE,SemEval18
76.44,76.29,MLPClassifier,SSWE,SemEval18
80.26,80.06,XGboost,SSWE,SemEval18
81.23,81.13,Reg_Logistica,Emo2Vec,SemEval18
79.93,79.69,Random_Forest,Emo2Vec,SemEval18
80.96,80.86,SVM,Emo2Vec,SemEval18
78.16,78.02,MLPClassifier,Emo2Vec,SemEval18
80.58,80.42,XGboost,Emo2Vec,SemEval18
77.94,77.71,Reg_Logistica,DeepMoji,SemEval18
75.31,74.49,Random_Forest,DeepMoji,SemEval18
78.97,78.74,SVM,DeepMoji,SemEval18
78.32,78.19,MLPClassifier,DeepMoji,SemEval18
78.05,77.78,XGboost,DeepMoji,SemEval18
80.53,80.42,Reg_Logistica,EWE,SemEval18
76.71,75.99,Random_Forest,EWE,SemEval18
80.26,80.03,SVM,EWE,SemEval18
78.38,78.28,MLPClassifier,EWE,SemEval18
76.17,75.9,XGboost,EWE,SemEval18
80.31,80.16,Reg_Logistica,W2V-GN,SemEval18
76.81,76.09,Random_Forest,W2V-GN,SemEval18
80.37,80.21,SVM,W2V-GN,SemEval18
76.98,76.88,MLPClassifier,W2V-GN,SemEval18
78.16,77.9,XGboost,W2V-GN,SemEval18
84.89,84.78,Reg_Logistica,Roberta: roberta-base / STATIC_AVG,SemEval18
74.07,73.24,Random_Forest,Roberta: roberta-base / STATIC_AVG,SemEval18
86.5,86.4,SVM,Roberta: roberta-base / STATIC_AVG,SemEval18
84.56,84.48,MLPClassifier,Roberta: roberta-base / STATIC_AVG,SemEval18
79.02,78.75,XGboost,Roberta: roberta-base / STATIC_AVG,SemEval18
82.3,82.03,Reg_Logistica,TFIDF,SemEval18
78.59,77.8,Random_Forest,TFIDF,SemEval18
82.09,81.55,SVM,TFIDF,SemEval18
81.71,81.49,MLPClassifier,TFIDF,SemEval18
80.42,79.92,XGboost,TFIDF,SemEval18
75.53,75.22,Reg_Logistica,Bert: bert-base-uncased / STATIC_AVG,SemEval18
72.94,71.86,Random_Forest,Bert: bert-base-uncased / STATIC_AVG,SemEval18
84.56,84.44,SVM,Bert: bert-base-uncased / STATIC_AVG,SemEval18
82.84,82.78,MLPClassifier,Bert: bert-base-uncased / STATIC_AVG,SemEval18
77.3,77.02,XGboost,Bert: bert-base-uncased / STATIC_AVG,SemEval18
75.52,75.21,Reg_Logistica,Bertweet: vinai/bertweet-base / STATIC_AVG,SemEval18
68.86,67.09,Random_Forest,Bertweet: vinai/bertweet-base / STATIC_AVG,SemEval18
79.51,79.24,SVM,Bertweet: vinai/bertweet-base / STATIC_AVG,SemEval18
80.31,80.19,MLPClassifier,Bertweet: vinai/bertweet-base / STATIC_AVG,SemEval18
73.37,72.94,XGboost,Bertweet: vinai/bertweet-base / STATIC_AVG,SemEval18
