accuracy,f1_macro,Classifier_Model,Embedding,Data_Set
88.85,88.71,Reg_Logistica,W2VEdin,ntua
90.65,90.26,Random_Forest,W2VEdin,ntua
93.15,92.99,SVM,W2VEdin,ntua
95.3,95.19,MLPClassifier,W2VEdin,ntua
89.92,89.58,XGboost,W2VEdin,ntua
73.76,73.25,Reg_Logistica,W2VAraque,ntua
72.29,69.28,Random_Forest,W2VAraque,ntua
77.71,76.72,SVM,W2VAraque,ntua
79.17,78.58,MLPClassifier,W2VAraque,ntua
75.2,73.57,XGboost,W2VAraque,ntua
89.54,89.21,Reg_Logistica,GloveWP,ntua
84.87,83.96,Random_Forest,GloveWP,ntua
88.47,87.81,SVM,GloveWP,ntua
88.84,88.39,MLPClassifier,GloveWP,ntua
82.37,81.55,XGboost,GloveWP,ntua
76.94,76.14,Reg_Logistica,GloveTW,ntua
72.99,70.21,Random_Forest,GloveTW,ntua
73.7,73.02,SVM,GloveTW,ntua
76.98,76.14,MLPClassifier,GloveTW,ntua
75.19,73.9,XGboost,GloveTW,ntua
71.6,71.0,Reg_Logistica,FastText,ntua
69.39,65.88,Random_Forest,FastText,ntua
73.04,72.46,SVM,FastText,ntua
77.02,76.33,MLPClassifier,FastText,ntua
68.73,66.91,XGboost,FastText,ntua
93.16,92.99,Reg_Logistica,SSWE,ntua
93.51,93.29,Random_Forest,SSWE,ntua
93.53,93.29,SVM,SSWE,ntua
92.46,92.26,MLPClassifier,SSWE,ntua
92.08,91.87,XGboost,SSWE,ntua
80.21,79.87,Reg_Logistica,Emo2Vec,ntua
78.02,77.35,Random_Forest,Emo2Vec,ntua
81.28,80.99,SVM,Emo2Vec,ntua
79.46,78.95,MLPClassifier,Emo2Vec,ntua
76.22,75.41,XGboost,Emo2Vec,ntua
92.46,92.27,Reg_Logistica,DeepMoji,ntua
89.91,89.37,Random_Forest,DeepMoji,ntua
91.73,91.53,SVM,DeepMoji,ntua
91.76,91.51,MLPClassifier,DeepMoji,ntua
87.79,87.35,XGboost,DeepMoji,ntua
74.09,73.22,Reg_Logistica,EWE,ntua
68.31,64.28,Random_Forest,EWE,ntua
70.54,70.19,SVM,EWE,ntua
73.73,72.38,MLPClassifier,EWE,ntua
71.24,69.66,XGboost,EWE,ntua
79.52,79.2,Reg_Logistica,W2V-GN,ntua
72.65,70.52,Random_Forest,W2V-GN,ntua
79.15,78.79,SVM,W2V-GN,ntua
80.2,79.77,MLPClassifier,W2V-GN,ntua
75.22,74.12,XGboost,W2V-GN,ntua
89.93,89.57,Reg_Logistica,Roberta: roberta-base / STATIC_AVG,ntua
84.15,82.96,Random_Forest,Roberta: roberta-base / STATIC_AVG,ntua
89.91,89.42,SVM,Roberta: roberta-base / STATIC_AVG,ntua
88.81,88.52,MLPClassifier,Roberta: roberta-base / STATIC_AVG,ntua
82.75,82.05,XGboost,Roberta: roberta-base / STATIC_AVG,ntua
73.7,72.77,Reg_Logistica,TFIDF,ntua
69.76,66.47,Random_Forest,TFIDF,ntua
74.4,71.55,SVM,TFIDF,ntua
75.89,74.92,MLPClassifier,TFIDF,ntua
62.61,60.93,XGboost,TFIDF,ntua
73.74,73.46,Reg_Logistica,Bert: bert-base-uncased / STATIC_AVG,ntua
76.57,74.73,Random_Forest,Bert: bert-base-uncased / STATIC_AVG,ntua
83.47,83.15,SVM,Bert: bert-base-uncased / STATIC_AVG,ntua
86.72,86.45,MLPClassifier,Bert: bert-base-uncased / STATIC_AVG,ntua
76.59,75.17,XGboost,Bert: bert-base-uncased / STATIC_AVG,ntua
71.28,70.89,Reg_Logistica,Bertweet: vinai/bertweet-base / STATIC_AVG,ntua
76.55,74.07,Random_Forest,Bertweet: vinai/bertweet-base / STATIC_AVG,ntua
81.98,81.22,SVM,Bertweet: vinai/bertweet-base / STATIC_AVG,ntua
90.95,90.76,MLPClassifier,Bertweet: vinai/bertweet-base / STATIC_AVG,ntua
78.4,77.55,XGboost,Bertweet: vinai/bertweet-base / STATIC_AVG,ntua
