accuracy,f1_macro,Classifier_Model,Embedding,Data_Set
82.55,70.26,Reg_Logistica,W2VEdin,SemEval15-Task11
85.67,48.13,Random_Forest,W2VEdin,SemEval15-Task11
89.41,77.62,SVM,W2VEdin,SemEval15-Task11
89.74,76.06,MLPClassifier,W2VEdin,SemEval15-Task11
86.93,58.18,XGboost,W2VEdin,SemEval15-Task11
79.74,65.1,Reg_Logistica,W2VAraque,SemEval15-Task11
85.36,46.05,Random_Forest,W2VAraque,SemEval15-Task11
87.54,66.33,SVM,W2VAraque,SemEval15-Task11
85.97,64.68,MLPClassifier,W2VAraque,SemEval15-Task11
87.23,57.46,XGboost,W2VAraque,SemEval15-Task11
81.32,66.39,Reg_Logistica,GloveWP,SemEval15-Task11
85.67,48.13,Random_Forest,GloveWP,SemEval15-Task11
83.2,65.74,SVM,GloveWP,SemEval15-Task11
84.43,66.09,MLPClassifier,GloveWP,SemEval15-Task11
86.6,56.34,XGboost,GloveWP,SemEval15-Task11
77.59,64.38,Reg_Logistica,GloveTW,SemEval15-Task11
85.67,48.13,Random_Forest,GloveTW,SemEval15-Task11
83.5,70.93,SVM,GloveTW,SemEval15-Task11
83.19,60.05,MLPClassifier,GloveTW,SemEval15-Task11
85.98,54.95,XGboost,GloveTW,SemEval15-Task11
74.81,61.94,Reg_Logistica,FastText,SemEval15-Task11
85.36,46.05,Random_Forest,FastText,SemEval15-Task11
81.95,68.13,SVM,FastText,SemEval15-Task11
86.92,68.7,MLPClassifier,FastText,SemEval15-Task11
85.05,48.79,XGboost,FastText,SemEval15-Task11
76.03,63.92,Reg_Logistica,SSWE,SemEval15-Task11
85.98,49.54,Random_Forest,SSWE,SemEval15-Task11
77.56,67.16,SVM,SSWE,SemEval15-Task11
86.92,69.72,MLPClassifier,SSWE,SemEval15-Task11
86.6,59.58,XGboost,SSWE,SemEval15-Task11
80.4,67.94,Reg_Logistica,Emo2Vec,SemEval15-Task11
85.98,49.87,Random_Forest,Emo2Vec,SemEval15-Task11
82.88,70.24,SVM,Emo2Vec,SemEval15-Task11
87.23,69.59,MLPClassifier,Emo2Vec,SemEval15-Task11
85.99,61.55,XGboost,Emo2Vec,SemEval15-Task11
84.43,71.54,Reg_Logistica,DeepMoji,SemEval15-Task11
85.36,46.05,Random_Forest,DeepMoji,SemEval15-Task11
88.16,73.65,SVM,DeepMoji,SemEval15-Task11
87.55,72.38,MLPClassifier,DeepMoji,SemEval15-Task11
88.48,67.55,XGboost,DeepMoji,SemEval15-Task11
85.08,73.19,Reg_Logistica,EWE,SemEval15-Task11
85.36,46.05,Random_Forest,EWE,SemEval15-Task11
88.8,75.02,SVM,EWE,SemEval15-Task11
84.46,66.13,MLPClassifier,EWE,SemEval15-Task11
86.31,56.35,XGboost,EWE,SemEval15-Task11
81.32,67.06,Reg_Logistica,W2V-GN,SemEval15-Task11
85.36,46.05,Random_Forest,W2V-GN,SemEval15-Task11
87.88,69.91,SVM,W2V-GN,SemEval15-Task11
84.13,65.78,MLPClassifier,W2V-GN,SemEval15-Task11
85.36,51.77,XGboost,W2V-GN,SemEval15-Task11
86.6,74.79,Reg_Logistica,Roberta: roberta-base / STATIC_AVG,SemEval15-Task11
85.36,46.05,Random_Forest,Roberta: roberta-base / STATIC_AVG,SemEval15-Task11
90.34,78.48,SVM,Roberta: roberta-base / STATIC_AVG,SemEval15-Task11
88.16,70.24,MLPClassifier,Roberta: roberta-base / STATIC_AVG,SemEval15-Task11
86.91,60.93,XGboost,Roberta: roberta-base / STATIC_AVG,SemEval15-Task11
90.35,75.63,Reg_Logistica,TFIDF,SemEval15-Task11
89.1,68.41,Random_Forest,TFIDF,SemEval15-Task11
87.23,58.51,SVM,TFIDF,SemEval15-Task11
86.91,59.64,MLPClassifier,TFIDF,SemEval15-Task11
88.78,72.27,XGboost,TFIDF,SemEval15-Task11
84.72,72.61,Reg_Logistica,Bert: bert-base-uncased / STATIC_AVG,SemEval15-Task11
85.36,46.05,Random_Forest,Bert: bert-base-uncased / STATIC_AVG,SemEval15-Task11
89.72,77.04,SVM,Bert: bert-base-uncased / STATIC_AVG,SemEval15-Task11
90.04,76.15,MLPClassifier,Bert: bert-base-uncased / STATIC_AVG,SemEval15-Task11
86.92,62.95,XGboost,Bert: bert-base-uncased / STATIC_AVG,SemEval15-Task11
81.3,67.76,Reg_Logistica,Bertweet: vinai/bertweet-base / STATIC_AVG,SemEval15-Task11
85.36,46.05,Random_Forest,Bertweet: vinai/bertweet-base / STATIC_AVG,SemEval15-Task11
87.52,75.38,SVM,Bertweet: vinai/bertweet-base / STATIC_AVG,SemEval15-Task11
89.1,70.84,MLPClassifier,Bertweet: vinai/bertweet-base / STATIC_AVG,SemEval15-Task11
88.17,61.85,XGboost,Bertweet: vinai/bertweet-base / STATIC_AVG,SemEval15-Task11
