accuracy,f1_macro,Classifier_Model,Embedding,Data_Set
82.1,79.85,Reg_Logistica,W2VEdin,STS-gold
78.81,69.21,Random_Forest,W2VEdin,STS-gold
87.02,85.2,SVM,W2VEdin,STS-gold
88.1,86.04,MLPClassifier,W2VEdin,STS-gold
83.38,79.07,XGboost,W2VEdin,STS-gold
86.18,84.47,Reg_Logistica,W2VAraque,STS-gold
78.72,68.82,Random_Forest,W2VAraque,STS-gold
86.92,84.95,SVM,W2VAraque,STS-gold
86.28,83.85,MLPClassifier,W2VAraque,STS-gold
84.96,81.37,XGboost,W2VAraque,STS-gold
83.48,81.63,Reg_Logistica,GloveWP,STS-gold
75.96,63.21,Random_Forest,GloveWP,STS-gold
83.19,81.29,SVM,GloveWP,STS-gold
83.68,80.75,MLPClassifier,GloveWP,STS-gold
81.81,77.0,XGboost,GloveWP,STS-gold
86.67,85.04,Reg_Logistica,GloveTW,STS-gold
79.45,70.38,Random_Forest,GloveTW,STS-gold
84.9,83.26,SVM,GloveTW,STS-gold
86.92,84.38,MLPClassifier,GloveTW,STS-gold
83.97,80.07,XGboost,GloveTW,STS-gold
84.12,82.17,Reg_Logistica,FastText,STS-gold
75.71,61.79,Random_Forest,FastText,STS-gold
85.74,83.99,SVM,FastText,STS-gold
86.82,84.48,MLPClassifier,FastText,STS-gold
84.07,79.72,XGboost,FastText,STS-gold
89.08,87.7,Reg_Logistica,SSWE,STS-gold
88.59,86.14,Random_Forest,SSWE,STS-gold
88.99,87.62,SVM,SSWE,STS-gold
87.86,85.85,MLPClassifier,SSWE,STS-gold
88.89,86.79,XGboost,SSWE,STS-gold
85.45,83.74,Reg_Logistica,Emo2Vec,STS-gold
86.58,83.25,Random_Forest,Emo2Vec,STS-gold
86.19,84.49,SVM,Emo2Vec,STS-gold
85.25,82.34,MLPClassifier,Emo2Vec,STS-gold
86.93,84.4,XGboost,Emo2Vec,STS-gold
87.71,86.1,Reg_Logistica,DeepMoji,STS-gold
80.29,71.65,Random_Forest,DeepMoji,STS-gold
88.69,87.08,SVM,DeepMoji,STS-gold
88.35,86.27,MLPClassifier,DeepMoji,STS-gold
86.18,82.98,XGboost,DeepMoji,STS-gold
86.09,84.38,Reg_Logistica,EWE,STS-gold
77.63,66.08,Random_Forest,EWE,STS-gold
84.71,82.93,SVM,EWE,STS-gold
86.73,84.32,MLPClassifier,EWE,STS-gold
83.88,79.74,XGboost,EWE,STS-gold
85.25,83.57,Reg_Logistica,W2V-GN,STS-gold
76.84,64.53,Random_Forest,W2V-GN,STS-gold
85.94,84.12,SVM,W2V-GN,STS-gold
85.16,82.37,MLPClassifier,W2V-GN,STS-gold
83.97,79.78,XGboost,W2V-GN,STS-gold
85.79,84.05,Reg_Logistica,Roberta: roberta-base / STATIC_AVG,STS-gold
73.84,56.87,Random_Forest,Roberta: roberta-base / STATIC_AVG,STS-gold
87.86,85.95,SVM,Roberta: roberta-base / STATIC_AVG,STS-gold
87.46,85.2,MLPClassifier,Roberta: roberta-base / STATIC_AVG,STS-gold
81.32,75.01,XGboost,Roberta: roberta-base / STATIC_AVG,STS-gold
84.42,81.73,Reg_Logistica,TFIDF,STS-gold
80.29,73.01,Random_Forest,TFIDF,STS-gold
83.97,79.56,SVM,TFIDF,STS-gold
84.61,81.23,MLPClassifier,TFIDF,STS-gold
81.61,76.91,XGboost,TFIDF,STS-gold
78.86,76.3,Reg_Logistica,Bert: bert-base-uncased / STATIC_AVG,STS-gold
74.19,58.24,Random_Forest,Bert: bert-base-uncased / STATIC_AVG,STS-gold
86.97,84.99,SVM,Bert: bert-base-uncased / STATIC_AVG,STS-gold
87.02,84.72,MLPClassifier,Bert: bert-base-uncased / STATIC_AVG,STS-gold
81.61,75.87,XGboost,Bert: bert-base-uncased / STATIC_AVG,STS-gold
76.5,74.02,Reg_Logistica,Bertweet: vinai/bertweet-base / STATIC_AVG,STS-gold
72.22,52.8,Random_Forest,Bertweet: vinai/bertweet-base / STATIC_AVG,STS-gold
83.09,80.67,SVM,Bertweet: vinai/bertweet-base / STATIC_AVG,STS-gold
85.79,83.05,MLPClassifier,Bertweet: vinai/bertweet-base / STATIC_AVG,STS-gold
78.56,70.87,XGboost,Bertweet: vinai/bertweet-base / STATIC_AVG,STS-gold
