accuracy,f1_macro,Classifier_Model,Embedding,Data_Set
72.21,63.91,Reg_Logistica,W2VEdin,movie
82.36,46.96,Random_Forest,W2VEdin,movie
84.14,76.15,SVM,W2VEdin,movie
87.17,77.11,MLPClassifier,W2VEdin,movie
84.14,61.04,XGboost,W2VEdin,movie
78.62,70.68,Reg_Logistica,W2VAraque,movie
82.0,45.05,Random_Forest,W2VAraque,movie
83.78,73.55,SVM,W2VAraque,movie
86.45,74.61,MLPClassifier,W2VAraque,movie
83.07,55.64,XGboost,W2VAraque,movie
80.57,71.11,Reg_Logistica,GloveWP,movie
82.0,45.05,Random_Forest,GloveWP,movie
76.66,68.28,SVM,GloveWP,movie
85.21,72.76,MLPClassifier,GloveWP,movie
82.17,54.7,XGboost,GloveWP,movie
81.29,73.34,Reg_Logistica,GloveTW,movie
82.18,46.01,Random_Forest,GloveTW,movie
71.67,64.17,SVM,GloveTW,movie
85.21,71.93,MLPClassifier,GloveTW,movie
83.78,59.34,XGboost,GloveTW,movie
77.72,68.56,Reg_Logistica,FastText,movie
82.0,45.05,Random_Forest,FastText,movie
76.65,68.39,SVM,FastText,movie
88.24,77.86,MLPClassifier,FastText,movie
84.85,61.87,XGboost,FastText,movie
82.53,75.4,Reg_Logistica,SSWE,movie
83.41,60.17,Random_Forest,SSWE,movie
78.09,71.6,SVM,SSWE,movie
85.03,73.42,MLPClassifier,SSWE,movie
83.78,69.46,XGboost,SSWE,movie
82.35,75.11,Reg_Logistica,Emo2Vec,movie
87.17,70.78,Random_Forest,Emo2Vec,movie
83.07,76.06,SVM,Emo2Vec,movie
85.91,74.73,MLPClassifier,Emo2Vec,movie
88.78,77.58,XGboost,Emo2Vec,movie
77.9,70.04,Reg_Logistica,DeepMoji,movie
82.53,48.66,Random_Forest,DeepMoji,movie
81.29,72.97,SVM,DeepMoji,movie
86.46,75.63,MLPClassifier,DeepMoji,movie
86.1,67.72,XGboost,DeepMoji,movie
81.64,73.23,Reg_Logistica,EWE,movie
82.0,45.05,Random_Forest,EWE,movie
75.95,67.23,SVM,EWE,movie
86.98,76.15,MLPClassifier,EWE,movie
84.85,61.59,XGboost,EWE,movie
79.51,71.37,Reg_Logistica,W2V-GN,movie
82.0,45.05,Random_Forest,W2V-GN,movie
82.9,73.42,SVM,W2V-GN,movie
83.96,70.74,MLPClassifier,W2V-GN,movie
85.56,64.5,XGboost,W2V-GN,movie
82.53,74.01,Reg_Logistica,Roberta: roberta-base / STATIC_AVG,movie
82.0,45.05,Random_Forest,Roberta: roberta-base / STATIC_AVG,movie
85.38,73.86,SVM,Roberta: roberta-base / STATIC_AVG,movie
86.81,75.61,MLPClassifier,Roberta: roberta-base / STATIC_AVG,movie
84.49,61.38,XGboost,Roberta: roberta-base / STATIC_AVG,movie
84.31,70.61,Reg_Logistica,TFIDF,movie
82.89,50.42,Random_Forest,TFIDF,movie
84.67,58.15,SVM,TFIDF,movie
84.85,68.27,MLPClassifier,TFIDF,movie
83.79,64.42,XGboost,TFIDF,movie
75.24,65.78,Reg_Logistica,Bert: bert-base-uncased / STATIC_AVG,movie
82.18,46.01,Random_Forest,Bert: bert-base-uncased / STATIC_AVG,movie
83.96,73.72,SVM,Bert: bert-base-uncased / STATIC_AVG,movie
86.28,75.07,MLPClassifier,Bert: bert-base-uncased / STATIC_AVG,movie
83.6,54.96,XGboost,Bert: bert-base-uncased / STATIC_AVG,movie
69.72,59.89,Reg_Logistica,Bertweet: vinai/bertweet-base / STATIC_AVG,movie
82.0,45.05,Random_Forest,Bertweet: vinai/bertweet-base / STATIC_AVG,movie
79.35,68.37,SVM,Bertweet: vinai/bertweet-base / STATIC_AVG,movie
85.03,71.03,MLPClassifier,Bertweet: vinai/bertweet-base / STATIC_AVG,movie
82.89,53.12,XGboost,Bertweet: vinai/bertweet-base / STATIC_AVG,movie
