accuracy,f1_macro,Classifier_Model,Embedding,Data_Set
82.65,81.02,Reg_Logistica,W2VEdin,VADER
81.08,73.31,Random_Forest,W2VEdin,VADER
87.73,86.14,SVM,W2VEdin,VADER
88.18,86.16,MLPClassifier,W2VEdin,VADER
85.87,82.42,XGboost,W2VEdin,VADER
83.91,82.1,Reg_Logistica,W2VAraque,VADER
78.24,67.7,Random_Forest,W2VAraque,VADER
85.3,83.38,SVM,W2VAraque,VADER
85.37,82.72,MLPClassifier,W2VAraque,VADER
83.53,79.41,XGboost,W2VAraque,VADER
84.87,83.02,Reg_Logistica,GloveWP,VADER
77.41,65.06,Random_Forest,GloveWP,VADER
84.51,82.62,SVM,GloveWP,VADER
86.53,83.85,MLPClassifier,GloveWP,VADER
83.13,78.77,XGboost,GloveWP,VADER
86.3,84.55,Reg_Logistica,GloveTW,VADER
80.98,73.08,Random_Forest,GloveTW,VADER
85.96,84.23,SVM,GloveTW,VADER
85.75,83.14,MLPClassifier,GloveTW,VADER
85.6,82.17,XGboost,GloveTW,VADER
86.13,84.47,Reg_Logistica,FastText,VADER
78.53,67.25,Random_Forest,FastText,VADER
87.01,85.33,SVM,FastText,VADER
85.56,82.92,MLPClassifier,FastText,VADER
85.51,81.87,XGboost,FastText,VADER
85.7,84.0,Reg_Logistica,SSWE,VADER
85.82,82.54,Random_Forest,SSWE,VADER
85.7,84.08,SVM,SSWE,VADER
84.72,82.15,MLPClassifier,SSWE,VADER
86.15,83.53,XGboost,SSWE,VADER
85.46,83.74,Reg_Logistica,Emo2Vec,VADER
85.94,82.69,Random_Forest,Emo2Vec,VADER
85.94,84.28,SVM,Emo2Vec,VADER
84.46,81.66,MLPClassifier,Emo2Vec,VADER
86.8,84.22,XGboost,Emo2Vec,VADER
85.58,83.92,Reg_Logistica,DeepMoji,VADER
80.15,71.59,Random_Forest,DeepMoji,VADER
86.77,85.14,SVM,DeepMoji,VADER
86.73,84.39,MLPClassifier,DeepMoji,VADER
85.37,82.11,XGboost,DeepMoji,VADER
87.32,85.71,Reg_Logistica,EWE,VADER
78.93,68.26,Random_Forest,EWE,VADER
86.44,84.82,SVM,EWE,VADER
85.89,83.22,MLPClassifier,EWE,VADER
84.03,79.96,XGboost,EWE,VADER
87.13,85.52,Reg_Logistica,W2V-GN,VADER
79.69,70.25,Random_Forest,W2V-GN,VADER
88.25,86.68,SVM,W2V-GN,VADER
87.18,84.85,MLPClassifier,W2V-GN,VADER
85.7,82.16,XGboost,W2V-GN,VADER
88.92,87.45,Reg_Logistica,Roberta: roberta-base / STATIC_AVG,VADER
75.07,59.68,Random_Forest,Roberta: roberta-base / STATIC_AVG,VADER
89.32,87.8,SVM,Roberta: roberta-base / STATIC_AVG,VADER
89.2,87.32,MLPClassifier,Roberta: roberta-base / STATIC_AVG,VADER
84.08,79.45,XGboost,Roberta: roberta-base / STATIC_AVG,VADER
83.65,81.18,Reg_Logistica,TFIDF,VADER
80.15,73.23,Random_Forest,TFIDF,VADER
83.27,78.48,SVM,TFIDF,VADER
82.55,78.86,MLPClassifier,TFIDF,VADER
81.63,75.91,XGboost,TFIDF,VADER
80.39,78.28,Reg_Logistica,Bert: bert-base-uncased / STATIC_AVG,VADER
74.52,58.05,Random_Forest,Bert: bert-base-uncased / STATIC_AVG,VADER
87.51,85.76,SVM,Bert: bert-base-uncased / STATIC_AVG,VADER
87.37,85.14,MLPClassifier,Bert: bert-base-uncased / STATIC_AVG,VADER
81.7,76.04,XGboost,Bert: bert-base-uncased / STATIC_AVG,VADER
76.62,74.57,Reg_Logistica,Bertweet: vinai/bertweet-base / STATIC_AVG,VADER
71.88,50.69,Random_Forest,Bertweet: vinai/bertweet-base / STATIC_AVG,VADER
81.82,79.66,SVM,Bertweet: vinai/bertweet-base / STATIC_AVG,VADER
85.41,82.82,MLPClassifier,Bertweet: vinai/bertweet-base / STATIC_AVG,VADER
78.93,71.12,XGboost,Bertweet: vinai/bertweet-base / STATIC_AVG,VADER
