accuracy,f1_macro,Classifier_Model,Embedding,Data_Set
71.75,69.58,Reg_Logistica,W2VEdin,person
76.31,60.96,Random_Forest,W2VEdin,person
79.03,76.97,SVM,W2VEdin,person
79.95,75.33,MLPClassifier,W2VEdin,person
77.91,69.67,XGboost,W2VEdin,person
73.11,70.55,Reg_Logistica,W2VAraque,person
71.52,48.16,Random_Forest,W2VAraque,person
74.93,71.59,SVM,W2VAraque,person
79.73,74.74,MLPClassifier,W2VAraque,person
76.08,66.93,XGboost,W2VAraque,person
81.32,78.36,Reg_Logistica,GloveWP,person
74.48,57.89,Random_Forest,GloveWP,person
76.75,74.31,SVM,GloveWP,person
80.63,75.31,MLPClassifier,GloveWP,person
79.27,71.55,XGboost,GloveWP,person
80.86,77.71,Reg_Logistica,GloveTW,person
74.04,56.55,Random_Forest,GloveTW,person
73.56,71.8,SVM,GloveTW,person
81.77,77.42,MLPClassifier,GloveTW,person
78.12,69.99,XGboost,GloveTW,person
77.21,74.63,Reg_Logistica,FastText,person
75.61,57.99,Random_Forest,FastText,person
76.77,74.86,SVM,FastText,person
83.39,79.88,MLPClassifier,FastText,person
78.82,71.29,XGboost,FastText,person
76.09,73.02,Reg_Logistica,SSWE,person
77.47,66.79,Random_Forest,SSWE,person
72.44,70.46,SVM,SSWE,person
75.64,70.19,MLPClassifier,SSWE,person
77.0,69.02,XGboost,SSWE,person
77.46,75.21,Reg_Logistica,Emo2Vec,person
78.83,70.75,Random_Forest,Emo2Vec,person
76.09,74.16,SVM,Emo2Vec,person
79.5,74.49,MLPClassifier,Emo2Vec,person
79.05,73.31,XGboost,Emo2Vec,person
75.84,73.51,Reg_Logistica,DeepMoji,person
72.43,51.34,Random_Forest,DeepMoji,person
76.98,74.46,SVM,DeepMoji,person
79.73,74.65,MLPClassifier,DeepMoji,person
78.35,70.46,XGboost,DeepMoji,person
80.17,77.56,Reg_Logistica,EWE,person
74.95,59.07,Random_Forest,EWE,person
74.69,73.03,SVM,EWE,person
82.0,77.39,MLPClassifier,EWE,person
79.5,72.1,XGboost,EWE,person
82.01,79.75,Reg_Logistica,W2V-GN,person
74.94,55.83,Random_Forest,W2V-GN,person
83.37,80.58,SVM,W2V-GN,person
83.83,80.23,MLPClassifier,W2V-GN,person
77.21,68.33,XGboost,W2V-GN,person
77.21,75.24,Reg_Logistica,Roberta: roberta-base / STATIC_AVG,person
71.06,44.26,Random_Forest,Roberta: roberta-base / STATIC_AVG,person
80.4,77.3,SVM,Roberta: roberta-base / STATIC_AVG,person
79.49,74.45,MLPClassifier,Roberta: roberta-base / STATIC_AVG,person
79.95,72.51,XGboost,Roberta: roberta-base / STATIC_AVG,person
76.52,73.01,Reg_Logistica,TFIDF,person
76.75,70.06,Random_Forest,TFIDF,person
80.18,72.27,SVM,TFIDF,person
80.19,73.57,MLPClassifier,TFIDF,person
73.57,66.27,XGboost,TFIDF,person
70.14,66.57,Reg_Logistica,Bert: bert-base-uncased / STATIC_AVG,person
72.89,48.74,Random_Forest,Bert: bert-base-uncased / STATIC_AVG,person
73.32,70.85,SVM,Bert: bert-base-uncased / STATIC_AVG,person
79.27,73.81,MLPClassifier,Bert: bert-base-uncased / STATIC_AVG,person
73.58,60.54,XGboost,Bert: bert-base-uncased / STATIC_AVG,person
68.1,64.82,Reg_Logistica,Bertweet: vinai/bertweet-base / STATIC_AVG,person
71.53,44.52,Random_Forest,Bertweet: vinai/bertweet-base / STATIC_AVG,person
69.23,67.53,SVM,Bertweet: vinai/bertweet-base / STATIC_AVG,person
77.43,71.14,MLPClassifier,Bertweet: vinai/bertweet-base / STATIC_AVG,person
69.7,55.75,XGboost,Bertweet: vinai/bertweet-base / STATIC_AVG,person
