accuracy,f1_macro,Classifier_Model,Embedding,Data_Set
76.06,73.47,Reg_Logistica,W2VEdin,SemEval13
76.68,59.79,Random_Forest,W2VEdin,SemEval13
80.31,77.64,SVM,W2VEdin,SemEval13
82.09,77.47,MLPClassifier,W2VEdin,SemEval13
81.84,75.01,XGboost,W2VEdin,SemEval13
77.25,74.39,Reg_Logistica,W2VAraque,SemEval13
75.54,56.11,Random_Forest,W2VAraque,SemEval13
79.19,75.95,SVM,W2VAraque,SemEval13
79.65,74.03,MLPClassifier,W2VAraque,SemEval13
79.58,71.18,XGboost,W2VAraque,SemEval13
78.78,75.75,Reg_Logistica,GloveWP,SemEval13
74.99,53.67,Random_Forest,GloveWP,SemEval13
78.53,75.83,SVM,GloveWP,SemEval13
79.69,73.46,MLPClassifier,GloveWP,SemEval13
79.26,70.13,XGboost,GloveWP,SemEval13
80.24,77.21,Reg_Logistica,GloveTW,SemEval13
77.59,61.79,Random_Forest,GloveTW,SemEval13
78.69,76.1,SVM,GloveTW,SemEval13
81.48,76.17,MLPClassifier,GloveTW,SemEval13
81.04,73.47,XGboost,GloveTW,SemEval13
78.42,75.71,Reg_Logistica,FastText,SemEval13
75.35,53.21,Random_Forest,FastText,SemEval13
79.49,76.82,SVM,FastText,SemEval13
81.52,76.37,MLPClassifier,FastText,SemEval13
80.4,71.94,XGboost,FastText,SemEval13
81.75,78.91,Reg_Logistica,SSWE,SemEval13
83.23,77.03,Random_Forest,SSWE,SemEval13
81.04,78.4,SVM,SSWE,SemEval13
80.58,75.12,MLPClassifier,SSWE,SemEval13
83.33,78.28,XGboost,SSWE,SemEval13
87.83,85.59,Reg_Logistica,Emo2Vec,SemEval13
87.46,83.22,Random_Forest,Emo2Vec,SemEval13
87.8,85.59,SVM,Emo2Vec,SemEval13
87.12,83.67,MLPClassifier,Emo2Vec,SemEval13
88.24,84.81,XGboost,Emo2Vec,SemEval13
79.99,77.31,Reg_Logistica,DeepMoji,SemEval13
76.91,59.61,Random_Forest,DeepMoji,SemEval13
81.89,79.16,SVM,DeepMoji,SemEval13
82.23,77.48,MLPClassifier,DeepMoji,SemEval13
81.73,74.72,XGboost,DeepMoji,SemEval13
79.67,76.61,Reg_Logistica,EWE,SemEval13
75.33,54.63,Random_Forest,EWE,SemEval13
78.39,75.52,SVM,EWE,SemEval13
80.9,75.24,MLPClassifier,EWE,SemEval13
80.45,71.78,XGboost,EWE,SemEval13
80.36,77.46,Reg_Logistica,W2V-GN,SemEval13
76.22,56.68,Random_Forest,W2V-GN,SemEval13
81.52,78.43,SVM,W2V-GN,SemEval13
81.89,76.81,MLPClassifier,W2V-GN,SemEval13
81.02,72.81,XGboost,W2V-GN,SemEval13
81.11,78.24,Reg_Logistica,Roberta: roberta-base / STATIC_AVG,SemEval13
74.62,49.56,Random_Forest,Roberta: roberta-base / STATIC_AVG,SemEval13
83.6,80.4,SVM,Roberta: roberta-base / STATIC_AVG,SemEval13
83.58,79.2,MLPClassifier,Roberta: roberta-base / STATIC_AVG,SemEval13
79.95,70.23,XGboost,Roberta: roberta-base / STATIC_AVG,SemEval13
78.73,74.35,Reg_Logistica,TFIDF,SemEval13
77.59,62.33,Random_Forest,TFIDF,SemEval13
80.52,72.24,SVM,TFIDF,SemEval13
79.6,72.75,MLPClassifier,TFIDF,SemEval13
78.8,68.47,XGboost,TFIDF,SemEval13
72.77,70.19,Reg_Logistica,Bert: bert-base-uncased / STATIC_AVG,SemEval13
74.6,50.41,Random_Forest,Bert: bert-base-uncased / STATIC_AVG,SemEval13
81.59,78.67,SVM,Bert: bert-base-uncased / STATIC_AVG,SemEval13
81.98,77.55,MLPClassifier,Bert: bert-base-uncased / STATIC_AVG,SemEval13
79.19,68.52,XGboost,Bert: bert-base-uncased / STATIC_AVG,SemEval13
71.13,68.25,Reg_Logistica,Bertweet: vinai/bertweet-base / STATIC_AVG,SemEval13
73.85,46.52,Random_Forest,Bertweet: vinai/bertweet-base / STATIC_AVG,SemEval13
77.64,74.63,SVM,Bertweet: vinai/bertweet-base / STATIC_AVG,SemEval13
81.86,77.06,MLPClassifier,Bertweet: vinai/bertweet-base / STATIC_AVG,SemEval13
75.95,61.56,XGboost,Bertweet: vinai/bertweet-base / STATIC_AVG,SemEval13
