accuracy,f1_macro,Classifier_Model,Embedding,Data_Set
70.36,68.45,Reg_Logistica,W2VEdin,sarcasm
66.07,64.05,Random_Forest,W2VEdin,sarcasm
68.93,66.7,SVM,W2VEdin,sarcasm
67.5,64.74,MLPClassifier,W2VEdin,sarcasm
57.5,56.1,XGboost,W2VEdin,sarcasm
70.36,68.0,Reg_Logistica,W2VAraque,sarcasm
71.61,68.91,Random_Forest,W2VAraque,sarcasm
71.79,69.97,SVM,W2VAraque,sarcasm
70.36,68.59,MLPClassifier,W2VAraque,sarcasm
58.93,56.77,XGboost,W2VAraque,sarcasm
67.32,66.17,Reg_Logistica,GloveWP,sarcasm
63.21,59.85,Random_Forest,GloveWP,sarcasm
68.75,67.75,SVM,GloveWP,sarcasm
60.36,57.48,MLPClassifier,GloveWP,sarcasm
63.21,61.94,XGboost,GloveWP,sarcasm
73.04,71.25,Reg_Logistica,GloveTW,sarcasm
68.75,65.79,Random_Forest,GloveTW,sarcasm
67.32,63.32,SVM,GloveTW,sarcasm
77.32,76.49,MLPClassifier,GloveTW,sarcasm
71.79,70.85,XGboost,GloveTW,sarcasm
64.46,62.88,Reg_Logistica,FastText,sarcasm
64.46,60.6,Random_Forest,FastText,sarcasm
61.61,60.22,SVM,FastText,sarcasm
58.93,56.76,MLPClassifier,FastText,sarcasm
66.25,65.06,XGboost,FastText,sarcasm
87.5,87.19,Reg_Logistica,SSWE,sarcasm
73.21,71.65,Random_Forest,SSWE,sarcasm
87.32,86.93,SVM,SSWE,sarcasm
83.04,82.58,MLPClassifier,SSWE,sarcasm
73.21,72.17,XGboost,SSWE,sarcasm
74.64,73.32,Reg_Logistica,Emo2Vec,sarcasm
74.46,72.87,Random_Forest,Emo2Vec,sarcasm
73.04,70.72,SVM,Emo2Vec,sarcasm
61.96,61.3,MLPClassifier,Emo2Vec,sarcasm
70.36,68.52,XGboost,Emo2Vec,sarcasm
60.36,57.75,Reg_Logistica,DeepMoji,sarcasm
64.64,61.88,Random_Forest,DeepMoji,sarcasm
67.5,64.72,SVM,DeepMoji,sarcasm
57.5,51.48,MLPClassifier,DeepMoji,sarcasm
56.25,55.59,XGboost,DeepMoji,sarcasm
71.61,70.84,Reg_Logistica,EWE,sarcasm
66.07,64.08,Random_Forest,EWE,sarcasm
68.75,67.55,SVM,EWE,sarcasm
64.82,63.38,MLPClassifier,EWE,sarcasm
70.54,69.41,XGboost,EWE,sarcasm
74.46,74.02,Reg_Logistica,W2V-GN,sarcasm
57.32,55.42,Random_Forest,W2V-GN,sarcasm
68.75,66.0,SVM,W2V-GN,sarcasm
70.36,69.56,MLPClassifier,W2V-GN,sarcasm
63.57,61.87,XGboost,W2V-GN,sarcasm
56.25,54.23,Reg_Logistica,Roberta: roberta-base / STATIC_AVG,sarcasm
51.96,47.6,Random_Forest,Roberta: roberta-base / STATIC_AVG,sarcasm
56.07,50.28,SVM,Roberta: roberta-base / STATIC_AVG,sarcasm
59.11,56.76,MLPClassifier,Roberta: roberta-base / STATIC_AVG,sarcasm
46.25,43.19,XGboost,Roberta: roberta-base / STATIC_AVG,sarcasm
54.64,50.32,Reg_Logistica,TFIDF,sarcasm
62.14,61.34,Random_Forest,TFIDF,sarcasm
54.64,51.68,SVM,TFIDF,sarcasm
51.96,49.12,MLPClassifier,TFIDF,sarcasm
51.96,49.32,XGboost,TFIDF,sarcasm
67.68,66.16,Reg_Logistica,Bert: bert-base-uncased / STATIC_AVG,sarcasm
60.71,55.44,Random_Forest,Bert: bert-base-uncased / STATIC_AVG,sarcasm
70.54,69.29,SVM,Bert: bert-base-uncased / STATIC_AVG,sarcasm
65.0,59.85,MLPClassifier,Bert: bert-base-uncased / STATIC_AVG,sarcasm
58.93,53.87,XGboost,Bert: bert-base-uncased / STATIC_AVG,sarcasm
53.39,52.23,Reg_Logistica,Bertweet: vinai/bertweet-base / STATIC_AVG,sarcasm
57.68,51.59,Random_Forest,Bertweet: vinai/bertweet-base / STATIC_AVG,sarcasm
57.68,52.69,SVM,Bertweet: vinai/bertweet-base / STATIC_AVG,sarcasm
53.39,49.76,MLPClassifier,Bertweet: vinai/bertweet-base / STATIC_AVG,sarcasm
49.29,44.94,XGboost,Bertweet: vinai/bertweet-base / STATIC_AVG,sarcasm
