accuracy,f1_macro,Classifier_Model,Embedding,Data_Set
66.77,64.45,Reg_Logistica,W2VEdin,HCR
74.58,53.36,Random_Forest,W2VEdin,HCR
75.94,72.38,SVM,W2VEdin,HCR
76.57,70.59,MLPClassifier,W2VEdin,HCR
78.04,67.75,XGboost,W2VEdin,HCR
68.86,64.9,Reg_Logistica,W2VAraque,HCR
74.11,50.79,Random_Forest,W2VAraque,HCR
73.95,69.17,SVM,W2VAraque,HCR
75.68,68.07,MLPClassifier,W2VAraque,HCR
75.36,61.49,XGboost,W2VAraque,HCR
71.9,68.56,Reg_Logistica,GloveWP,HCR
73.38,48.73,Random_Forest,GloveWP,HCR
72.58,68.96,SVM,GloveWP,HCR
75.94,69.1,MLPClassifier,GloveWP,HCR
76.36,64.37,XGboost,GloveWP,HCR
74.26,71.17,Reg_Logistica,GloveTW,HCR
75.1,55.03,Random_Forest,GloveTW,HCR
73.21,70.44,SVM,GloveTW,HCR
77.83,71.87,MLPClassifier,GloveTW,HCR
79.29,69.81,XGboost,GloveTW,HCR
68.92,66.04,Reg_Logistica,FastText,HCR
73.95,50.2,Random_Forest,FastText,HCR
72.64,69.78,SVM,FastText,HCR
76.15,70.07,MLPClassifier,FastText,HCR
76.99,65.49,XGboost,FastText,HCR
65.09,61.89,Reg_Logistica,SSWE,HCR
74.95,57.39,Random_Forest,SSWE,HCR
67.29,62.99,SVM,SSWE,HCR
67.61,58.39,MLPClassifier,SSWE,HCR
74.42,63.33,XGboost,SSWE,HCR
67.55,64.29,Reg_Logistica,Emo2Vec,HCR
74.69,56.34,Random_Forest,Emo2Vec,HCR
70.54,66.96,SVM,Emo2Vec,HCR
72.59,65.86,MLPClassifier,Emo2Vec,HCR
75.26,63.49,XGboost,Emo2Vec,HCR
68.34,64.59,Reg_Logistica,DeepMoji,HCR
74.11,50.6,Random_Forest,DeepMoji,HCR
73.21,68.79,SVM,DeepMoji,HCR
74.11,67.01,MLPClassifier,DeepMoji,HCR
76.57,64.4,XGboost,DeepMoji,HCR
73.0,69.58,Reg_Logistica,EWE,HCR
74.58,52.15,Random_Forest,EWE,HCR
71.59,68.26,SVM,EWE,HCR
77.3,71.2,MLPClassifier,EWE,HCR
77.41,66.73,XGboost,EWE,HCR
72.43,69.42,Reg_Logistica,W2V-GN,HCR
74.16,51.44,Random_Forest,W2V-GN,HCR
74.78,70.97,SVM,W2V-GN,HCR
76.93,70.89,MLPClassifier,W2V-GN,HCR
78.93,69.14,XGboost,W2V-GN,HCR
74.36,71.24,Reg_Logistica,Roberta: roberta-base / STATIC_AVG,HCR
74.21,51.52,Random_Forest,Roberta: roberta-base / STATIC_AVG,HCR
78.3,74.55,SVM,Roberta: roberta-base / STATIC_AVG,HCR
78.25,72.59,MLPClassifier,Roberta: roberta-base / STATIC_AVG,HCR
78.98,69.19,XGboost,Roberta: roberta-base / STATIC_AVG,HCR
78.09,73.37,Reg_Logistica,TFIDF,HCR
78.46,65.84,Random_Forest,TFIDF,HCR
80.24,72.16,SVM,TFIDF,HCR
76.62,70.02,MLPClassifier,TFIDF,HCR
78.93,71.02,XGboost,TFIDF,HCR
65.2,62.42,Reg_Logistica,Bert: bert-base-uncased / STATIC_AVG,HCR
74.32,53.89,Random_Forest,Bert: bert-base-uncased / STATIC_AVG,HCR
76.36,72.94,SVM,Bert: bert-base-uncased / STATIC_AVG,HCR
77.67,71.39,MLPClassifier,Bert: bert-base-uncased / STATIC_AVG,HCR
77.72,67.54,XGboost,Bert: bert-base-uncased / STATIC_AVG,HCR
65.77,63.03,Reg_Logistica,Bertweet: vinai/bertweet-base / STATIC_AVG,HCR
73.27,48.94,Random_Forest,Bertweet: vinai/bertweet-base / STATIC_AVG,HCR
73.27,69.74,SVM,Bertweet: vinai/bertweet-base / STATIC_AVG,HCR
75.37,69.49,MLPClassifier,Bertweet: vinai/bertweet-base / STATIC_AVG,HCR
76.15,63.49,XGboost,Bertweet: vinai/bertweet-base / STATIC_AVG,HCR
