accuracy,f1_macro,Classifier_Model,Embedding,Data_Set
76.85,76.66,Reg_Logistica,W2VEdin,SentiStrength
73.09,71.01,Random_Forest,W2VEdin,SentiStrength
79.56,79.27,SVM,W2VEdin,SentiStrength
79.12,78.47,MLPClassifier,W2VEdin,SentiStrength
76.32,75.22,XGboost,W2VEdin,SentiStrength
76.32,75.94,Reg_Logistica,W2VAraque,SentiStrength
71.47,68.11,Random_Forest,W2VAraque,SentiStrength
76.28,75.89,SVM,W2VAraque,SentiStrength
73.7,72.86,MLPClassifier,W2VAraque,SentiStrength
74.71,73.53,XGboost,W2VAraque,SentiStrength
76.06,75.68,Reg_Logistica,GloveWP,SentiStrength
68.42,64.4,Random_Forest,GloveWP,SentiStrength
75.1,74.9,SVM,GloveWP,SentiStrength
72.13,71.2,MLPClassifier,GloveWP,SentiStrength
72.7,71.24,XGboost,GloveWP,SentiStrength
78.42,78.05,Reg_Logistica,GloveTW,SentiStrength
73.79,71.64,Random_Forest,GloveTW,SentiStrength
77.24,77.07,SVM,GloveTW,SentiStrength
76.98,76.15,MLPClassifier,GloveTW,SentiStrength
76.01,74.82,XGboost,GloveTW,SentiStrength
75.58,75.25,Reg_Logistica,FastText,SentiStrength
71.04,67.36,Random_Forest,FastText,SentiStrength
76.98,76.69,SVM,FastText,SentiStrength
76.37,75.52,MLPClassifier,FastText,SentiStrength
74.97,73.8,XGboost,FastText,SentiStrength
80.26,79.91,Reg_Logistica,SSWE,SentiStrength
80.78,80.07,Random_Forest,SSWE,SentiStrength
79.77,79.49,SVM,SSWE,SentiStrength
75.67,74.95,MLPClassifier,SSWE,SentiStrength
79.86,79.26,XGboost,SSWE,SentiStrength
85.06,84.77,Reg_Logistica,Emo2Vec,SentiStrength
83.66,82.99,Random_Forest,Emo2Vec,SentiStrength
84.93,84.68,SVM,Emo2Vec,SentiStrength
82.13,81.63,MLPClassifier,Emo2Vec,SentiStrength
83.92,83.38,XGboost,Emo2Vec,SentiStrength
79.29,78.98,Reg_Logistica,DeepMoji,SentiStrength
73.22,70.67,Random_Forest,DeepMoji,SentiStrength
79.64,79.36,SVM,DeepMoji,SentiStrength
77.63,76.87,MLPClassifier,DeepMoji,SentiStrength
76.89,75.9,XGboost,DeepMoji,SentiStrength
80.12,79.79,Reg_Logistica,EWE,SentiStrength
69.72,66.25,Random_Forest,EWE,SentiStrength
77.76,77.59,SVM,EWE,SentiStrength
76.23,75.4,MLPClassifier,EWE,SentiStrength
73.96,72.62,XGboost,EWE,SentiStrength
77.5,77.16,Reg_Logistica,W2V-GN,SentiStrength
71.52,68.21,Random_Forest,W2V-GN,SentiStrength
77.98,77.69,SVM,W2V-GN,SentiStrength
77.06,76.36,MLPClassifier,W2V-GN,SentiStrength
76.58,75.52,XGboost,W2V-GN,SentiStrength
79.73,79.36,Reg_Logistica,Roberta: roberta-base / STATIC_AVG,SentiStrength
69.24,64.88,Random_Forest,Roberta: roberta-base / STATIC_AVG,SentiStrength
80.21,79.83,SVM,Roberta: roberta-base / STATIC_AVG,SentiStrength
78.29,77.55,MLPClassifier,Roberta: roberta-base / STATIC_AVG,SentiStrength
73.92,72.42,XGboost,Roberta: roberta-base / STATIC_AVG,SentiStrength
73.57,72.99,Reg_Logistica,TFIDF,SentiStrength
71.21,69.48,Random_Forest,TFIDF,SentiStrength
73.48,72.49,SVM,TFIDF,SentiStrength
71.43,70.23,MLPClassifier,TFIDF,SentiStrength
70.12,68.54,XGboost,TFIDF,SentiStrength
71.17,70.94,Reg_Logistica,Bert: bert-base-uncased / STATIC_AVG,SentiStrength
68.37,64.04,Random_Forest,Bert: bert-base-uncased / STATIC_AVG,SentiStrength
78.51,78.2,SVM,Bert: bert-base-uncased / STATIC_AVG,SentiStrength
77.11,76.36,MLPClassifier,Bert: bert-base-uncased / STATIC_AVG,SentiStrength
72.87,71.15,XGboost,Bert: bert-base-uncased / STATIC_AVG,SentiStrength
68.33,68.08,Reg_Logistica,Bertweet: vinai/bertweet-base / STATIC_AVG,SentiStrength
64.53,58.86,Random_Forest,Bertweet: vinai/bertweet-base / STATIC_AVG,SentiStrength
73.0,72.74,SVM,Bertweet: vinai/bertweet-base / STATIC_AVG,SentiStrength
73.75,72.83,MLPClassifier,Bertweet: vinai/bertweet-base / STATIC_AVG,SentiStrength
68.98,67.16,XGboost,Bertweet: vinai/bertweet-base / STATIC_AVG,SentiStrength
