accuracy,f1_macro,Classifier_Model,Embedding,Data_Set
76.55,74.91,Reg_Logistica,W2VEdin,debate08
78.18,72.88,Random_Forest,W2VEdin,debate08
82.84,81.36,SVM,W2VEdin,debate08
81.95,80.58,MLPClassifier,W2VEdin,debate08
80.43,77.86,XGboost,W2VEdin,debate08
75.81,74.41,Reg_Logistica,W2VAraque,debate08
73.19,65.57,Random_Forest,W2VAraque,debate08
77.7,76.01,SVM,W2VAraque,debate08
75.97,73.92,MLPClassifier,W2VAraque,debate08
75.44,72.16,XGboost,W2VAraque,debate08
80.48,79.32,Reg_Logistica,GloveWP,debate08
77.07,71.23,Random_Forest,GloveWP,debate08
82.21,80.91,SVM,GloveWP,debate08
80.11,78.48,MLPClassifier,GloveWP,debate08
80.38,77.75,XGboost,GloveWP,debate08
77.38,76.26,Reg_Logistica,GloveTW,debate08
75.55,70.15,Random_Forest,GloveTW,debate08
77.38,75.81,SVM,GloveTW,debate08
76.02,73.95,MLPClassifier,GloveTW,debate08
77.49,74.88,XGboost,GloveTW,debate08
79.07,77.58,Reg_Logistica,FastText,debate08
74.97,68.51,Random_Forest,FastText,debate08
81.42,80.03,SVM,FastText,debate08
80.48,78.96,MLPClassifier,FastText,debate08
79.12,76.48,XGboost,FastText,debate08
75.34,74.19,Reg_Logistica,SSWE,debate08
76.34,72.63,Random_Forest,SSWE,debate08
76.5,74.86,SVM,SSWE,debate08
73.19,70.91,MLPClassifier,SSWE,debate08
77.28,74.5,XGboost,SSWE,debate08
76.28,75.05,Reg_Logistica,Emo2Vec,debate08
76.71,72.32,Random_Forest,Emo2Vec,debate08
75.76,74.28,SVM,Emo2Vec,debate08
73.92,71.77,MLPClassifier,Emo2Vec,debate08
75.97,73.11,XGboost,Emo2Vec,debate08
75.02,73.85,Reg_Logistica,DeepMoji,debate08
73.66,67.13,Random_Forest,DeepMoji,debate08
77.02,75.71,SVM,DeepMoji,debate08
75.6,73.73,MLPClassifier,DeepMoji,debate08
76.08,73.29,XGboost,DeepMoji,debate08
78.33,77.14,Reg_Logistica,EWE,debate08
75.39,69.09,Random_Forest,EWE,debate08
77.55,76.0,SVM,EWE,debate08
78.28,76.27,MLPClassifier,EWE,debate08
77.7,74.75,XGboost,EWE,debate08
81.58,80.34,Reg_Logistica,W2V-GN,debate08
78.44,73.66,Random_Forest,W2V-GN,debate08
83.79,82.5,SVM,W2V-GN,debate08
83.0,81.59,MLPClassifier,W2V-GN,debate08
80.59,78.38,XGboost,W2V-GN,debate08
81.53,80.33,Reg_Logistica,Roberta: roberta-base / STATIC_AVG,debate08
76.18,70.36,Random_Forest,Roberta: roberta-base / STATIC_AVG,debate08
85.1,83.85,SVM,Roberta: roberta-base / STATIC_AVG,debate08
83.79,82.51,MLPClassifier,Roberta: roberta-base / STATIC_AVG,debate08
79.9,77.31,XGboost,Roberta: roberta-base / STATIC_AVG,debate08
78.59,77.02,Reg_Logistica,TFIDF,debate08
76.29,72.03,Random_Forest,TFIDF,debate08
79.22,76.57,SVM,TFIDF,debate08
76.81,75.03,MLPClassifier,TFIDF,debate08
75.5,72.54,XGboost,TFIDF,debate08
73.55,71.78,Reg_Logistica,Bert: bert-base-uncased / STATIC_AVG,debate08
76.7,71.05,Random_Forest,Bert: bert-base-uncased / STATIC_AVG,debate08
84.15,82.7,SVM,Bert: bert-base-uncased / STATIC_AVG,debate08
81.95,80.39,MLPClassifier,Bert: bert-base-uncased / STATIC_AVG,debate08
80.17,77.39,XGboost,Bert: bert-base-uncased / STATIC_AVG,debate08
75.92,73.6,Reg_Logistica,Bertweet: vinai/bertweet-base / STATIC_AVG,debate08
76.28,70.05,Random_Forest,Bertweet: vinai/bertweet-base / STATIC_AVG,debate08
82.37,80.63,SVM,Bertweet: vinai/bertweet-base / STATIC_AVG,debate08
80.75,79.42,MLPClassifier,Bertweet: vinai/bertweet-base / STATIC_AVG,debate08
80.27,77.39,XGboost,Bertweet: vinai/bertweet-base / STATIC_AVG,debate08
