accuracy,f1_macro,Classifier_Model,Embedding,Data_Set
72.18,70.8,Reg_Logistica,W2VEdin,iphone
78.55,69.64,Random_Forest,W2VEdin,iphone
78.01,76.18,SVM,W2VEdin,iphone
78.57,74.66,MLPClassifier,W2VEdin,iphone
82.12,77.84,XGboost,W2VEdin,iphone
74.81,72.84,Reg_Logistica,W2VAraque,iphone
79.5,69.61,Random_Forest,W2VAraque,iphone
80.46,77.92,SVM,W2VAraque,iphone
80.64,76.88,MLPClassifier,W2VAraque,iphone
80.64,74.83,XGboost,W2VAraque,iphone
78.0,76.05,Reg_Logistica,GloveWP,iphone
78.38,69.35,Random_Forest,GloveWP,iphone
75.57,74.31,SVM,GloveWP,iphone
80.82,76.75,MLPClassifier,GloveWP,iphone
81.38,75.1,XGboost,GloveWP,iphone
77.81,75.59,Reg_Logistica,GloveTW,iphone
79.87,70.78,Random_Forest,GloveTW,iphone
73.88,72.63,SVM,GloveTW,iphone
84.39,81.15,MLPClassifier,GloveTW,iphone
81.94,77.1,XGboost,GloveTW,iphone
73.12,71.69,Reg_Logistica,FastText,iphone
78.55,68.24,Random_Forest,FastText,iphone
76.13,74.96,SVM,FastText,iphone
79.68,76.16,MLPClassifier,FastText,iphone
81.0,75.54,XGboost,FastText,iphone
73.85,71.27,Reg_Logistica,SSWE,iphone
78.94,72.87,Random_Forest,SSWE,iphone
76.49,74.93,SVM,SSWE,iphone
78.55,73.92,MLPClassifier,SSWE,iphone
78.74,73.31,XGboost,SSWE,iphone
79.32,77.33,Reg_Logistica,Emo2Vec,iphone
80.64,74.96,Random_Forest,Emo2Vec,iphone
81.57,79.97,SVM,Emo2Vec,iphone
81.78,77.76,MLPClassifier,Emo2Vec,iphone
81.59,77.2,XGboost,Emo2Vec,iphone
75.56,73.85,Reg_Logistica,DeepMoji,iphone
77.63,68.44,Random_Forest,DeepMoji,iphone
78.56,76.62,SVM,DeepMoji,iphone
81.95,78.26,MLPClassifier,DeepMoji,iphone
80.83,75.39,XGboost,DeepMoji,iphone
76.88,74.98,Reg_Logistica,EWE,iphone
79.32,70.11,Random_Forest,EWE,iphone
72.17,71.0,SVM,EWE,iphone
81.57,77.32,MLPClassifier,EWE,iphone
79.5,73.28,XGboost,EWE,iphone
74.62,72.53,Reg_Logistica,W2V-GN,iphone
77.44,67.42,Random_Forest,W2V-GN,iphone
78.0,75.96,SVM,W2V-GN,iphone
81.02,77.51,MLPClassifier,W2V-GN,iphone
79.13,73.42,XGboost,W2V-GN,iphone
77.64,75.55,Reg_Logistica,Roberta: roberta-base / STATIC_AVG,iphone
76.14,64.27,Random_Forest,Roberta: roberta-base / STATIC_AVG,iphone
80.08,78.0,SVM,Roberta: roberta-base / STATIC_AVG,iphone
81.94,78.2,MLPClassifier,Roberta: roberta-base / STATIC_AVG,iphone
78.96,71.69,XGboost,Roberta: roberta-base / STATIC_AVG,iphone
76.31,72.07,Reg_Logistica,TFIDF,iphone
77.82,67.49,Random_Forest,TFIDF,iphone
80.07,71.55,SVM,TFIDF,iphone
78.93,73.61,MLPClassifier,TFIDF,iphone
73.3,65.9,XGboost,TFIDF,iphone
69.36,68.06,Reg_Logistica,Bert: bert-base-uncased / STATIC_AVG,iphone
77.07,66.53,Random_Forest,Bert: bert-base-uncased / STATIC_AVG,iphone
79.33,77.34,SVM,Bert: bert-base-uncased / STATIC_AVG,iphone
81.37,77.63,MLPClassifier,Bert: bert-base-uncased / STATIC_AVG,iphone
77.82,70.45,XGboost,Bert: bert-base-uncased / STATIC_AVG,iphone
72.95,71.42,Reg_Logistica,Bertweet: vinai/bertweet-base / STATIC_AVG,iphone
77.09,66.23,Random_Forest,Bertweet: vinai/bertweet-base / STATIC_AVG,iphone
76.51,74.7,SVM,Bertweet: vinai/bertweet-base / STATIC_AVG,iphone
82.14,78.46,MLPClassifier,Bertweet: vinai/bertweet-base / STATIC_AVG,iphone
76.32,68.78,XGboost,Bertweet: vinai/bertweet-base / STATIC_AVG,iphone
