accuracy,f1_macro,Classifier_Model,Embedding,Data_Set
83.29,82.78,Reg_Logistica,W2VEdin,archeage
84.52,83.52,Random_Forest,W2VEdin,archeage
86.67,86.34,SVM,W2VEdin,archeage
87.14,86.8,MLPClassifier,W2VEdin,archeage
87.14,86.65,XGboost,W2VEdin,archeage
83.0,82.62,Reg_Logistica,W2VAraque,archeage
82.13,80.71,Random_Forest,W2VAraque,archeage
85.16,84.9,SVM,W2VAraque,archeage
83.76,83.32,MLPClassifier,W2VAraque,archeage
83.88,83.24,XGboost,W2VAraque,archeage
83.0,82.6,Reg_Logistica,GloveWP,archeage
81.49,80.12,Random_Forest,GloveWP,archeage
83.59,83.27,SVM,GloveWP,archeage
84.4,83.94,MLPClassifier,GloveWP,archeage
82.71,82.06,XGboost,GloveWP,archeage
85.27,84.94,Reg_Logistica,GloveTW,archeage
84.17,83.25,Random_Forest,GloveTW,archeage
85.27,84.87,SVM,GloveTW,archeage
86.26,85.9,MLPClassifier,GloveTW,archeage
85.86,85.38,XGboost,GloveTW,archeage
83.7,83.32,Reg_Logistica,FastText,archeage
83.64,82.48,Random_Forest,FastText,archeage
85.16,84.84,SVM,FastText,archeage
84.81,84.39,MLPClassifier,FastText,archeage
85.62,85.08,XGboost,FastText,archeage
79.11,78.62,Reg_Logistica,SSWE,archeage
81.72,80.69,Random_Forest,SSWE,archeage
79.63,78.88,SVM,SSWE,archeage
79.81,79.28,MLPClassifier,SSWE,archeage
82.77,82.0,XGboost,SSWE,archeage
81.72,81.23,Reg_Logistica,Emo2Vec,archeage
83.64,82.72,Random_Forest,Emo2Vec,archeage
83.35,82.84,SVM,Emo2Vec,archeage
83.12,82.65,MLPClassifier,Emo2Vec,archeage
84.46,83.82,XGboost,Emo2Vec,archeage
81.55,80.98,Reg_Logistica,DeepMoji,archeage
80.79,79.01,Random_Forest,DeepMoji,archeage
86.09,85.61,SVM,DeepMoji,archeage
84.23,83.74,MLPClassifier,DeepMoji,archeage
82.95,82.16,XGboost,DeepMoji,archeage
84.05,83.75,Reg_Logistica,EWE,archeage
82.59,81.55,Random_Forest,EWE,archeage
84.05,83.8,SVM,EWE,archeage
85.45,85.05,MLPClassifier,EWE,archeage
84.17,83.7,XGboost,EWE,archeage
83.18,82.84,Reg_Logistica,W2V-GN,archeage
82.13,80.94,Random_Forest,W2V-GN,archeage
85.45,85.14,SVM,W2V-GN,archeage
84.75,84.33,MLPClassifier,W2V-GN,archeage
84.34,83.75,XGboost,W2V-GN,archeage
86.5,86.15,Reg_Logistica,Roberta: roberta-base / STATIC_AVG,archeage
81.55,80.37,Random_Forest,Roberta: roberta-base / STATIC_AVG,archeage
87.43,87.19,SVM,Roberta: roberta-base / STATIC_AVG,archeage
87.6,87.29,MLPClassifier,Roberta: roberta-base / STATIC_AVG,archeage
84.75,84.25,XGboost,Roberta: roberta-base / STATIC_AVG,archeage
86.5,86.11,Reg_Logistica,TFIDF,archeage
84.34,83.82,Random_Forest,TFIDF,archeage
87.54,87.11,SVM,TFIDF,archeage
85.51,85.04,MLPClassifier,TFIDF,archeage
83.99,83.56,XGboost,TFIDF,archeage
77.24,76.66,Reg_Logistica,Bert: bert-base-uncased / STATIC_AVG,archeage
80.67,79.34,Random_Forest,Bert: bert-base-uncased / STATIC_AVG,archeage
86.61,86.37,SVM,Bert: bert-base-uncased / STATIC_AVG,archeage
85.97,85.6,MLPClassifier,Bert: bert-base-uncased / STATIC_AVG,archeage
82.71,82.02,XGboost,Bert: bert-base-uncased / STATIC_AVG,archeage
78.87,78.27,Reg_Logistica,Bertweet: vinai/bertweet-base / STATIC_AVG,archeage
80.21,78.82,Random_Forest,Bertweet: vinai/bertweet-base / STATIC_AVG,archeage
84.87,84.56,SVM,Bertweet: vinai/bertweet-base / STATIC_AVG,archeage
85.57,85.22,MLPClassifier,Bertweet: vinai/bertweet-base / STATIC_AVG,archeage
82.48,81.82,XGboost,Bertweet: vinai/bertweet-base / STATIC_AVG,archeage
