accuracy,f1_macro,Classifier_Model,Embedding,Data_Set
77.69,77.33,Reg_Logistica,W2VEdin,sanders
79.49,79.06,Random_Forest,W2VEdin,sanders
83.25,83.1,SVM,W2VEdin,sanders
83.33,83.21,MLPClassifier,W2VEdin,sanders
81.29,81.07,XGboost,W2VEdin,sanders
78.19,77.94,Reg_Logistica,W2VAraque,sanders
77.93,77.33,Random_Forest,W2VAraque,sanders
81.46,81.33,SVM,W2VAraque,sanders
82.43,82.35,MLPClassifier,W2VAraque,sanders
75.97,75.72,XGboost,W2VAraque,sanders
79.0,78.88,Reg_Logistica,GloveWP,sanders
75.98,75.23,Random_Forest,GloveWP,sanders
78.5,78.24,SVM,GloveWP,sanders
78.51,78.38,MLPClassifier,GloveWP,sanders
79.33,79.12,XGboost,GloveWP,sanders
80.79,80.67,Reg_Logistica,GloveTW,sanders
78.99,78.52,Random_Forest,GloveTW,sanders
80.38,80.03,SVM,GloveTW,sanders
82.76,82.64,MLPClassifier,GloveTW,sanders
81.03,80.83,XGboost,GloveTW,sanders
76.63,76.34,Reg_Logistica,FastText,sanders
78.83,78.19,Random_Forest,FastText,sanders
80.55,80.28,SVM,FastText,sanders
82.51,82.37,MLPClassifier,FastText,sanders
79.81,79.6,XGboost,FastText,sanders
80.88,80.78,Reg_Logistica,SSWE,sanders
81.86,81.65,Random_Forest,SSWE,sanders
80.14,79.99,SVM,SSWE,sanders
79.41,79.24,MLPClassifier,SSWE,sanders
81.95,81.79,XGboost,SSWE,sanders
80.15,80.05,Reg_Logistica,Emo2Vec,sanders
80.55,80.19,Random_Forest,Emo2Vec,sanders
81.12,80.98,SVM,Emo2Vec,sanders
80.06,79.95,MLPClassifier,Emo2Vec,sanders
80.71,80.54,XGboost,Emo2Vec,sanders
79.73,79.57,Reg_Logistica,DeepMoji,sanders
79.74,79.26,Random_Forest,DeepMoji,sanders
80.8,80.6,SVM,DeepMoji,sanders
80.72,80.53,MLPClassifier,DeepMoji,sanders
82.43,82.25,XGboost,DeepMoji,sanders
80.63,80.51,Reg_Logistica,EWE,sanders
78.75,78.24,Random_Forest,EWE,sanders
80.54,80.32,SVM,EWE,sanders
82.76,82.65,MLPClassifier,EWE,sanders
80.06,79.84,XGboost,EWE,sanders
80.14,79.91,Reg_Logistica,W2V-GN,sanders
79.9,79.38,Random_Forest,W2V-GN,sanders
82.59,82.38,SVM,W2V-GN,sanders
81.77,81.62,MLPClassifier,W2V-GN,sanders
80.71,80.51,XGboost,W2V-GN,sanders
80.47,80.17,Reg_Logistica,Roberta: roberta-base / STATIC_AVG,sanders
73.94,73.1,Random_Forest,Roberta: roberta-base / STATIC_AVG,sanders
83.57,83.41,SVM,Roberta: roberta-base / STATIC_AVG,sanders
82.92,82.81,MLPClassifier,Roberta: roberta-base / STATIC_AVG,sanders
79.65,79.38,XGboost,Roberta: roberta-base / STATIC_AVG,sanders
81.86,81.58,Reg_Logistica,TFIDF,sanders
79.17,78.72,Random_Forest,TFIDF,sanders
83.33,82.99,SVM,TFIDF,sanders
84.71,84.56,MLPClassifier,TFIDF,sanders
77.86,77.56,XGboost,TFIDF,sanders
70.19,69.61,Reg_Logistica,Bert: bert-base-uncased / STATIC_AVG,sanders
74.03,73.35,Random_Forest,Bert: bert-base-uncased / STATIC_AVG,sanders
81.37,81.2,SVM,Bert: bert-base-uncased / STATIC_AVG,sanders
81.53,81.36,MLPClassifier,Bert: bert-base-uncased / STATIC_AVG,sanders
79.9,79.62,XGboost,Bert: bert-base-uncased / STATIC_AVG,sanders
72.63,71.99,Reg_Logistica,Bertweet: vinai/bertweet-base / STATIC_AVG,sanders
73.87,73.05,Random_Forest,Bertweet: vinai/bertweet-base / STATIC_AVG,sanders
78.84,78.43,SVM,Bertweet: vinai/bertweet-base / STATIC_AVG,sanders
82.27,82.16,MLPClassifier,Bertweet: vinai/bertweet-base / STATIC_AVG,sanders
76.8,76.37,XGboost,Bertweet: vinai/bertweet-base / STATIC_AVG,sanders
