accuracy,f1_macro,Classifier_Model,Embedding,Data_Set
59.76,53.05,Reg_Logistica,W2VEdin,irony
67.86,45.88,Random_Forest,W2VEdin,irony
66.43,58.24,SVM,W2VEdin,irony
67.86,57.52,MLPClassifier,W2VEdin,irony
69.76,61.54,XGboost,W2VEdin,irony
65.71,57.73,Reg_Logistica,W2VAraque,irony
62.86,38.44,Random_Forest,W2VAraque,irony
63.1,48.35,SVM,W2VAraque,irony
64.52,52.65,MLPClassifier,W2VAraque,irony
59.52,46.16,XGboost,W2VAraque,irony
70.71,65.27,Reg_Logistica,GloveWP,irony
66.43,43.02,Random_Forest,GloveWP,irony
69.52,64.46,SVM,GloveWP,irony
75.95,69.14,MLPClassifier,GloveWP,irony
67.62,54.98,XGboost,GloveWP,irony
69.05,63.7,Reg_Logistica,GloveTW,irony
67.86,45.8,Random_Forest,GloveTW,irony
51.67,49.4,SVM,GloveTW,irony
69.29,60.04,MLPClassifier,GloveTW,irony
62.62,47.46,XGboost,GloveTW,irony
66.9,62.4,Reg_Logistica,FastText,irony
66.19,39.77,Random_Forest,FastText,irony
67.86,60.78,SVM,FastText,irony
77.38,67.3,MLPClassifier,FastText,irony
58.57,42.49,XGboost,FastText,irony
71.43,68.67,Reg_Logistica,SSWE,irony
72.62,58.33,Random_Forest,SSWE,irony
70.48,67.04,SVM,SSWE,irony
69.52,63.39,MLPClassifier,SSWE,irony
65.48,56.22,XGboost,SSWE,irony
78.81,75.87,Reg_Logistica,Emo2Vec,irony
72.38,57.46,Random_Forest,Emo2Vec,irony
78.33,72.17,SVM,Emo2Vec,irony
74.05,65.85,MLPClassifier,Emo2Vec,irony
71.19,62.7,XGboost,Emo2Vec,irony
61.43,55.74,Reg_Logistica,DeepMoji,irony
64.76,39.24,Random_Forest,DeepMoji,irony
61.9,53.46,SVM,DeepMoji,irony
65.24,55.16,MLPClassifier,DeepMoji,irony
66.43,53.71,XGboost,DeepMoji,irony
66.9,59.61,Reg_Logistica,EWE,irony
63.33,41.72,Random_Forest,EWE,irony
52.14,47.51,SVM,EWE,irony
76.19,66.61,MLPClassifier,EWE,irony
61.9,46.16,XGboost,EWE,irony
70.0,63.88,Reg_Logistica,W2V-GN,irony
69.29,46.41,Random_Forest,W2V-GN,irony
70.95,60.03,SVM,W2V-GN,irony
75.48,66.46,MLPClassifier,W2V-GN,irony
72.38,63.3,XGboost,W2V-GN,irony
62.62,56.27,Reg_Logistica,Roberta: roberta-base / STATIC_AVG,irony
67.86,43.55,Random_Forest,Roberta: roberta-base / STATIC_AVG,irony
70.48,61.16,SVM,Roberta: roberta-base / STATIC_AVG,irony
70.95,60.77,MLPClassifier,Roberta: roberta-base / STATIC_AVG,irony
55.24,41.13,XGboost,Roberta: roberta-base / STATIC_AVG,irony
57.86,36.27,Reg_Logistica,TFIDF,irony
66.19,39.77,Random_Forest,TFIDF,irony
64.52,39.11,SVM,TFIDF,irony
53.33,38.3,MLPClassifier,TFIDF,irony
42.38,30.21,XGboost,TFIDF,irony
60.95,56.53,Reg_Logistica,Bert: bert-base-uncased / STATIC_AVG,irony
69.52,49.66,Random_Forest,Bert: bert-base-uncased / STATIC_AVG,irony
60.24,54.84,SVM,Bert: bert-base-uncased / STATIC_AVG,irony
64.29,52.77,MLPClassifier,Bert: bert-base-uncased / STATIC_AVG,irony
66.67,53.86,XGboost,Bert: bert-base-uncased / STATIC_AVG,irony
52.14,46.16,Reg_Logistica,Bertweet: vinai/bertweet-base / STATIC_AVG,irony
64.52,39.11,Random_Forest,Bertweet: vinai/bertweet-base / STATIC_AVG,irony
39.29,35.48,SVM,Bertweet: vinai/bertweet-base / STATIC_AVG,irony
65.95,50.22,MLPClassifier,Bertweet: vinai/bertweet-base / STATIC_AVG,irony
65.71,54.88,XGboost,Bertweet: vinai/bertweet-base / STATIC_AVG,irony
