accuracy,f1_macro,Classifier_Model,Embedding,Data_Set
81.9,81.71,Reg_Logistica,W2VEdin,sentiment140
81.33,81.11,Random_Forest,W2VEdin,sentiment140
87.74,87.67,SVM,W2VEdin,sentiment140
82.99,82.91,MLPClassifier,W2VEdin,sentiment140
81.34,81.18,XGboost,W2VEdin,sentiment140
80.51,80.33,Reg_Logistica,W2VAraque,sentiment140
78.55,78.49,Random_Forest,W2VAraque,sentiment140
82.71,82.6,SVM,W2VAraque,sentiment140
79.92,79.81,MLPClassifier,W2VAraque,sentiment140
79.91,79.87,XGboost,W2VAraque,sentiment140
83.29,83.21,Reg_Logistica,GloveWP,sentiment140
77.72,77.58,Random_Forest,GloveWP,sentiment140
83.02,82.94,SVM,GloveWP,sentiment140
80.78,80.69,MLPClassifier,GloveWP,sentiment140
75.49,75.24,XGboost,GloveWP,sentiment140
84.67,84.65,Reg_Logistica,GloveTW,sentiment140
82.16,82.02,Random_Forest,GloveTW,sentiment140
83.56,83.51,SVM,GloveTW,sentiment140
81.34,81.31,MLPClassifier,GloveTW,sentiment140
79.95,79.83,XGboost,GloveTW,sentiment140
82.74,82.62,Reg_Logistica,FastText,sentiment140
79.94,79.77,Random_Forest,FastText,sentiment140
83.56,83.46,SVM,FastText,sentiment140
80.49,80.38,MLPClassifier,FastText,sentiment140
81.33,81.25,XGboost,FastText,sentiment140
82.15,82.12,Reg_Logistica,SSWE,sentiment140
81.03,81.01,Random_Forest,SSWE,sentiment140
80.75,80.71,SVM,SSWE,sentiment140
79.1,78.97,MLPClassifier,SSWE,sentiment140
81.05,80.97,XGboost,SSWE,sentiment140
84.13,84.08,Reg_Logistica,Emo2Vec,sentiment140
83.57,83.51,Random_Forest,Emo2Vec,sentiment140
85.24,85.18,SVM,Emo2Vec,sentiment140
81.05,80.95,MLPClassifier,Emo2Vec,sentiment140
83.56,83.47,XGboost,Emo2Vec,sentiment140
80.22,80.13,Reg_Logistica,DeepMoji,sentiment140
76.03,75.9,Random_Forest,DeepMoji,sentiment140
81.34,81.28,SVM,DeepMoji,sentiment140
76.34,76.18,MLPClassifier,DeepMoji,sentiment140
76.05,75.98,XGboost,DeepMoji,sentiment140
84.11,84.08,Reg_Logistica,EWE,sentiment140
82.46,82.42,Random_Forest,EWE,sentiment140
83.01,82.96,SVM,EWE,sentiment140
81.88,81.8,MLPClassifier,EWE,sentiment140
77.15,77.05,XGboost,EWE,sentiment140
84.94,84.89,Reg_Logistica,W2V-GN,sentiment140
79.96,79.9,Random_Forest,W2V-GN,sentiment140
85.22,85.18,SVM,W2V-GN,sentiment140
80.5,80.4,MLPClassifier,W2V-GN,sentiment140
80.49,80.43,XGboost,W2V-GN,sentiment140
83.0,82.92,Reg_Logistica,Roberta: roberta-base / STATIC_AVG,sentiment140
76.89,76.79,Random_Forest,Roberta: roberta-base / STATIC_AVG,sentiment140
84.94,84.87,SVM,Roberta: roberta-base / STATIC_AVG,sentiment140
84.1,84.05,MLPClassifier,Roberta: roberta-base / STATIC_AVG,sentiment140
78.0,77.95,XGboost,Roberta: roberta-base / STATIC_AVG,sentiment140
80.2,80.1,Reg_Logistica,TFIDF,sentiment140
76.57,76.1,Random_Forest,TFIDF,sentiment140
81.59,81.46,SVM,TFIDF,sentiment140
80.76,80.67,MLPClassifier,TFIDF,sentiment140
69.09,68.8,XGboost,TFIDF,sentiment140
76.06,75.95,Reg_Logistica,Bert: bert-base-uncased / STATIC_AVG,sentiment140
74.94,74.82,Random_Forest,Bert: bert-base-uncased / STATIC_AVG,sentiment140
81.06,80.96,SVM,Bert: bert-base-uncased / STATIC_AVG,sentiment140
85.76,85.73,MLPClassifier,Bert: bert-base-uncased / STATIC_AVG,sentiment140
74.11,73.94,XGboost,Bert: bert-base-uncased / STATIC_AVG,sentiment140
71.02,70.79,Reg_Logistica,Bertweet: vinai/bertweet-base / STATIC_AVG,sentiment140
68.53,68.32,Random_Forest,Bertweet: vinai/bertweet-base / STATIC_AVG,sentiment140
71.59,71.5,SVM,Bertweet: vinai/bertweet-base / STATIC_AVG,sentiment140
76.62,76.48,MLPClassifier,Bertweet: vinai/bertweet-base / STATIC_AVG,sentiment140
67.41,66.91,XGboost,Bertweet: vinai/bertweet-base / STATIC_AVG,sentiment140
