accuracy,f1_macro,Classifier_Model,Embedding,Data_Set
80.3,77.31,Reg_Logistica,W2VEdin,SemEval16
80.84,70.23,Random_Forest,W2VEdin,SemEval16
84.39,81.63,SVM,W2VEdin,SemEval16
83.96,79.69,MLPClassifier,W2VEdin,SemEval16
84.11,78.36,XGboost,W2VEdin,SemEval16
78.57,75.68,Reg_Logistica,W2VAraque,SemEval16
77.77,63.27,Random_Forest,W2VAraque,SemEval16
81.37,78.17,SVM,W2VAraque,SemEval16
80.93,75.33,MLPClassifier,W2VAraque,SemEval16
81.01,73.62,XGboost,W2VAraque,SemEval16
82.43,79.46,Reg_Logistica,GloveWP,SemEval16
79.76,67.26,Random_Forest,GloveWP,SemEval16
82.51,79.52,SVM,GloveWP,SemEval16
83.21,78.55,MLPClassifier,GloveWP,SemEval16
83.46,77.17,XGboost,GloveWP,SemEval16
83.79,80.96,Reg_Logistica,GloveTW,SemEval16
81.96,72.33,Random_Forest,GloveTW,SemEval16
83.87,81.1,SVM,GloveTW,SemEval16
83.8,79.45,MLPClassifier,GloveTW,SemEval16
85.01,79.72,XGboost,GloveTW,SemEval16
83.22,80.19,Reg_Logistica,FastText,SemEval16
80.05,67.27,Random_Forest,FastText,SemEval16
84.5,81.62,SVM,FastText,SemEval16
83.97,79.42,MLPClassifier,FastText,SemEval16
84.96,79.33,XGboost,FastText,SemEval16
79.19,76.16,Reg_Logistica,SSWE,SemEval16
80.75,72.86,Random_Forest,SSWE,SemEval16
78.51,75.82,SVM,SSWE,SemEval16
78.92,73.28,MLPClassifier,SSWE,SemEval16
81.66,75.68,XGboost,SSWE,SemEval16
82.28,79.38,Reg_Logistica,Emo2Vec,SemEval16
82.98,76.29,Random_Forest,Emo2Vec,SemEval16
82.29,79.54,SVM,Emo2Vec,SemEval16
80.98,75.76,MLPClassifier,Emo2Vec,SemEval16
83.49,78.23,XGboost,Emo2Vec,SemEval16
80.89,78.08,Reg_Logistica,DeepMoji,SemEval16
78.48,64.26,Random_Forest,DeepMoji,SemEval16
82.79,80.0,SVM,DeepMoji,SemEval16
82.11,76.99,MLPClassifier,DeepMoji,SemEval16
82.15,75.61,XGboost,DeepMoji,SemEval16
83.46,80.54,Reg_Logistica,EWE,SemEval16
80.48,68.55,Random_Forest,EWE,SemEval16
83.15,80.15,SVM,EWE,SemEval16
84.13,79.63,MLPClassifier,EWE,SemEval16
84.29,78.33,XGboost,EWE,SemEval16
83.69,80.72,Reg_Logistica,W2V-GN,SemEval16
80.54,68.87,Random_Forest,W2V-GN,SemEval16
84.5,81.58,SVM,W2V-GN,SemEval16
83.71,79.27,MLPClassifier,W2V-GN,SemEval16
84.31,78.67,XGboost,W2V-GN,SemEval16
84.61,81.8,Reg_Logistica,Roberta: roberta-base / STATIC_AVG,SemEval16
76.56,57.04,Random_Forest,Roberta: roberta-base / STATIC_AVG,SemEval16
86.0,83.18,SVM,Roberta: roberta-base / STATIC_AVG,SemEval16
85.26,81.05,MLPClassifier,Roberta: roberta-base / STATIC_AVG,SemEval16
83.54,76.84,XGboost,Roberta: roberta-base / STATIC_AVG,SemEval16
84.18,81.04,Reg_Logistica,TFIDF,SemEval16
81.5,72.11,Random_Forest,TFIDF,SemEval16
85.85,81.68,SVM,TFIDF,SemEval16
83.66,78.89,MLPClassifier,TFIDF,SemEval16
83.47,76.43,XGboost,TFIDF,SemEval16
79.54,76.55,Reg_Logistica,Bert: bert-base-uncased / STATIC_AVG,SemEval16
76.56,56.99,Random_Forest,Bert: bert-base-uncased / STATIC_AVG,SemEval16
85.27,82.48,SVM,Bert: bert-base-uncased / STATIC_AVG,SemEval16
84.06,79.82,MLPClassifier,Bert: bert-base-uncased / STATIC_AVG,SemEval16
82.33,75.1,XGboost,Bert: bert-base-uncased / STATIC_AVG,SemEval16
76.19,73.03,Reg_Logistica,Bertweet: vinai/bertweet-base / STATIC_AVG,SemEval16
73.94,47.18,Random_Forest,Bertweet: vinai/bertweet-base / STATIC_AVG,SemEval16
81.69,78.62,SVM,Bertweet: vinai/bertweet-base / STATIC_AVG,SemEval16
84.13,79.83,MLPClassifier,Bertweet: vinai/bertweet-base / STATIC_AVG,SemEval16
79.91,69.99,XGboost,Bertweet: vinai/bertweet-base / STATIC_AVG,SemEval16
