accuracy,f1_macro,Classifier_Model,Embedding,Data_Set
75.09,73.98,Reg_Logistica,W2VEdin,hobbit
81.42,74.2,Random_Forest,W2VEdin,hobbit
90.04,88.95,SVM,W2VEdin,hobbit
89.47,87.89,MLPClassifier,W2VEdin,hobbit
84.68,81.81,XGboost,W2VEdin,hobbit
88.5,87.5,Reg_Logistica,W2VAraque,hobbit
84.87,80.09,Random_Forest,W2VAraque,hobbit
91.37,90.52,SVM,W2VAraque,hobbit
90.79,89.55,MLPClassifier,W2VAraque,hobbit
88.31,86.16,XGboost,W2VAraque,hobbit
88.32,86.79,Reg_Logistica,GloveWP,hobbit
80.26,72.56,Random_Forest,GloveWP,hobbit
85.24,83.89,SVM,GloveWP,hobbit
88.5,86.58,MLPClassifier,GloveWP,hobbit
85.04,81.82,XGboost,GloveWP,hobbit
87.54,86.39,Reg_Logistica,GloveTW,hobbit
82.94,77.67,Random_Forest,GloveTW,hobbit
79.88,78.71,SVM,GloveTW,hobbit
88.87,87.27,MLPClassifier,GloveTW,hobbit
86.19,83.48,XGboost,GloveTW,hobbit
76.82,75.42,Reg_Logistica,FastText,hobbit
79.11,70.21,Random_Forest,FastText,hobbit
83.51,82.25,SVM,FastText,hobbit
89.08,87.46,MLPClassifier,FastText,hobbit
81.6,77.25,XGboost,FastText,hobbit
80.07,78.31,Reg_Logistica,SSWE,hobbit
81.24,75.99,Random_Forest,SSWE,hobbit
76.99,75.49,SVM,SSWE,hobbit
85.82,83.56,MLPClassifier,SSWE,hobbit
80.28,76.1,XGboost,SSWE,hobbit
86.61,85.38,Reg_Logistica,Emo2Vec,hobbit
86.59,84.05,Random_Forest,Emo2Vec,hobbit
87.18,86.03,SVM,Emo2Vec,hobbit
88.71,87.0,MLPClassifier,Emo2Vec,hobbit
88.89,87.0,XGboost,Emo2Vec,hobbit
88.31,87.33,Reg_Logistica,DeepMoji,hobbit
84.47,79.59,Random_Forest,DeepMoji,hobbit
91.57,90.73,SVM,DeepMoji,hobbit
90.03,88.53,MLPClassifier,DeepMoji,hobbit
87.53,85.37,XGboost,DeepMoji,hobbit
91.56,90.61,Reg_Logistica,EWE,hobbit
87.16,83.63,Random_Forest,EWE,hobbit
90.22,89.26,SVM,EWE,hobbit
92.33,91.29,MLPClassifier,EWE,hobbit
90.99,89.31,XGboost,EWE,hobbit
84.47,83.17,Reg_Logistica,W2V-GN,hobbit
83.13,77.38,Random_Forest,W2V-GN,hobbit
89.66,88.56,SVM,W2V-GN,hobbit
89.84,88.38,MLPClassifier,W2V-GN,hobbit
82.96,79.57,XGboost,W2V-GN,hobbit
90.79,89.96,Reg_Logistica,Roberta: roberta-base / STATIC_AVG,hobbit
79.5,69.66,Random_Forest,Roberta: roberta-base / STATIC_AVG,hobbit
92.9,92.08,SVM,Roberta: roberta-base / STATIC_AVG,hobbit
94.44,93.63,MLPClassifier,Roberta: roberta-base / STATIC_AVG,hobbit
86.97,84.46,XGboost,Roberta: roberta-base / STATIC_AVG,hobbit
91.37,90.2,Reg_Logistica,TFIDF,hobbit
92.72,91.68,Random_Forest,TFIDF,hobbit
93.29,91.73,SVM,TFIDF,hobbit
87.74,84.82,MLPClassifier,TFIDF,hobbit
92.71,91.77,XGboost,TFIDF,hobbit
80.82,79.66,Reg_Logistica,Bert: bert-base-uncased / STATIC_AVG,hobbit
80.85,73.56,Random_Forest,Bert: bert-base-uncased / STATIC_AVG,hobbit
91.75,90.92,SVM,Bert: bert-base-uncased / STATIC_AVG,hobbit
94.82,94.05,MLPClassifier,Bert: bert-base-uncased / STATIC_AVG,hobbit
87.73,85.24,XGboost,Bert: bert-base-uncased / STATIC_AVG,hobbit
79.3,77.93,Reg_Logistica,Bertweet: vinai/bertweet-base / STATIC_AVG,hobbit
80.64,72.15,Random_Forest,Bertweet: vinai/bertweet-base / STATIC_AVG,hobbit
90.03,89.05,SVM,Bertweet: vinai/bertweet-base / STATIC_AVG,hobbit
92.72,91.57,MLPClassifier,Bertweet: vinai/bertweet-base / STATIC_AVG,hobbit
88.51,85.99,XGboost,Bertweet: vinai/bertweet-base / STATIC_AVG,hobbit
