accuracy,f1_macro,Classifier_Model,Embedding,Data_Set
79.52,79.51,Reg_Logistica,W2VEdin,Target-dependent
79.03,79.02,Random_Forest,W2VEdin,Target-dependent
83.39,83.38,SVM,W2VEdin,Target-dependent
80.39,80.38,MLPClassifier,W2VEdin,Target-dependent
80.18,80.17,XGboost,W2VEdin,Target-dependent
81.08,81.06,Reg_Logistica,W2VAraque,Target-dependent
77.62,77.6,Random_Forest,W2VAraque,Target-dependent
81.4,81.39,SVM,W2VAraque,Target-dependent
80.04,80.04,MLPClassifier,W2VAraque,Target-dependent
79.15,79.13,XGboost,W2VAraque,Target-dependent
80.94,80.92,Reg_Logistica,GloveWP,Target-dependent
76.98,76.97,Random_Forest,GloveWP,Target-dependent
81.92,81.91,SVM,GloveWP,Target-dependent
78.34,78.33,MLPClassifier,GloveWP,Target-dependent
79.98,79.97,XGboost,GloveWP,Target-dependent
83.44,83.43,Reg_Logistica,GloveTW,Target-dependent
80.1,80.09,Random_Forest,GloveTW,Target-dependent
82.81,82.8,SVM,GloveTW,Target-dependent
79.58,79.57,MLPClassifier,GloveTW,Target-dependent
81.22,81.21,XGboost,GloveTW,Target-dependent
82.38,82.37,Reg_Logistica,FastText,Target-dependent
79.92,79.91,Random_Forest,FastText,Target-dependent
83.82,83.81,SVM,FastText,Target-dependent
80.99,80.98,MLPClassifier,FastText,Target-dependent
80.93,80.92,XGboost,FastText,Target-dependent
78.22,78.21,Reg_Logistica,SSWE,Target-dependent
78.14,78.09,Random_Forest,SSWE,Target-dependent
79.18,79.13,SVM,SSWE,Target-dependent
74.47,74.44,MLPClassifier,SSWE,Target-dependent
78.28,78.26,XGboost,SSWE,Target-dependent
82.38,82.36,Reg_Logistica,Emo2Vec,Target-dependent
81.37,81.33,Random_Forest,Emo2Vec,Target-dependent
82.98,82.96,SVM,Emo2Vec,Target-dependent
79.67,79.65,MLPClassifier,Emo2Vec,Target-dependent
81.86,81.83,XGboost,Emo2Vec,Target-dependent
81.94,81.9,Reg_Logistica,DeepMoji,Target-dependent
79.44,79.4,Random_Forest,DeepMoji,Target-dependent
82.9,82.87,SVM,DeepMoji,Target-dependent
79.87,79.85,MLPClassifier,DeepMoji,Target-dependent
79.64,79.62,XGboost,DeepMoji,Target-dependent
82.64,82.63,Reg_Logistica,EWE,Target-dependent
80.07,80.06,Random_Forest,EWE,Target-dependent
83.18,83.18,SVM,EWE,Target-dependent
80.53,80.52,MLPClassifier,EWE,Target-dependent
80.24,80.24,XGboost,EWE,Target-dependent
82.49,82.49,Reg_Logistica,W2V-GN,Target-dependent
79.95,79.94,Random_Forest,W2V-GN,Target-dependent
83.67,83.67,SVM,W2V-GN,Target-dependent
81.48,81.47,MLPClassifier,W2V-GN,Target-dependent
80.33,80.32,XGboost,W2V-GN,Target-dependent
83.07,83.06,Reg_Logistica,Roberta: roberta-base / STATIC_AVG,Target-dependent
76.32,76.3,Random_Forest,Roberta: roberta-base / STATIC_AVG,Target-dependent
84.42,84.42,SVM,Roberta: roberta-base / STATIC_AVG,Target-dependent
81.57,81.56,MLPClassifier,Roberta: roberta-base / STATIC_AVG,Target-dependent
78.91,78.9,XGboost,Roberta: roberta-base / STATIC_AVG,Target-dependent
81.63,81.61,Reg_Logistica,TFIDF,Target-dependent
80.36,80.34,Random_Forest,TFIDF,Target-dependent
82.35,82.33,SVM,TFIDF,Target-dependent
78.51,78.5,MLPClassifier,TFIDF,Target-dependent
79.98,79.97,XGboost,TFIDF,Target-dependent
76.92,76.9,Reg_Logistica,Bert: bert-base-uncased / STATIC_AVG,Target-dependent
74.01,73.98,Random_Forest,Bert: bert-base-uncased / STATIC_AVG,Target-dependent
83.44,83.43,SVM,Bert: bert-base-uncased / STATIC_AVG,Target-dependent
80.33,80.3,MLPClassifier,Bert: bert-base-uncased / STATIC_AVG,Target-dependent
78.31,78.29,XGboost,Bert: bert-base-uncased / STATIC_AVG,Target-dependent
73.93,73.89,Reg_Logistica,Bertweet: vinai/bertweet-base / STATIC_AVG,Target-dependent
71.68,71.63,Random_Forest,Bertweet: vinai/bertweet-base / STATIC_AVG,Target-dependent
80.36,80.32,SVM,Bertweet: vinai/bertweet-base / STATIC_AVG,Target-dependent
79.95,79.94,MLPClassifier,Bertweet: vinai/bertweet-base / STATIC_AVG,Target-dependent
76.15,76.12,XGboost,Bertweet: vinai/bertweet-base / STATIC_AVG,Target-dependent
