accuracy,f1_macro,Classifier_Model,Embedding,Data_Set
83.05,82.65,Reg_Logistica,W2VEdin,Narr-KDML-2012
83.21,81.85,Random_Forest,W2VEdin,Narr-KDML-2012
88.67,88.38,SVM,W2VEdin,Narr-KDML-2012
88.51,87.99,MLPClassifier,W2VEdin,Narr-KDML-2012
84.19,83.41,XGboost,W2VEdin,Narr-KDML-2012
83.29,82.88,Reg_Logistica,W2VAraque,Narr-KDML-2012
80.44,78.89,Random_Forest,W2VAraque,Narr-KDML-2012
84.18,83.72,SVM,W2VAraque,Narr-KDML-2012
82.89,82.05,MLPClassifier,W2VAraque,Narr-KDML-2012
81.09,80.0,XGboost,W2VAraque,Narr-KDML-2012
84.35,83.79,Reg_Logistica,GloveWP,Narr-KDML-2012
75.47,72.43,Random_Forest,GloveWP,Narr-KDML-2012
83.94,83.5,SVM,GloveWP,Narr-KDML-2012
83.12,82.2,MLPClassifier,GloveWP,Narr-KDML-2012
80.2,79.02,XGboost,GloveWP,Narr-KDML-2012
87.37,86.99,Reg_Logistica,GloveTW,Narr-KDML-2012
82.8,81.54,Random_Forest,GloveTW,Narr-KDML-2012
85.33,85.02,SVM,GloveTW,Narr-KDML-2012
87.04,86.46,MLPClassifier,GloveTW,Narr-KDML-2012
85.57,84.81,XGboost,GloveTW,Narr-KDML-2012
82.64,82.27,Reg_Logistica,FastText,Narr-KDML-2012
79.38,76.87,Random_Forest,FastText,Narr-KDML-2012
84.03,83.76,SVM,FastText,Narr-KDML-2012
83.94,83.17,MLPClassifier,FastText,Narr-KDML-2012
81.08,79.66,XGboost,FastText,Narr-KDML-2012
89.0,88.58,Reg_Logistica,SSWE,Narr-KDML-2012
88.67,88.19,Random_Forest,SSWE,Narr-KDML-2012
88.84,88.48,SVM,SSWE,Narr-KDML-2012
86.06,85.4,MLPClassifier,SSWE,Narr-KDML-2012
88.83,88.34,XGboost,SSWE,Narr-KDML-2012
88.26,87.91,Reg_Logistica,Emo2Vec,Narr-KDML-2012
88.35,87.78,Random_Forest,Emo2Vec,Narr-KDML-2012
88.34,88.01,SVM,Emo2Vec,Narr-KDML-2012
87.77,87.16,MLPClassifier,Emo2Vec,Narr-KDML-2012
87.78,87.21,XGboost,Emo2Vec,Narr-KDML-2012
87.29,86.93,Reg_Logistica,DeepMoji,Narr-KDML-2012
83.05,81.6,Random_Forest,DeepMoji,Narr-KDML-2012
88.83,88.45,SVM,DeepMoji,Narr-KDML-2012
88.26,87.71,MLPClassifier,DeepMoji,Narr-KDML-2012
87.04,86.42,XGboost,DeepMoji,Narr-KDML-2012
84.43,83.95,Reg_Logistica,EWE,Narr-KDML-2012
78.16,75.61,Random_Forest,EWE,Narr-KDML-2012
83.78,83.42,SVM,EWE,Narr-KDML-2012
83.86,83.06,MLPClassifier,EWE,Narr-KDML-2012
83.05,81.93,XGboost,EWE,Narr-KDML-2012
84.19,83.75,Reg_Logistica,W2V-GN,Narr-KDML-2012
78.97,76.75,Random_Forest,W2V-GN,Narr-KDML-2012
84.51,84.08,SVM,W2V-GN,Narr-KDML-2012
85.57,84.9,MLPClassifier,W2V-GN,Narr-KDML-2012
82.72,81.72,XGboost,W2V-GN,Narr-KDML-2012
85.33,84.88,Reg_Logistica,Roberta: roberta-base / STATIC_AVG,Narr-KDML-2012
74.58,69.78,Random_Forest,Roberta: roberta-base / STATIC_AVG,Narr-KDML-2012
87.21,86.82,SVM,Roberta: roberta-base / STATIC_AVG,Narr-KDML-2012
86.64,85.93,MLPClassifier,Roberta: roberta-base / STATIC_AVG,Narr-KDML-2012
81.1,79.73,XGboost,Roberta: roberta-base / STATIC_AVG,Narr-KDML-2012
80.44,79.82,Reg_Logistica,TFIDF,Narr-KDML-2012
78.49,77.12,Random_Forest,TFIDF,Narr-KDML-2012
80.36,79.32,SVM,TFIDF,Narr-KDML-2012
80.77,79.48,MLPClassifier,TFIDF,Narr-KDML-2012
77.6,76.49,XGboost,TFIDF,Narr-KDML-2012
77.59,77.14,Reg_Logistica,Bert: bert-base-uncased / STATIC_AVG,Narr-KDML-2012
72.54,67.47,Random_Forest,Bert: bert-base-uncased / STATIC_AVG,Narr-KDML-2012
83.46,82.93,SVM,Bert: bert-base-uncased / STATIC_AVG,Narr-KDML-2012
85.09,84.37,MLPClassifier,Bert: bert-base-uncased / STATIC_AVG,Narr-KDML-2012
80.44,78.8,XGboost,Bert: bert-base-uncased / STATIC_AVG,Narr-KDML-2012
74.91,74.37,Reg_Logistica,Bertweet: vinai/bertweet-base / STATIC_AVG,Narr-KDML-2012
70.99,64.43,Random_Forest,Bertweet: vinai/bertweet-base / STATIC_AVG,Narr-KDML-2012
80.61,80.06,SVM,Bertweet: vinai/bertweet-base / STATIC_AVG,Narr-KDML-2012
82.97,82.12,MLPClassifier,Bertweet: vinai/bertweet-base / STATIC_AVG,Narr-KDML-2012
76.86,74.88,XGboost,Bertweet: vinai/bertweet-base / STATIC_AVG,Narr-KDML-2012
