accuracy,f1_macro,Classifier_Model,Embedding,Data_Set
93.943,93.747,Reg_Logistica,./Seed/BERTweet-1-12-LM_CONTEXT,sentiment140
90.237,89.727,Random_Forest,./Seed/BERTweet-1-12-LM_CONTEXT,sentiment140
93.873,93.677,SVM,./Seed/BERTweet-1-12-LM_CONTEXT,sentiment140
93.573,93.343,MLPClassifier,./Seed/BERTweet-1-12-LM_CONTEXT,sentiment140
90.87,90.537,XGboost,./Seed/BERTweet-1-12-LM_CONTEXT,sentiment140
81.627,77.203,Reg_Logistica,./Seed/BERTweet-1-12-LM_CONTEXT,Target-dependent
78.243,58.817,Random_Forest,./Seed/BERTweet-1-12-LM_CONTEXT,Target-dependent
81.213,76.887,SVM,./Seed/BERTweet-1-12-LM_CONTEXT,Target-dependent
82.61,77.293,MLPClassifier,./Seed/BERTweet-1-12-LM_CONTEXT,Target-dependent
82.313,73.54,XGboost,./Seed/BERTweet-1-12-LM_CONTEXT,Target-dependent
89.687,88.903,Reg_Logistica,./Seed/BERTweet-1-12-LM_CONTEXT,person
84.74,80.917,Random_Forest,./Seed/BERTweet-1-12-LM_CONTEXT,person
88.407,87.693,SVM,./Seed/BERTweet-1-12-LM_CONTEXT,person
89.177,88.107,MLPClassifier,./Seed/BERTweet-1-12-LM_CONTEXT,person
87.803,86.227,XGboost,./Seed/BERTweet-1-12-LM_CONTEXT,person
91.42,87.807,Reg_Logistica,./Seed/BERTweet-1-12-LM_CONTEXT,SemEval15-Task11
84.263,67.26,Random_Forest,./Seed/BERTweet-1-12-LM_CONTEXT,SemEval15-Task11
89.617,85.607,SVM,./Seed/BERTweet-1-12-LM_CONTEXT,SemEval15-Task11
91.413,87.31,MLPClassifier,./Seed/BERTweet-1-12-LM_CONTEXT,SemEval15-Task11
89.967,83.477,XGboost,./Seed/BERTweet-1-12-LM_CONTEXT,SemEval15-Task11
91.997,91.797,Reg_Logistica,./Seed/BERTweet-1-12-LM_CONTEXT,Narr-KDML-2012
86.84,85.947,Random_Forest,./Seed/BERTweet-1-12-LM_CONTEXT,Narr-KDML-2012
91.963,91.783,SVM,./Seed/BERTweet-1-12-LM_CONTEXT,Narr-KDML-2012
92.257,92.003,MLPClassifier,./Seed/BERTweet-1-12-LM_CONTEXT,Narr-KDML-2012
90.18,89.817,XGboost,./Seed/BERTweet-1-12-LM_CONTEXT,Narr-KDML-2012
84.477,79.793,Reg_Logistica,./Seed/BERTweet-1-12-LM_CONTEXT,irony
78.543,57.65,Random_Forest,./Seed/BERTweet-1-12-LM_CONTEXT,irony
83.68,79.12,SVM,./Seed/BERTweet-1-12-LM_CONTEXT,irony
85.98,80.357,MLPClassifier,./Seed/BERTweet-1-12-LM_CONTEXT,irony
84.41,75.087,XGboost,./Seed/BERTweet-1-12-LM_CONTEXT,irony
89.447,88.88,Reg_Logistica,./Seed/BERTweet-1-12-LM_CONTEXT,debate08
84.557,82.293,Random_Forest,./Seed/BERTweet-1-12-LM_CONTEXT,debate08
89.517,88.9,SVM,./Seed/BERTweet-1-12-LM_CONTEXT,debate08
88.5,87.867,MLPClassifier,./Seed/BERTweet-1-12-LM_CONTEXT,debate08
86.623,85.523,XGboost,./Seed/BERTweet-1-12-LM_CONTEXT,debate08
89.537,89.41,Reg_Logistica,./Seed/BERTweet-1-12-LM_CONTEXT,archeage
88.05,87.81,Random_Forest,./Seed/BERTweet-1-12-LM_CONTEXT,archeage
89.537,89.433,SVM,./Seed/BERTweet-1-12-LM_CONTEXT,archeage
89.503,89.373,MLPClassifier,./Seed/BERTweet-1-12-LM_CONTEXT,archeage
89.09,88.953,XGboost,./Seed/BERTweet-1-12-LM_CONTEXT,archeage
92.21,88.623,Reg_Logistica,./Seed/BERTweet-1-12-LM_CONTEXT,SemEval13
84.683,69.067,Random_Forest,./Seed/BERTweet-1-12-LM_CONTEXT,SemEval13
91.547,87.667,SVM,./Seed/BERTweet-1-12-LM_CONTEXT,SemEval13
92.163,88.277,MLPClassifier,./Seed/BERTweet-1-12-LM_CONTEXT,SemEval13
90.193,83.553,XGboost,./Seed/BERTweet-1-12-LM_CONTEXT,SemEval13
82.977,82.513,Reg_Logistica,./Seed/BERTweet-1-12-LM_CONTEXT,sarcasm
80.46,79.887,Random_Forest,./Seed/BERTweet-1-12-LM_CONTEXT,sarcasm
83.807,83.177,SVM,./Seed/BERTweet-1-12-LM_CONTEXT,sarcasm
84.843,84.46,MLPClassifier,./Seed/BERTweet-1-12-LM_CONTEXT,sarcasm
77.667,76.87,XGboost,./Seed/BERTweet-1-12-LM_CONTEXT,sarcasm
83.73,80.477,Reg_Logistica,./Seed/BERTweet-1-12-LM_CONTEXT,HCR
77.993,63.153,Random_Forest,./Seed/BERTweet-1-12-LM_CONTEXT,HCR
81.68,78.74,SVM,./Seed/BERTweet-1-12-LM_CONTEXT,HCR
83.55,79.443,MLPClassifier,./Seed/BERTweet-1-12-LM_CONTEXT,HCR
82.387,75.583,XGboost,./Seed/BERTweet-1-12-LM_CONTEXT,HCR
90.443,87.677,Reg_Logistica,./Seed/BERTweet-1-12-LM_CONTEXT,SemEval18
84.987,72.27,Random_Forest,./Seed/BERTweet-1-12-LM_CONTEXT,SemEval18
90.31,87.113,SVM,./Seed/BERTweet-1-12-LM_CONTEXT,SemEval18
90.207,87.223,MLPClassifier,./Seed/BERTweet-1-12-LM_CONTEXT,SemEval18
88.37,83.143,XGboost,./Seed/BERTweet-1-12-LM_CONTEXT,SemEval18
83.463,82.05,Reg_Logistica,./Seed/BERTweet-1-12-LM_CONTEXT,VADER
79.18,74.417,Random_Forest,./Seed/BERTweet-1-12-LM_CONTEXT,VADER
84.303,82.787,SVM,./Seed/BERTweet-1-12-LM_CONTEXT,VADER
85.1,83.583,MLPClassifier,./Seed/BERTweet-1-12-LM_CONTEXT,VADER
79.027,76.67,XGboost,./Seed/BERTweet-1-12-LM_CONTEXT,VADER
79.417,75.15,Reg_Logistica,./Seed/BERTweet-1-12-LM_CONTEXT,hobbit
74.74,58.05,Random_Forest,./Seed/BERTweet-1-12-LM_CONTEXT,hobbit
77.95,73.803,SVM,./Seed/BERTweet-1-12-LM_CONTEXT,hobbit
81.627,76.637,MLPClassifier,./Seed/BERTweet-1-12-LM_CONTEXT,hobbit
80.417,73.0,XGboost,./Seed/BERTweet-1-12-LM_CONTEXT,hobbit
90.25,89.707,Reg_Logistica,./Seed/BERTweet-1-12-LM_CONTEXT,sanders
84.847,82.163,Random_Forest,./Seed/BERTweet-1-12-LM_CONTEXT,sanders
88.573,87.96,SVM,./Seed/BERTweet-1-12-LM_CONTEXT,sanders
89.703,89.087,MLPClassifier,./Seed/BERTweet-1-12-LM_CONTEXT,sanders
88.417,87.43,XGboost,./Seed/BERTweet-1-12-LM_CONTEXT,sanders
89.463,88.453,Reg_Logistica,./Seed/BERTweet-1-12-LM_CONTEXT,SemEval17-test
84.793,81.72,Random_Forest,./Seed/BERTweet-1-12-LM_CONTEXT,SemEval17-test
88.457,87.68,SVM,./Seed/BERTweet-1-12-LM_CONTEXT,SemEval17-test
88.48,87.22,MLPClassifier,./Seed/BERTweet-1-12-LM_CONTEXT,SemEval17-test
88.0,86.407,XGboost,./Seed/BERTweet-1-12-LM_CONTEXT,SemEval17-test
91.637,90.123,Reg_Logistica,./Seed/BERTweet-1-12-LM_CONTEXT,SemEval16
85.76,79.903,Random_Forest,./Seed/BERTweet-1-12-LM_CONTEXT,SemEval16
91.583,90.213,SVM,./Seed/BERTweet-1-12-LM_CONTEXT,SemEval16
91.34,89.563,MLPClassifier,./Seed/BERTweet-1-12-LM_CONTEXT,SemEval16
90.433,88.023,XGboost,./Seed/BERTweet-1-12-LM_CONTEXT,SemEval16
86.737,85.23,Reg_Logistica,./Seed/BERTweet-1-12-LM_CONTEXT,iphone
83.617,79.64,Random_Forest,./Seed/BERTweet-1-12-LM_CONTEXT,iphone
85.17,84.06,SVM,./Seed/BERTweet-1-12-LM_CONTEXT,iphone
86.663,84.827,MLPClassifier,./Seed/BERTweet-1-12-LM_CONTEXT,iphone
85.657,83.227,XGboost,./Seed/BERTweet-1-12-LM_CONTEXT,iphone
91.527,90.503,Reg_Logistica,./Seed/BERTweet-1-12-LM_CONTEXT,ntua
83.907,78.397,Random_Forest,./Seed/BERTweet-1-12-LM_CONTEXT,ntua
90.223,89.303,SVM,./Seed/BERTweet-1-12-LM_CONTEXT,ntua
91.387,90.07,MLPClassifier,./Seed/BERTweet-1-12-LM_CONTEXT,ntua
89.01,86.923,XGboost,./Seed/BERTweet-1-12-LM_CONTEXT,ntua
90.943,88.263,Reg_Logistica,./Seed/BERTweet-1-12-LM_CONTEXT,movie
84.367,69.623,Random_Forest,./Seed/BERTweet-1-12-LM_CONTEXT,movie
89.467,86.907,SVM,./Seed/BERTweet-1-12-LM_CONTEXT,movie
90.77,87.547,MLPClassifier,./Seed/BERTweet-1-12-LM_CONTEXT,movie
88.82,82.567,XGboost,./Seed/BERTweet-1-12-LM_CONTEXT,movie
84.323,83.663,Reg_Logistica,./Seed/BERTweet-1-12-LM_CONTEXT,STS-gold
82.227,80.307,Random_Forest,./Seed/BERTweet-1-12-LM_CONTEXT,STS-gold
85.42,84.603,SVM,./Seed/BERTweet-1-12-LM_CONTEXT,STS-gold
86.04,85.427,MLPClassifier,./Seed/BERTweet-1-12-LM_CONTEXT,STS-gold
77.993,76.71,XGboost,./Seed/BERTweet-1-12-LM_CONTEXT,STS-gold
92.707,92.177,Reg_Logistica,./Seed/BERTweet-1-12-LM_CONTEXT,SentiStrength
86.42,83.98,Random_Forest,./Seed/BERTweet-1-12-LM_CONTEXT,SentiStrength
92.303,91.817,SVM,./Seed/BERTweet-1-12-LM_CONTEXT,SentiStrength
92.253,91.627,MLPClassifier,./Seed/BERTweet-1-12-LM_CONTEXT,SentiStrength
90.383,89.403,XGboost,./Seed/BERTweet-1-12-LM_CONTEXT,SentiStrength
