Data_Set,accuracy,f1_macro,Classifier_Model,Embedding
HCR,81.18,77.36,Reg_Logistica,BERTweet-1K
Narr-KDML-2012,96.98,96.87,Reg_Logistica,BERTweet-1K
STS-gold,95.08,94.3,Reg_Logistica,BERTweet-1K
SemEval13,90.36,88.18,Reg_Logistica,BERTweet-1K
SemEval15-Task11,93.47,86.05,Reg_Logistica,BERTweet-1K
SemEval16,91.34,89.43,Reg_Logistica,BERTweet-1K
SemEval17-test,93.21,92.76,Reg_Logistica,BERTweet-1K
SemEval18,89.56,89.5,Reg_Logistica,BERTweet-1K
SentiStrength,88.34,88.02,Reg_Logistica,BERTweet-1K
Target-dependent,86.53,86.53,Reg_Logistica,BERTweet-1K
VADER,92.8,91.64,Reg_Logistica,BERTweet-1K
archeage,91.04,90.85,Reg_Logistica,BERTweet-1K
debate08,88.3,87.48,Reg_Logistica,BERTweet-1K
hobbit,89.45,87.94,Reg_Logistica,BERTweet-1K
iphone,86.84,84.58,Reg_Logistica,BERTweet-1K
irony,67.62,60.15,Reg_Logistica,BERTweet-1K
movie,90.73,84.93,Reg_Logistica,BERTweet-1K
ntua,90.67,90.5,Reg_Logistica,BERTweet-1K
person,88.83,86.71,Reg_Logistica,BERTweet-1K
sanders,91.74,91.68,Reg_Logistica,BERTweet-1K
sarcasm,66.25,65.08,Reg_Logistica,BERTweet-1K
sentiment140,91.64,91.61,Reg_Logistica,BERTweet-1K
HCR,81.53,76.79,MLPClassifier,BERTweet-1K
Narr-KDML-2012,97.04,96.91,MLPClassifier,BERTweet-1K
STS-gold,94.76,93.87,MLPClassifier,BERTweet-1K
SemEval13,90.14,87.59,MLPClassifier,BERTweet-1K
SemEval15-Task11,94.18,86.22,MLPClassifier,BERTweet-1K
SemEval16,91.02,88.72,MLPClassifier,BERTweet-1K
SemEval17-test,92.65,92.12,MLPClassifier,BERTweet-1K
SemEval18,89.04,88.97,MLPClassifier,BERTweet-1K
SentiStrength,87.23,86.82,MLPClassifier,BERTweet-1K
Target-dependent,86.54,86.54,MLPClassifier,BERTweet-1K
VADER,92.3,90.96,MLPClassifier,BERTweet-1K
archeage,91.13,90.94,MLPClassifier,BERTweet-1K
debate08,86.97,86.03,MLPClassifier,BERTweet-1K
hobbit,89.32,87.59,MLPClassifier,BERTweet-1K
iphone,86.35,83.56,MLPClassifier,BERTweet-1K
irony,72.06,63.53,MLPClassifier,BERTweet-1K
movie,90.97,83.64,MLPClassifier,BERTweet-1K
ntua,91.86,91.65,MLPClassifier,BERTweet-1K
person,87.69,84.87,MLPClassifier,BERTweet-1K
sanders,91.12,91.06,MLPClassifier,BERTweet-1K
sarcasm,71.96,71.03,MLPClassifier,BERTweet-1K
sentiment140,91.27,91.23,MLPClassifier,BERTweet-1K
HCR,80.76,72.69,XGboost,BERTweet-1K
Narr-KDML-2012,94.62,94.35,XGboost,BERTweet-1K
STS-gold,91.84,90.18,XGboost,BERTweet-1K
SemEval13,88.53,84.73,XGboost,BERTweet-1K
SemEval15-Task11,91.89,77.95,XGboost,BERTweet-1K
SemEval16,90.85,88.07,XGboost,BERTweet-1K
SemEval17-test,91.92,91.27,XGboost,BERTweet-1K
SemEval18,88.22,88.09,XGboost,BERTweet-1K
SentiStrength,86.37,85.88,XGboost,BERTweet-1K
Target-dependent,85.55,85.54,XGboost,BERTweet-1K
VADER,90.16,87.98,XGboost,BERTweet-1K
archeage,90.86,90.66,XGboost,BERTweet-1K
debate08,85.0,83.39,XGboost,BERTweet-1K
hobbit,87.16,84.41,XGboost,BERTweet-1K
iphone,85.71,82.07,XGboost,BERTweet-1K
irony,73.33,61.9,XGboost,BERTweet-1K
movie,88.06,73.18,XGboost,BERTweet-1K
ntua,89.55,89.22,XGboost,BERTweet-1K
person,85.64,81.37,XGboost,BERTweet-1K
sanders,89.87,89.79,XGboost,BERTweet-1K
sarcasm,56.07,53.96,XGboost,BERTweet-1K
sentiment140,86.07,85.99,XGboost,BERTweet-1K
HCR,80.5,77.03,SVM,BERTweet-1K
Narr-KDML-2012,96.33,96.2,SVM,BERTweet-1K
STS-gold,95.23,94.52,SVM,BERTweet-1K
SemEval13,90.0,88.07,SVM,BERTweet-1K
SemEval15-Task11,92.22,83.6,SVM,BERTweet-1K
SemEval16,91.38,89.63,SVM,BERTweet-1K
SemEval17-test,93.37,92.94,SVM,BERTweet-1K
SemEval18,89.78,89.69,SVM,BERTweet-1K
SentiStrength,88.16,87.92,SVM,BERTweet-1K
Target-dependent,87.83,87.82,SVM,BERTweet-1K
VADER,92.42,91.33,SVM,BERTweet-1K
archeage,90.39,90.24,SVM,BERTweet-1K
debate08,88.93,88.05,SVM,BERTweet-1K
hobbit,85.25,83.59,SVM,BERTweet-1K
iphone,83.84,82.18,SVM,BERTweet-1K
irony,68.1,60.79,SVM,BERTweet-1K
movie,87.71,82.05,SVM,BERTweet-1K
ntua,91.4,91.23,SVM,BERTweet-1K
person,84.04,82.16,SVM,BERTweet-1K
sanders,90.69,90.6,SVM,BERTweet-1K
sarcasm,69.11,67.4,SVM,BERTweet-1K
sentiment140,91.92,91.89,SVM,BERTweet-1K
HCR,76.78,59.43,Random_Forest,BERTweet-1K
Narr-KDML-2012,91.91,91.36,Random_Forest,BERTweet-1K
STS-gold,86.78,82.26,Random_Forest,BERTweet-1K
SemEval13,82.37,72.52,Random_Forest,BERTweet-1K
SemEval15-Task11,86.4,51.82,Random_Forest,BERTweet-1K
SemEval16,85.66,79.09,Random_Forest,BERTweet-1K
SemEval17-test,89.49,88.44,Random_Forest,BERTweet-1K
SemEval18,86.34,86.1,Random_Forest,BERTweet-1K
SentiStrength,82.61,81.45,Random_Forest,BERTweet-1K
Target-dependent,83.95,83.94,Random_Forest,BERTweet-1K
VADER,84.5,78.75,Random_Forest,BERTweet-1K
archeage,90.07,89.71,Random_Forest,BERTweet-1K
debate08,82.18,78.88,Random_Forest,BERTweet-1K
hobbit,80.98,74.03,Random_Forest,BERTweet-1K
iphone,83.08,76.75,Random_Forest,BERTweet-1K
irony,66.67,41.51,Random_Forest,BERTweet-1K
movie,82.77,48.89,Random_Forest,BERTweet-1K
ntua,86.7,85.86,Random_Forest,BERTweet-1K
person,79.95,69.57,Random_Forest,BERTweet-1K
sanders,88.43,88.28,Random_Forest,BERTweet-1K
sarcasm,67.56,66.1,Random_Forest,BERTweet-1K
sentiment140,88.3,88.27,Random_Forest,BERTweet-1K
