accuracy,f1_macro,Classifier_Model,Embedding,Data_Set
79.52,79.51,Reg_Logistica,W2VEdin,Target-dependent
79.03,79.02,Random_Forest,W2VEdin,Target-dependent
83.39,83.38,SVM,W2VEdin,Target-dependent
80.39,80.38,MLPClassifier,W2VEdin,Target-dependent
80.18,80.17,XGboost,W2VEdin,Target-dependent
81.08,81.06,Reg_Logistica,W2VAraque,Target-dependent
77.62,77.6,Random_Forest,W2VAraque,Target-dependent
81.4,81.39,SVM,W2VAraque,Target-dependent
80.04,80.04,MLPClassifier,W2VAraque,Target-dependent
79.15,79.13,XGboost,W2VAraque,Target-dependent
80.94,80.92,Reg_Logistica,GloveWP,Target-dependent
76.98,76.97,Random_Forest,GloveWP,Target-dependent
81.92,81.91,SVM,GloveWP,Target-dependent
78.34,78.33,MLPClassifier,GloveWP,Target-dependent
79.98,79.97,XGboost,GloveWP,Target-dependent
83.44,83.43,Reg_Logistica,GloveTW,Target-dependent
80.1,80.09,Random_Forest,GloveTW,Target-dependent
82.81,82.8,SVM,GloveTW,Target-dependent
79.58,79.57,MLPClassifier,GloveTW,Target-dependent
81.22,81.21,XGboost,GloveTW,Target-dependent
82.38,82.37,Reg_Logistica,FastText,Target-dependent
79.92,79.91,Random_Forest,FastText,Target-dependent
83.82,83.81,SVM,FastText,Target-dependent
80.99,80.98,MLPClassifier,FastText,Target-dependent
80.93,80.92,XGboost,FastText,Target-dependent
78.22,78.21,Reg_Logistica,SSWE,Target-dependent
78.14,78.09,Random_Forest,SSWE,Target-dependent
79.18,79.13,SVM,SSWE,Target-dependent
74.47,74.44,MLPClassifier,SSWE,Target-dependent
78.28,78.26,XGboost,SSWE,Target-dependent
82.38,82.36,Reg_Logistica,Emo2Vec,Target-dependent
81.37,81.33,Random_Forest,Emo2Vec,Target-dependent
82.98,82.96,SVM,Emo2Vec,Target-dependent
79.67,79.65,MLPClassifier,Emo2Vec,Target-dependent
81.86,81.83,XGboost,Emo2Vec,Target-dependent
81.94,81.9,Reg_Logistica,DeepMoji,Target-dependent
79.44,79.4,Random_Forest,DeepMoji,Target-dependent
82.9,82.87,SVM,DeepMoji,Target-dependent
79.87,79.85,MLPClassifier,DeepMoji,Target-dependent
79.64,79.62,XGboost,DeepMoji,Target-dependent
82.64,82.63,Reg_Logistica,EWE,Target-dependent
80.07,80.06,Random_Forest,EWE,Target-dependent
83.18,83.18,SVM,EWE,Target-dependent
80.53,80.52,MLPClassifier,EWE,Target-dependent
80.24,80.24,XGboost,EWE,Target-dependent
82.49,82.49,Reg_Logistica,W2V-GN,Target-dependent
79.95,79.94,Random_Forest,W2V-GN,Target-dependent
83.67,83.67,SVM,W2V-GN,Target-dependent
81.48,81.47,MLPClassifier,W2V-GN,Target-dependent
80.33,80.32,XGboost,W2V-GN,Target-dependent
83.07,83.06,Reg_Logistica,Roberta: roberta-base / STATIC_AVG,Target-dependent
76.32,76.3,Random_Forest,Roberta: roberta-base / STATIC_AVG,Target-dependent
84.42,84.42,SVM,Roberta: roberta-base / STATIC_AVG,Target-dependent
81.57,81.56,MLPClassifier,Roberta: roberta-base / STATIC_AVG,Target-dependent
78.91,78.9,XGboost,Roberta: roberta-base / STATIC_AVG,Target-dependent
81.63,81.61,Reg_Logistica,TFIDF,Target-dependent
80.36,80.34,Random_Forest,TFIDF,Target-dependent
82.35,82.33,SVM,TFIDF,Target-dependent
78.51,78.5,MLPClassifier,TFIDF,Target-dependent
79.98,79.97,XGboost,TFIDF,Target-dependent
76.92,76.9,Reg_Logistica,Bert: bert-base-uncased / STATIC_AVG,Target-dependent
74.01,73.98,Random_Forest,Bert: bert-base-uncased / STATIC_AVG,Target-dependent
83.44,83.43,SVM,Bert: bert-base-uncased / STATIC_AVG,Target-dependent
80.33,80.3,MLPClassifier,Bert: bert-base-uncased / STATIC_AVG,Target-dependent
78.31,78.29,XGboost,Bert: bert-base-uncased / STATIC_AVG,Target-dependent
73.93,73.89,Reg_Logistica,Bertweet: vinai/bertweet-base / STATIC_AVG,Target-dependent
71.68,71.63,Random_Forest,Bertweet: vinai/bertweet-base / STATIC_AVG,Target-dependent
80.36,80.32,SVM,Bertweet: vinai/bertweet-base / STATIC_AVG,Target-dependent
79.95,79.94,MLPClassifier,Bertweet: vinai/bertweet-base / STATIC_AVG,Target-dependent
76.15,76.12,XGboost,Bertweet: vinai/bertweet-base / STATIC_AVG,Target-dependent
83.05,82.65,Reg_Logistica,W2VEdin,Narr-KDML-2012
83.21,81.85,Random_Forest,W2VEdin,Narr-KDML-2012
88.67,88.38,SVM,W2VEdin,Narr-KDML-2012
88.51,87.99,MLPClassifier,W2VEdin,Narr-KDML-2012
84.19,83.41,XGboost,W2VEdin,Narr-KDML-2012
83.29,82.88,Reg_Logistica,W2VAraque,Narr-KDML-2012
80.44,78.89,Random_Forest,W2VAraque,Narr-KDML-2012
84.18,83.72,SVM,W2VAraque,Narr-KDML-2012
82.89,82.05,MLPClassifier,W2VAraque,Narr-KDML-2012
81.09,80.0,XGboost,W2VAraque,Narr-KDML-2012
84.35,83.79,Reg_Logistica,GloveWP,Narr-KDML-2012
75.47,72.43,Random_Forest,GloveWP,Narr-KDML-2012
83.94,83.5,SVM,GloveWP,Narr-KDML-2012
83.12,82.2,MLPClassifier,GloveWP,Narr-KDML-2012
80.2,79.02,XGboost,GloveWP,Narr-KDML-2012
87.37,86.99,Reg_Logistica,GloveTW,Narr-KDML-2012
82.8,81.54,Random_Forest,GloveTW,Narr-KDML-2012
85.33,85.02,SVM,GloveTW,Narr-KDML-2012
87.04,86.46,MLPClassifier,GloveTW,Narr-KDML-2012
85.57,84.81,XGboost,GloveTW,Narr-KDML-2012
82.64,82.27,Reg_Logistica,FastText,Narr-KDML-2012
79.38,76.87,Random_Forest,FastText,Narr-KDML-2012
84.03,83.76,SVM,FastText,Narr-KDML-2012
83.94,83.17,MLPClassifier,FastText,Narr-KDML-2012
81.08,79.66,XGboost,FastText,Narr-KDML-2012
89.0,88.58,Reg_Logistica,SSWE,Narr-KDML-2012
88.67,88.19,Random_Forest,SSWE,Narr-KDML-2012
88.84,88.48,SVM,SSWE,Narr-KDML-2012
86.06,85.4,MLPClassifier,SSWE,Narr-KDML-2012
88.83,88.34,XGboost,SSWE,Narr-KDML-2012
88.26,87.91,Reg_Logistica,Emo2Vec,Narr-KDML-2012
88.35,87.78,Random_Forest,Emo2Vec,Narr-KDML-2012
88.34,88.01,SVM,Emo2Vec,Narr-KDML-2012
87.77,87.16,MLPClassifier,Emo2Vec,Narr-KDML-2012
87.78,87.21,XGboost,Emo2Vec,Narr-KDML-2012
87.29,86.93,Reg_Logistica,DeepMoji,Narr-KDML-2012
83.05,81.6,Random_Forest,DeepMoji,Narr-KDML-2012
88.83,88.45,SVM,DeepMoji,Narr-KDML-2012
88.26,87.71,MLPClassifier,DeepMoji,Narr-KDML-2012
87.04,86.42,XGboost,DeepMoji,Narr-KDML-2012
84.43,83.95,Reg_Logistica,EWE,Narr-KDML-2012
78.16,75.61,Random_Forest,EWE,Narr-KDML-2012
83.78,83.42,SVM,EWE,Narr-KDML-2012
83.86,83.06,MLPClassifier,EWE,Narr-KDML-2012
83.05,81.93,XGboost,EWE,Narr-KDML-2012
84.19,83.75,Reg_Logistica,W2V-GN,Narr-KDML-2012
78.97,76.75,Random_Forest,W2V-GN,Narr-KDML-2012
84.51,84.08,SVM,W2V-GN,Narr-KDML-2012
85.57,84.9,MLPClassifier,W2V-GN,Narr-KDML-2012
82.72,81.72,XGboost,W2V-GN,Narr-KDML-2012
85.33,84.88,Reg_Logistica,Roberta: roberta-base / STATIC_AVG,Narr-KDML-2012
74.58,69.78,Random_Forest,Roberta: roberta-base / STATIC_AVG,Narr-KDML-2012
87.21,86.82,SVM,Roberta: roberta-base / STATIC_AVG,Narr-KDML-2012
86.64,85.93,MLPClassifier,Roberta: roberta-base / STATIC_AVG,Narr-KDML-2012
81.1,79.73,XGboost,Roberta: roberta-base / STATIC_AVG,Narr-KDML-2012
80.44,79.82,Reg_Logistica,TFIDF,Narr-KDML-2012
78.49,77.12,Random_Forest,TFIDF,Narr-KDML-2012
80.36,79.32,SVM,TFIDF,Narr-KDML-2012
80.77,79.48,MLPClassifier,TFIDF,Narr-KDML-2012
77.6,76.49,XGboost,TFIDF,Narr-KDML-2012
77.59,77.14,Reg_Logistica,Bert: bert-base-uncased / STATIC_AVG,Narr-KDML-2012
72.54,67.47,Random_Forest,Bert: bert-base-uncased / STATIC_AVG,Narr-KDML-2012
83.46,82.93,SVM,Bert: bert-base-uncased / STATIC_AVG,Narr-KDML-2012
85.09,84.37,MLPClassifier,Bert: bert-base-uncased / STATIC_AVG,Narr-KDML-2012
80.44,78.8,XGboost,Bert: bert-base-uncased / STATIC_AVG,Narr-KDML-2012
74.91,74.37,Reg_Logistica,Bertweet: vinai/bertweet-base / STATIC_AVG,Narr-KDML-2012
70.99,64.43,Random_Forest,Bertweet: vinai/bertweet-base / STATIC_AVG,Narr-KDML-2012
80.61,80.06,SVM,Bertweet: vinai/bertweet-base / STATIC_AVG,Narr-KDML-2012
82.97,82.12,MLPClassifier,Bertweet: vinai/bertweet-base / STATIC_AVG,Narr-KDML-2012
76.86,74.88,XGboost,Bertweet: vinai/bertweet-base / STATIC_AVG,Narr-KDML-2012
76.85,76.66,Reg_Logistica,W2VEdin,SentiStrength
73.09,71.01,Random_Forest,W2VEdin,SentiStrength
79.56,79.27,SVM,W2VEdin,SentiStrength
79.12,78.47,MLPClassifier,W2VEdin,SentiStrength
76.32,75.22,XGboost,W2VEdin,SentiStrength
76.32,75.94,Reg_Logistica,W2VAraque,SentiStrength
71.47,68.11,Random_Forest,W2VAraque,SentiStrength
76.28,75.89,SVM,W2VAraque,SentiStrength
73.7,72.86,MLPClassifier,W2VAraque,SentiStrength
74.71,73.53,XGboost,W2VAraque,SentiStrength
76.06,75.68,Reg_Logistica,GloveWP,SentiStrength
68.42,64.4,Random_Forest,GloveWP,SentiStrength
75.1,74.9,SVM,GloveWP,SentiStrength
72.13,71.2,MLPClassifier,GloveWP,SentiStrength
72.7,71.24,XGboost,GloveWP,SentiStrength
78.42,78.05,Reg_Logistica,GloveTW,SentiStrength
73.79,71.64,Random_Forest,GloveTW,SentiStrength
77.24,77.07,SVM,GloveTW,SentiStrength
76.98,76.15,MLPClassifier,GloveTW,SentiStrength
76.01,74.82,XGboost,GloveTW,SentiStrength
75.58,75.25,Reg_Logistica,FastText,SentiStrength
71.04,67.36,Random_Forest,FastText,SentiStrength
76.98,76.69,SVM,FastText,SentiStrength
76.37,75.52,MLPClassifier,FastText,SentiStrength
74.97,73.8,XGboost,FastText,SentiStrength
80.26,79.91,Reg_Logistica,SSWE,SentiStrength
80.78,80.07,Random_Forest,SSWE,SentiStrength
79.77,79.49,SVM,SSWE,SentiStrength
75.67,74.95,MLPClassifier,SSWE,SentiStrength
79.86,79.26,XGboost,SSWE,SentiStrength
85.06,84.77,Reg_Logistica,Emo2Vec,SentiStrength
83.66,82.99,Random_Forest,Emo2Vec,SentiStrength
84.93,84.68,SVM,Emo2Vec,SentiStrength
82.13,81.63,MLPClassifier,Emo2Vec,SentiStrength
83.92,83.38,XGboost,Emo2Vec,SentiStrength
79.29,78.98,Reg_Logistica,DeepMoji,SentiStrength
73.22,70.67,Random_Forest,DeepMoji,SentiStrength
79.64,79.36,SVM,DeepMoji,SentiStrength
77.63,76.87,MLPClassifier,DeepMoji,SentiStrength
76.89,75.9,XGboost,DeepMoji,SentiStrength
80.12,79.79,Reg_Logistica,EWE,SentiStrength
69.72,66.25,Random_Forest,EWE,SentiStrength
77.76,77.59,SVM,EWE,SentiStrength
76.23,75.4,MLPClassifier,EWE,SentiStrength
73.96,72.62,XGboost,EWE,SentiStrength
77.5,77.16,Reg_Logistica,W2V-GN,SentiStrength
71.52,68.21,Random_Forest,W2V-GN,SentiStrength
77.98,77.69,SVM,W2V-GN,SentiStrength
77.06,76.36,MLPClassifier,W2V-GN,SentiStrength
76.58,75.52,XGboost,W2V-GN,SentiStrength
79.73,79.36,Reg_Logistica,Roberta: roberta-base / STATIC_AVG,SentiStrength
69.24,64.88,Random_Forest,Roberta: roberta-base / STATIC_AVG,SentiStrength
80.21,79.83,SVM,Roberta: roberta-base / STATIC_AVG,SentiStrength
78.29,77.55,MLPClassifier,Roberta: roberta-base / STATIC_AVG,SentiStrength
73.92,72.42,XGboost,Roberta: roberta-base / STATIC_AVG,SentiStrength
73.57,72.99,Reg_Logistica,TFIDF,SentiStrength
71.21,69.48,Random_Forest,TFIDF,SentiStrength
73.48,72.49,SVM,TFIDF,SentiStrength
71.43,70.23,MLPClassifier,TFIDF,SentiStrength
70.12,68.54,XGboost,TFIDF,SentiStrength
71.17,70.94,Reg_Logistica,Bert: bert-base-uncased / STATIC_AVG,SentiStrength
68.37,64.04,Random_Forest,Bert: bert-base-uncased / STATIC_AVG,SentiStrength
78.51,78.2,SVM,Bert: bert-base-uncased / STATIC_AVG,SentiStrength
77.11,76.36,MLPClassifier,Bert: bert-base-uncased / STATIC_AVG,SentiStrength
72.87,71.15,XGboost,Bert: bert-base-uncased / STATIC_AVG,SentiStrength
68.33,68.08,Reg_Logistica,Bertweet: vinai/bertweet-base / STATIC_AVG,SentiStrength
64.53,58.86,Random_Forest,Bertweet: vinai/bertweet-base / STATIC_AVG,SentiStrength
73.0,72.74,SVM,Bertweet: vinai/bertweet-base / STATIC_AVG,SentiStrength
73.75,72.83,MLPClassifier,Bertweet: vinai/bertweet-base / STATIC_AVG,SentiStrength
68.98,67.16,XGboost,Bertweet: vinai/bertweet-base / STATIC_AVG,SentiStrength
80.3,77.31,Reg_Logistica,W2VEdin,SemEval16
80.84,70.23,Random_Forest,W2VEdin,SemEval16
84.39,81.63,SVM,W2VEdin,SemEval16
83.96,79.69,MLPClassifier,W2VEdin,SemEval16
84.11,78.36,XGboost,W2VEdin,SemEval16
78.57,75.68,Reg_Logistica,W2VAraque,SemEval16
77.77,63.27,Random_Forest,W2VAraque,SemEval16
81.37,78.17,SVM,W2VAraque,SemEval16
80.93,75.33,MLPClassifier,W2VAraque,SemEval16
81.01,73.62,XGboost,W2VAraque,SemEval16
82.43,79.46,Reg_Logistica,GloveWP,SemEval16
79.76,67.26,Random_Forest,GloveWP,SemEval16
82.51,79.52,SVM,GloveWP,SemEval16
83.21,78.55,MLPClassifier,GloveWP,SemEval16
83.46,77.17,XGboost,GloveWP,SemEval16
83.79,80.96,Reg_Logistica,GloveTW,SemEval16
81.96,72.33,Random_Forest,GloveTW,SemEval16
83.87,81.1,SVM,GloveTW,SemEval16
83.8,79.45,MLPClassifier,GloveTW,SemEval16
85.01,79.72,XGboost,GloveTW,SemEval16
83.22,80.19,Reg_Logistica,FastText,SemEval16
80.05,67.27,Random_Forest,FastText,SemEval16
84.5,81.62,SVM,FastText,SemEval16
83.97,79.42,MLPClassifier,FastText,SemEval16
84.96,79.33,XGboost,FastText,SemEval16
79.19,76.16,Reg_Logistica,SSWE,SemEval16
80.75,72.86,Random_Forest,SSWE,SemEval16
78.51,75.82,SVM,SSWE,SemEval16
78.92,73.28,MLPClassifier,SSWE,SemEval16
81.66,75.68,XGboost,SSWE,SemEval16
82.28,79.38,Reg_Logistica,Emo2Vec,SemEval16
82.98,76.29,Random_Forest,Emo2Vec,SemEval16
82.29,79.54,SVM,Emo2Vec,SemEval16
80.98,75.76,MLPClassifier,Emo2Vec,SemEval16
83.49,78.23,XGboost,Emo2Vec,SemEval16
80.89,78.08,Reg_Logistica,DeepMoji,SemEval16
78.48,64.26,Random_Forest,DeepMoji,SemEval16
82.79,80.0,SVM,DeepMoji,SemEval16
82.11,76.99,MLPClassifier,DeepMoji,SemEval16
82.15,75.61,XGboost,DeepMoji,SemEval16
83.46,80.54,Reg_Logistica,EWE,SemEval16
80.48,68.55,Random_Forest,EWE,SemEval16
83.15,80.15,SVM,EWE,SemEval16
84.13,79.63,MLPClassifier,EWE,SemEval16
84.29,78.33,XGboost,EWE,SemEval16
83.69,80.72,Reg_Logistica,W2V-GN,SemEval16
80.54,68.87,Random_Forest,W2V-GN,SemEval16
84.5,81.58,SVM,W2V-GN,SemEval16
83.71,79.27,MLPClassifier,W2V-GN,SemEval16
84.31,78.67,XGboost,W2V-GN,SemEval16
84.61,81.8,Reg_Logistica,Roberta: roberta-base / STATIC_AVG,SemEval16
76.56,57.04,Random_Forest,Roberta: roberta-base / STATIC_AVG,SemEval16
86.0,83.18,SVM,Roberta: roberta-base / STATIC_AVG,SemEval16
85.26,81.05,MLPClassifier,Roberta: roberta-base / STATIC_AVG,SemEval16
83.54,76.84,XGboost,Roberta: roberta-base / STATIC_AVG,SemEval16
84.18,81.04,Reg_Logistica,TFIDF,SemEval16
81.5,72.11,Random_Forest,TFIDF,SemEval16
85.85,81.68,SVM,TFIDF,SemEval16
83.66,78.89,MLPClassifier,TFIDF,SemEval16
83.47,76.43,XGboost,TFIDF,SemEval16
79.54,76.55,Reg_Logistica,Bert: bert-base-uncased / STATIC_AVG,SemEval16
76.56,56.99,Random_Forest,Bert: bert-base-uncased / STATIC_AVG,SemEval16
85.27,82.48,SVM,Bert: bert-base-uncased / STATIC_AVG,SemEval16
84.06,79.82,MLPClassifier,Bert: bert-base-uncased / STATIC_AVG,SemEval16
82.33,75.1,XGboost,Bert: bert-base-uncased / STATIC_AVG,SemEval16
76.19,73.03,Reg_Logistica,Bertweet: vinai/bertweet-base / STATIC_AVG,SemEval16
73.94,47.18,Random_Forest,Bertweet: vinai/bertweet-base / STATIC_AVG,SemEval16
81.69,78.62,SVM,Bertweet: vinai/bertweet-base / STATIC_AVG,SemEval16
84.13,79.83,MLPClassifier,Bertweet: vinai/bertweet-base / STATIC_AVG,SemEval16
79.91,69.99,XGboost,Bertweet: vinai/bertweet-base / STATIC_AVG,SemEval16
59.76,53.05,Reg_Logistica,W2VEdin,irony
67.86,45.88,Random_Forest,W2VEdin,irony
66.43,58.24,SVM,W2VEdin,irony
67.86,57.52,MLPClassifier,W2VEdin,irony
69.76,61.54,XGboost,W2VEdin,irony
65.71,57.73,Reg_Logistica,W2VAraque,irony
62.86,38.44,Random_Forest,W2VAraque,irony
63.1,48.35,SVM,W2VAraque,irony
64.52,52.65,MLPClassifier,W2VAraque,irony
59.52,46.16,XGboost,W2VAraque,irony
70.71,65.27,Reg_Logistica,GloveWP,irony
66.43,43.02,Random_Forest,GloveWP,irony
69.52,64.46,SVM,GloveWP,irony
75.95,69.14,MLPClassifier,GloveWP,irony
67.62,54.98,XGboost,GloveWP,irony
69.05,63.7,Reg_Logistica,GloveTW,irony
67.86,45.8,Random_Forest,GloveTW,irony
51.67,49.4,SVM,GloveTW,irony
69.29,60.04,MLPClassifier,GloveTW,irony
62.62,47.46,XGboost,GloveTW,irony
66.9,62.4,Reg_Logistica,FastText,irony
66.19,39.77,Random_Forest,FastText,irony
67.86,60.78,SVM,FastText,irony
77.38,67.3,MLPClassifier,FastText,irony
58.57,42.49,XGboost,FastText,irony
71.43,68.67,Reg_Logistica,SSWE,irony
72.62,58.33,Random_Forest,SSWE,irony
70.48,67.04,SVM,SSWE,irony
69.52,63.39,MLPClassifier,SSWE,irony
65.48,56.22,XGboost,SSWE,irony
78.81,75.87,Reg_Logistica,Emo2Vec,irony
72.38,57.46,Random_Forest,Emo2Vec,irony
78.33,72.17,SVM,Emo2Vec,irony
74.05,65.85,MLPClassifier,Emo2Vec,irony
71.19,62.7,XGboost,Emo2Vec,irony
61.43,55.74,Reg_Logistica,DeepMoji,irony
64.76,39.24,Random_Forest,DeepMoji,irony
61.9,53.46,SVM,DeepMoji,irony
65.24,55.16,MLPClassifier,DeepMoji,irony
66.43,53.71,XGboost,DeepMoji,irony
66.9,59.61,Reg_Logistica,EWE,irony
63.33,41.72,Random_Forest,EWE,irony
52.14,47.51,SVM,EWE,irony
76.19,66.61,MLPClassifier,EWE,irony
61.9,46.16,XGboost,EWE,irony
70.0,63.88,Reg_Logistica,W2V-GN,irony
69.29,46.41,Random_Forest,W2V-GN,irony
70.95,60.03,SVM,W2V-GN,irony
75.48,66.46,MLPClassifier,W2V-GN,irony
72.38,63.3,XGboost,W2V-GN,irony
62.62,56.27,Reg_Logistica,Roberta: roberta-base / STATIC_AVG,irony
67.86,43.55,Random_Forest,Roberta: roberta-base / STATIC_AVG,irony
70.48,61.16,SVM,Roberta: roberta-base / STATIC_AVG,irony
70.95,60.77,MLPClassifier,Roberta: roberta-base / STATIC_AVG,irony
55.24,41.13,XGboost,Roberta: roberta-base / STATIC_AVG,irony
57.86,36.27,Reg_Logistica,TFIDF,irony
66.19,39.77,Random_Forest,TFIDF,irony
64.52,39.11,SVM,TFIDF,irony
53.33,38.3,MLPClassifier,TFIDF,irony
42.38,30.21,XGboost,TFIDF,irony
60.95,56.53,Reg_Logistica,Bert: bert-base-uncased / STATIC_AVG,irony
69.52,49.66,Random_Forest,Bert: bert-base-uncased / STATIC_AVG,irony
60.24,54.84,SVM,Bert: bert-base-uncased / STATIC_AVG,irony
64.29,52.77,MLPClassifier,Bert: bert-base-uncased / STATIC_AVG,irony
66.67,53.86,XGboost,Bert: bert-base-uncased / STATIC_AVG,irony
52.14,46.16,Reg_Logistica,Bertweet: vinai/bertweet-base / STATIC_AVG,irony
64.52,39.11,Random_Forest,Bertweet: vinai/bertweet-base / STATIC_AVG,irony
39.29,35.48,SVM,Bertweet: vinai/bertweet-base / STATIC_AVG,irony
65.95,50.22,MLPClassifier,Bertweet: vinai/bertweet-base / STATIC_AVG,irony
65.71,54.88,XGboost,Bertweet: vinai/bertweet-base / STATIC_AVG,irony
66.77,64.45,Reg_Logistica,W2VEdin,HCR
74.58,53.36,Random_Forest,W2VEdin,HCR
75.94,72.38,SVM,W2VEdin,HCR
76.57,70.59,MLPClassifier,W2VEdin,HCR
78.04,67.75,XGboost,W2VEdin,HCR
68.86,64.9,Reg_Logistica,W2VAraque,HCR
74.11,50.79,Random_Forest,W2VAraque,HCR
73.95,69.17,SVM,W2VAraque,HCR
75.68,68.07,MLPClassifier,W2VAraque,HCR
75.36,61.49,XGboost,W2VAraque,HCR
71.9,68.56,Reg_Logistica,GloveWP,HCR
73.38,48.73,Random_Forest,GloveWP,HCR
72.58,68.96,SVM,GloveWP,HCR
75.94,69.1,MLPClassifier,GloveWP,HCR
76.36,64.37,XGboost,GloveWP,HCR
74.26,71.17,Reg_Logistica,GloveTW,HCR
75.1,55.03,Random_Forest,GloveTW,HCR
73.21,70.44,SVM,GloveTW,HCR
77.83,71.87,MLPClassifier,GloveTW,HCR
79.29,69.81,XGboost,GloveTW,HCR
68.92,66.04,Reg_Logistica,FastText,HCR
73.95,50.2,Random_Forest,FastText,HCR
72.64,69.78,SVM,FastText,HCR
76.15,70.07,MLPClassifier,FastText,HCR
76.99,65.49,XGboost,FastText,HCR
65.09,61.89,Reg_Logistica,SSWE,HCR
74.95,57.39,Random_Forest,SSWE,HCR
67.29,62.99,SVM,SSWE,HCR
67.61,58.39,MLPClassifier,SSWE,HCR
74.42,63.33,XGboost,SSWE,HCR
67.55,64.29,Reg_Logistica,Emo2Vec,HCR
74.69,56.34,Random_Forest,Emo2Vec,HCR
70.54,66.96,SVM,Emo2Vec,HCR
72.59,65.86,MLPClassifier,Emo2Vec,HCR
75.26,63.49,XGboost,Emo2Vec,HCR
68.34,64.59,Reg_Logistica,DeepMoji,HCR
74.11,50.6,Random_Forest,DeepMoji,HCR
73.21,68.79,SVM,DeepMoji,HCR
74.11,67.01,MLPClassifier,DeepMoji,HCR
76.57,64.4,XGboost,DeepMoji,HCR
73.0,69.58,Reg_Logistica,EWE,HCR
74.58,52.15,Random_Forest,EWE,HCR
71.59,68.26,SVM,EWE,HCR
77.3,71.2,MLPClassifier,EWE,HCR
77.41,66.73,XGboost,EWE,HCR
72.43,69.42,Reg_Logistica,W2V-GN,HCR
74.16,51.44,Random_Forest,W2V-GN,HCR
74.78,70.97,SVM,W2V-GN,HCR
76.93,70.89,MLPClassifier,W2V-GN,HCR
78.93,69.14,XGboost,W2V-GN,HCR
74.36,71.24,Reg_Logistica,Roberta: roberta-base / STATIC_AVG,HCR
74.21,51.52,Random_Forest,Roberta: roberta-base / STATIC_AVG,HCR
78.3,74.55,SVM,Roberta: roberta-base / STATIC_AVG,HCR
78.25,72.59,MLPClassifier,Roberta: roberta-base / STATIC_AVG,HCR
78.98,69.19,XGboost,Roberta: roberta-base / STATIC_AVG,HCR
78.09,73.37,Reg_Logistica,TFIDF,HCR
78.46,65.84,Random_Forest,TFIDF,HCR
80.24,72.16,SVM,TFIDF,HCR
76.62,70.02,MLPClassifier,TFIDF,HCR
78.93,71.02,XGboost,TFIDF,HCR
65.2,62.42,Reg_Logistica,Bert: bert-base-uncased / STATIC_AVG,HCR
74.32,53.89,Random_Forest,Bert: bert-base-uncased / STATIC_AVG,HCR
76.36,72.94,SVM,Bert: bert-base-uncased / STATIC_AVG,HCR
77.67,71.39,MLPClassifier,Bert: bert-base-uncased / STATIC_AVG,HCR
77.72,67.54,XGboost,Bert: bert-base-uncased / STATIC_AVG,HCR
65.77,63.03,Reg_Logistica,Bertweet: vinai/bertweet-base / STATIC_AVG,HCR
73.27,48.94,Random_Forest,Bertweet: vinai/bertweet-base / STATIC_AVG,HCR
73.27,69.74,SVM,Bertweet: vinai/bertweet-base / STATIC_AVG,HCR
75.37,69.49,MLPClassifier,Bertweet: vinai/bertweet-base / STATIC_AVG,HCR
76.15,63.49,XGboost,Bertweet: vinai/bertweet-base / STATIC_AVG,HCR
72.18,70.8,Reg_Logistica,W2VEdin,iphone
78.55,69.64,Random_Forest,W2VEdin,iphone
78.01,76.18,SVM,W2VEdin,iphone
78.57,74.66,MLPClassifier,W2VEdin,iphone
82.12,77.84,XGboost,W2VEdin,iphone
74.81,72.84,Reg_Logistica,W2VAraque,iphone
79.5,69.61,Random_Forest,W2VAraque,iphone
80.46,77.92,SVM,W2VAraque,iphone
80.64,76.88,MLPClassifier,W2VAraque,iphone
80.64,74.83,XGboost,W2VAraque,iphone
78.0,76.05,Reg_Logistica,GloveWP,iphone
78.38,69.35,Random_Forest,GloveWP,iphone
75.57,74.31,SVM,GloveWP,iphone
80.82,76.75,MLPClassifier,GloveWP,iphone
81.38,75.1,XGboost,GloveWP,iphone
77.81,75.59,Reg_Logistica,GloveTW,iphone
79.87,70.78,Random_Forest,GloveTW,iphone
73.88,72.63,SVM,GloveTW,iphone
84.39,81.15,MLPClassifier,GloveTW,iphone
81.94,77.1,XGboost,GloveTW,iphone
73.12,71.69,Reg_Logistica,FastText,iphone
78.55,68.24,Random_Forest,FastText,iphone
76.13,74.96,SVM,FastText,iphone
79.68,76.16,MLPClassifier,FastText,iphone
81.0,75.54,XGboost,FastText,iphone
73.85,71.27,Reg_Logistica,SSWE,iphone
78.94,72.87,Random_Forest,SSWE,iphone
76.49,74.93,SVM,SSWE,iphone
78.55,73.92,MLPClassifier,SSWE,iphone
78.74,73.31,XGboost,SSWE,iphone
79.32,77.33,Reg_Logistica,Emo2Vec,iphone
80.64,74.96,Random_Forest,Emo2Vec,iphone
81.57,79.97,SVM,Emo2Vec,iphone
81.78,77.76,MLPClassifier,Emo2Vec,iphone
81.59,77.2,XGboost,Emo2Vec,iphone
75.56,73.85,Reg_Logistica,DeepMoji,iphone
77.63,68.44,Random_Forest,DeepMoji,iphone
78.56,76.62,SVM,DeepMoji,iphone
81.95,78.26,MLPClassifier,DeepMoji,iphone
80.83,75.39,XGboost,DeepMoji,iphone
76.88,74.98,Reg_Logistica,EWE,iphone
79.32,70.11,Random_Forest,EWE,iphone
72.17,71.0,SVM,EWE,iphone
81.57,77.32,MLPClassifier,EWE,iphone
79.5,73.28,XGboost,EWE,iphone
74.62,72.53,Reg_Logistica,W2V-GN,iphone
77.44,67.42,Random_Forest,W2V-GN,iphone
78.0,75.96,SVM,W2V-GN,iphone
81.02,77.51,MLPClassifier,W2V-GN,iphone
79.13,73.42,XGboost,W2V-GN,iphone
77.64,75.55,Reg_Logistica,Roberta: roberta-base / STATIC_AVG,iphone
76.14,64.27,Random_Forest,Roberta: roberta-base / STATIC_AVG,iphone
80.08,78.0,SVM,Roberta: roberta-base / STATIC_AVG,iphone
81.94,78.2,MLPClassifier,Roberta: roberta-base / STATIC_AVG,iphone
78.96,71.69,XGboost,Roberta: roberta-base / STATIC_AVG,iphone
76.31,72.07,Reg_Logistica,TFIDF,iphone
77.82,67.49,Random_Forest,TFIDF,iphone
80.07,71.55,SVM,TFIDF,iphone
78.93,73.61,MLPClassifier,TFIDF,iphone
73.3,65.9,XGboost,TFIDF,iphone
69.36,68.06,Reg_Logistica,Bert: bert-base-uncased / STATIC_AVG,iphone
77.07,66.53,Random_Forest,Bert: bert-base-uncased / STATIC_AVG,iphone
79.33,77.34,SVM,Bert: bert-base-uncased / STATIC_AVG,iphone
81.37,77.63,MLPClassifier,Bert: bert-base-uncased / STATIC_AVG,iphone
77.82,70.45,XGboost,Bert: bert-base-uncased / STATIC_AVG,iphone
72.95,71.42,Reg_Logistica,Bertweet: vinai/bertweet-base / STATIC_AVG,iphone
77.09,66.23,Random_Forest,Bertweet: vinai/bertweet-base / STATIC_AVG,iphone
76.51,74.7,SVM,Bertweet: vinai/bertweet-base / STATIC_AVG,iphone
82.14,78.46,MLPClassifier,Bertweet: vinai/bertweet-base / STATIC_AVG,iphone
76.32,68.78,XGboost,Bertweet: vinai/bertweet-base / STATIC_AVG,iphone
72.21,63.91,Reg_Logistica,W2VEdin,movie
82.36,46.96,Random_Forest,W2VEdin,movie
84.14,76.15,SVM,W2VEdin,movie
87.17,77.11,MLPClassifier,W2VEdin,movie
84.14,61.04,XGboost,W2VEdin,movie
78.62,70.68,Reg_Logistica,W2VAraque,movie
82.0,45.05,Random_Forest,W2VAraque,movie
83.78,73.55,SVM,W2VAraque,movie
86.45,74.61,MLPClassifier,W2VAraque,movie
83.07,55.64,XGboost,W2VAraque,movie
80.57,71.11,Reg_Logistica,GloveWP,movie
82.0,45.05,Random_Forest,GloveWP,movie
76.66,68.28,SVM,GloveWP,movie
85.21,72.76,MLPClassifier,GloveWP,movie
82.17,54.7,XGboost,GloveWP,movie
81.29,73.34,Reg_Logistica,GloveTW,movie
82.18,46.01,Random_Forest,GloveTW,movie
71.67,64.17,SVM,GloveTW,movie
85.21,71.93,MLPClassifier,GloveTW,movie
83.78,59.34,XGboost,GloveTW,movie
77.72,68.56,Reg_Logistica,FastText,movie
82.0,45.05,Random_Forest,FastText,movie
76.65,68.39,SVM,FastText,movie
88.24,77.86,MLPClassifier,FastText,movie
84.85,61.87,XGboost,FastText,movie
82.53,75.4,Reg_Logistica,SSWE,movie
83.41,60.17,Random_Forest,SSWE,movie
78.09,71.6,SVM,SSWE,movie
85.03,73.42,MLPClassifier,SSWE,movie
83.78,69.46,XGboost,SSWE,movie
82.35,75.11,Reg_Logistica,Emo2Vec,movie
87.17,70.78,Random_Forest,Emo2Vec,movie
83.07,76.06,SVM,Emo2Vec,movie
85.91,74.73,MLPClassifier,Emo2Vec,movie
88.78,77.58,XGboost,Emo2Vec,movie
77.9,70.04,Reg_Logistica,DeepMoji,movie
82.53,48.66,Random_Forest,DeepMoji,movie
81.29,72.97,SVM,DeepMoji,movie
86.46,75.63,MLPClassifier,DeepMoji,movie
86.1,67.72,XGboost,DeepMoji,movie
81.64,73.23,Reg_Logistica,EWE,movie
82.0,45.05,Random_Forest,EWE,movie
75.95,67.23,SVM,EWE,movie
86.98,76.15,MLPClassifier,EWE,movie
84.85,61.59,XGboost,EWE,movie
79.51,71.37,Reg_Logistica,W2V-GN,movie
82.0,45.05,Random_Forest,W2V-GN,movie
82.9,73.42,SVM,W2V-GN,movie
83.96,70.74,MLPClassifier,W2V-GN,movie
85.56,64.5,XGboost,W2V-GN,movie
82.53,74.01,Reg_Logistica,Roberta: roberta-base / STATIC_AVG,movie
82.0,45.05,Random_Forest,Roberta: roberta-base / STATIC_AVG,movie
85.38,73.86,SVM,Roberta: roberta-base / STATIC_AVG,movie
86.81,75.61,MLPClassifier,Roberta: roberta-base / STATIC_AVG,movie
84.49,61.38,XGboost,Roberta: roberta-base / STATIC_AVG,movie
84.31,70.61,Reg_Logistica,TFIDF,movie
82.89,50.42,Random_Forest,TFIDF,movie
84.67,58.15,SVM,TFIDF,movie
84.85,68.27,MLPClassifier,TFIDF,movie
83.79,64.42,XGboost,TFIDF,movie
75.24,65.78,Reg_Logistica,Bert: bert-base-uncased / STATIC_AVG,movie
82.18,46.01,Random_Forest,Bert: bert-base-uncased / STATIC_AVG,movie
83.96,73.72,SVM,Bert: bert-base-uncased / STATIC_AVG,movie
86.28,75.07,MLPClassifier,Bert: bert-base-uncased / STATIC_AVG,movie
83.6,54.96,XGboost,Bert: bert-base-uncased / STATIC_AVG,movie
69.72,59.89,Reg_Logistica,Bertweet: vinai/bertweet-base / STATIC_AVG,movie
82.0,45.05,Random_Forest,Bertweet: vinai/bertweet-base / STATIC_AVG,movie
79.35,68.37,SVM,Bertweet: vinai/bertweet-base / STATIC_AVG,movie
85.03,71.03,MLPClassifier,Bertweet: vinai/bertweet-base / STATIC_AVG,movie
82.89,53.12,XGboost,Bertweet: vinai/bertweet-base / STATIC_AVG,movie
77.69,77.33,Reg_Logistica,W2VEdin,sanders
79.49,79.06,Random_Forest,W2VEdin,sanders
83.25,83.1,SVM,W2VEdin,sanders
83.33,83.21,MLPClassifier,W2VEdin,sanders
81.29,81.07,XGboost,W2VEdin,sanders
78.19,77.94,Reg_Logistica,W2VAraque,sanders
77.93,77.33,Random_Forest,W2VAraque,sanders
81.46,81.33,SVM,W2VAraque,sanders
82.43,82.35,MLPClassifier,W2VAraque,sanders
75.97,75.72,XGboost,W2VAraque,sanders
79.0,78.88,Reg_Logistica,GloveWP,sanders
75.98,75.23,Random_Forest,GloveWP,sanders
78.5,78.24,SVM,GloveWP,sanders
78.51,78.38,MLPClassifier,GloveWP,sanders
79.33,79.12,XGboost,GloveWP,sanders
80.79,80.67,Reg_Logistica,GloveTW,sanders
78.99,78.52,Random_Forest,GloveTW,sanders
80.38,80.03,SVM,GloveTW,sanders
82.76,82.64,MLPClassifier,GloveTW,sanders
81.03,80.83,XGboost,GloveTW,sanders
76.63,76.34,Reg_Logistica,FastText,sanders
78.83,78.19,Random_Forest,FastText,sanders
80.55,80.28,SVM,FastText,sanders
82.51,82.37,MLPClassifier,FastText,sanders
79.81,79.6,XGboost,FastText,sanders
80.88,80.78,Reg_Logistica,SSWE,sanders
81.86,81.65,Random_Forest,SSWE,sanders
80.14,79.99,SVM,SSWE,sanders
79.41,79.24,MLPClassifier,SSWE,sanders
81.95,81.79,XGboost,SSWE,sanders
80.15,80.05,Reg_Logistica,Emo2Vec,sanders
80.55,80.19,Random_Forest,Emo2Vec,sanders
81.12,80.98,SVM,Emo2Vec,sanders
80.06,79.95,MLPClassifier,Emo2Vec,sanders
80.71,80.54,XGboost,Emo2Vec,sanders
79.73,79.57,Reg_Logistica,DeepMoji,sanders
79.74,79.26,Random_Forest,DeepMoji,sanders
80.8,80.6,SVM,DeepMoji,sanders
80.72,80.53,MLPClassifier,DeepMoji,sanders
82.43,82.25,XGboost,DeepMoji,sanders
80.63,80.51,Reg_Logistica,EWE,sanders
78.75,78.24,Random_Forest,EWE,sanders
80.54,80.32,SVM,EWE,sanders
82.76,82.65,MLPClassifier,EWE,sanders
80.06,79.84,XGboost,EWE,sanders
80.14,79.91,Reg_Logistica,W2V-GN,sanders
79.9,79.38,Random_Forest,W2V-GN,sanders
82.59,82.38,SVM,W2V-GN,sanders
81.77,81.62,MLPClassifier,W2V-GN,sanders
80.71,80.51,XGboost,W2V-GN,sanders
80.47,80.17,Reg_Logistica,Roberta: roberta-base / STATIC_AVG,sanders
73.94,73.1,Random_Forest,Roberta: roberta-base / STATIC_AVG,sanders
83.57,83.41,SVM,Roberta: roberta-base / STATIC_AVG,sanders
82.92,82.81,MLPClassifier,Roberta: roberta-base / STATIC_AVG,sanders
79.65,79.38,XGboost,Roberta: roberta-base / STATIC_AVG,sanders
81.86,81.58,Reg_Logistica,TFIDF,sanders
79.17,78.72,Random_Forest,TFIDF,sanders
83.33,82.99,SVM,TFIDF,sanders
84.71,84.56,MLPClassifier,TFIDF,sanders
77.86,77.56,XGboost,TFIDF,sanders
70.19,69.61,Reg_Logistica,Bert: bert-base-uncased / STATIC_AVG,sanders
74.03,73.35,Random_Forest,Bert: bert-base-uncased / STATIC_AVG,sanders
81.37,81.2,SVM,Bert: bert-base-uncased / STATIC_AVG,sanders
81.53,81.36,MLPClassifier,Bert: bert-base-uncased / STATIC_AVG,sanders
79.9,79.62,XGboost,Bert: bert-base-uncased / STATIC_AVG,sanders
72.63,71.99,Reg_Logistica,Bertweet: vinai/bertweet-base / STATIC_AVG,sanders
73.87,73.05,Random_Forest,Bertweet: vinai/bertweet-base / STATIC_AVG,sanders
78.84,78.43,SVM,Bertweet: vinai/bertweet-base / STATIC_AVG,sanders
82.27,82.16,MLPClassifier,Bertweet: vinai/bertweet-base / STATIC_AVG,sanders
76.8,76.37,XGboost,Bertweet: vinai/bertweet-base / STATIC_AVG,sanders
75.09,73.98,Reg_Logistica,W2VEdin,hobbit
81.42,74.2,Random_Forest,W2VEdin,hobbit
90.04,88.95,SVM,W2VEdin,hobbit
89.47,87.89,MLPClassifier,W2VEdin,hobbit
84.68,81.81,XGboost,W2VEdin,hobbit
88.5,87.5,Reg_Logistica,W2VAraque,hobbit
84.87,80.09,Random_Forest,W2VAraque,hobbit
91.37,90.52,SVM,W2VAraque,hobbit
90.79,89.55,MLPClassifier,W2VAraque,hobbit
88.31,86.16,XGboost,W2VAraque,hobbit
88.32,86.79,Reg_Logistica,GloveWP,hobbit
80.26,72.56,Random_Forest,GloveWP,hobbit
85.24,83.89,SVM,GloveWP,hobbit
88.5,86.58,MLPClassifier,GloveWP,hobbit
85.04,81.82,XGboost,GloveWP,hobbit
87.54,86.39,Reg_Logistica,GloveTW,hobbit
82.94,77.67,Random_Forest,GloveTW,hobbit
79.88,78.71,SVM,GloveTW,hobbit
88.87,87.27,MLPClassifier,GloveTW,hobbit
86.19,83.48,XGboost,GloveTW,hobbit
76.82,75.42,Reg_Logistica,FastText,hobbit
79.11,70.21,Random_Forest,FastText,hobbit
83.51,82.25,SVM,FastText,hobbit
89.08,87.46,MLPClassifier,FastText,hobbit
81.6,77.25,XGboost,FastText,hobbit
80.07,78.31,Reg_Logistica,SSWE,hobbit
81.24,75.99,Random_Forest,SSWE,hobbit
76.99,75.49,SVM,SSWE,hobbit
85.82,83.56,MLPClassifier,SSWE,hobbit
80.28,76.1,XGboost,SSWE,hobbit
86.61,85.38,Reg_Logistica,Emo2Vec,hobbit
86.59,84.05,Random_Forest,Emo2Vec,hobbit
87.18,86.03,SVM,Emo2Vec,hobbit
88.71,87.0,MLPClassifier,Emo2Vec,hobbit
88.89,87.0,XGboost,Emo2Vec,hobbit
88.31,87.33,Reg_Logistica,DeepMoji,hobbit
84.47,79.59,Random_Forest,DeepMoji,hobbit
91.57,90.73,SVM,DeepMoji,hobbit
90.03,88.53,MLPClassifier,DeepMoji,hobbit
87.53,85.37,XGboost,DeepMoji,hobbit
91.56,90.61,Reg_Logistica,EWE,hobbit
87.16,83.63,Random_Forest,EWE,hobbit
90.22,89.26,SVM,EWE,hobbit
92.33,91.29,MLPClassifier,EWE,hobbit
90.99,89.31,XGboost,EWE,hobbit
84.47,83.17,Reg_Logistica,W2V-GN,hobbit
83.13,77.38,Random_Forest,W2V-GN,hobbit
89.66,88.56,SVM,W2V-GN,hobbit
89.84,88.38,MLPClassifier,W2V-GN,hobbit
82.96,79.57,XGboost,W2V-GN,hobbit
90.79,89.96,Reg_Logistica,Roberta: roberta-base / STATIC_AVG,hobbit
79.5,69.66,Random_Forest,Roberta: roberta-base / STATIC_AVG,hobbit
92.9,92.08,SVM,Roberta: roberta-base / STATIC_AVG,hobbit
94.44,93.63,MLPClassifier,Roberta: roberta-base / STATIC_AVG,hobbit
86.97,84.46,XGboost,Roberta: roberta-base / STATIC_AVG,hobbit
91.37,90.2,Reg_Logistica,TFIDF,hobbit
92.72,91.68,Random_Forest,TFIDF,hobbit
93.29,91.73,SVM,TFIDF,hobbit
87.74,84.82,MLPClassifier,TFIDF,hobbit
92.71,91.77,XGboost,TFIDF,hobbit
80.82,79.66,Reg_Logistica,Bert: bert-base-uncased / STATIC_AVG,hobbit
80.85,73.56,Random_Forest,Bert: bert-base-uncased / STATIC_AVG,hobbit
91.75,90.92,SVM,Bert: bert-base-uncased / STATIC_AVG,hobbit
94.82,94.05,MLPClassifier,Bert: bert-base-uncased / STATIC_AVG,hobbit
87.73,85.24,XGboost,Bert: bert-base-uncased / STATIC_AVG,hobbit
79.3,77.93,Reg_Logistica,Bertweet: vinai/bertweet-base / STATIC_AVG,hobbit
80.64,72.15,Random_Forest,Bertweet: vinai/bertweet-base / STATIC_AVG,hobbit
90.03,89.05,SVM,Bertweet: vinai/bertweet-base / STATIC_AVG,hobbit
92.72,91.57,MLPClassifier,Bertweet: vinai/bertweet-base / STATIC_AVG,hobbit
88.51,85.99,XGboost,Bertweet: vinai/bertweet-base / STATIC_AVG,hobbit
83.29,82.78,Reg_Logistica,W2VEdin,archeage
84.52,83.52,Random_Forest,W2VEdin,archeage
86.67,86.34,SVM,W2VEdin,archeage
87.14,86.8,MLPClassifier,W2VEdin,archeage
87.14,86.65,XGboost,W2VEdin,archeage
83.0,82.62,Reg_Logistica,W2VAraque,archeage
82.13,80.71,Random_Forest,W2VAraque,archeage
85.16,84.9,SVM,W2VAraque,archeage
83.76,83.32,MLPClassifier,W2VAraque,archeage
83.88,83.24,XGboost,W2VAraque,archeage
83.0,82.6,Reg_Logistica,GloveWP,archeage
81.49,80.12,Random_Forest,GloveWP,archeage
83.59,83.27,SVM,GloveWP,archeage
84.4,83.94,MLPClassifier,GloveWP,archeage
82.71,82.06,XGboost,GloveWP,archeage
85.27,84.94,Reg_Logistica,GloveTW,archeage
84.17,83.25,Random_Forest,GloveTW,archeage
85.27,84.87,SVM,GloveTW,archeage
86.26,85.9,MLPClassifier,GloveTW,archeage
85.86,85.38,XGboost,GloveTW,archeage
83.7,83.32,Reg_Logistica,FastText,archeage
83.64,82.48,Random_Forest,FastText,archeage
85.16,84.84,SVM,FastText,archeage
84.81,84.39,MLPClassifier,FastText,archeage
85.62,85.08,XGboost,FastText,archeage
79.11,78.62,Reg_Logistica,SSWE,archeage
81.72,80.69,Random_Forest,SSWE,archeage
79.63,78.88,SVM,SSWE,archeage
79.81,79.28,MLPClassifier,SSWE,archeage
82.77,82.0,XGboost,SSWE,archeage
81.72,81.23,Reg_Logistica,Emo2Vec,archeage
83.64,82.72,Random_Forest,Emo2Vec,archeage
83.35,82.84,SVM,Emo2Vec,archeage
83.12,82.65,MLPClassifier,Emo2Vec,archeage
84.46,83.82,XGboost,Emo2Vec,archeage
81.55,80.98,Reg_Logistica,DeepMoji,archeage
80.79,79.01,Random_Forest,DeepMoji,archeage
86.09,85.61,SVM,DeepMoji,archeage
84.23,83.74,MLPClassifier,DeepMoji,archeage
82.95,82.16,XGboost,DeepMoji,archeage
84.05,83.75,Reg_Logistica,EWE,archeage
82.59,81.55,Random_Forest,EWE,archeage
84.05,83.8,SVM,EWE,archeage
85.45,85.05,MLPClassifier,EWE,archeage
84.17,83.7,XGboost,EWE,archeage
83.18,82.84,Reg_Logistica,W2V-GN,archeage
82.13,80.94,Random_Forest,W2V-GN,archeage
85.45,85.14,SVM,W2V-GN,archeage
84.75,84.33,MLPClassifier,W2V-GN,archeage
84.34,83.75,XGboost,W2V-GN,archeage
86.5,86.15,Reg_Logistica,Roberta: roberta-base / STATIC_AVG,archeage
81.55,80.37,Random_Forest,Roberta: roberta-base / STATIC_AVG,archeage
87.43,87.19,SVM,Roberta: roberta-base / STATIC_AVG,archeage
87.6,87.29,MLPClassifier,Roberta: roberta-base / STATIC_AVG,archeage
84.75,84.25,XGboost,Roberta: roberta-base / STATIC_AVG,archeage
86.5,86.11,Reg_Logistica,TFIDF,archeage
84.34,83.82,Random_Forest,TFIDF,archeage
87.54,87.11,SVM,TFIDF,archeage
85.51,85.04,MLPClassifier,TFIDF,archeage
83.99,83.56,XGboost,TFIDF,archeage
77.24,76.66,Reg_Logistica,Bert: bert-base-uncased / STATIC_AVG,archeage
80.67,79.34,Random_Forest,Bert: bert-base-uncased / STATIC_AVG,archeage
86.61,86.37,SVM,Bert: bert-base-uncased / STATIC_AVG,archeage
85.97,85.6,MLPClassifier,Bert: bert-base-uncased / STATIC_AVG,archeage
82.71,82.02,XGboost,Bert: bert-base-uncased / STATIC_AVG,archeage
78.87,78.27,Reg_Logistica,Bertweet: vinai/bertweet-base / STATIC_AVG,archeage
80.21,78.82,Random_Forest,Bertweet: vinai/bertweet-base / STATIC_AVG,archeage
84.87,84.56,SVM,Bertweet: vinai/bertweet-base / STATIC_AVG,archeage
85.57,85.22,MLPClassifier,Bertweet: vinai/bertweet-base / STATIC_AVG,archeage
82.48,81.82,XGboost,Bertweet: vinai/bertweet-base / STATIC_AVG,archeage
81.9,81.71,Reg_Logistica,W2VEdin,sentiment140
81.33,81.11,Random_Forest,W2VEdin,sentiment140
87.74,87.67,SVM,W2VEdin,sentiment140
82.99,82.91,MLPClassifier,W2VEdin,sentiment140
81.34,81.18,XGboost,W2VEdin,sentiment140
80.51,80.33,Reg_Logistica,W2VAraque,sentiment140
78.55,78.49,Random_Forest,W2VAraque,sentiment140
82.71,82.6,SVM,W2VAraque,sentiment140
79.92,79.81,MLPClassifier,W2VAraque,sentiment140
79.91,79.87,XGboost,W2VAraque,sentiment140
83.29,83.21,Reg_Logistica,GloveWP,sentiment140
77.72,77.58,Random_Forest,GloveWP,sentiment140
83.02,82.94,SVM,GloveWP,sentiment140
80.78,80.69,MLPClassifier,GloveWP,sentiment140
75.49,75.24,XGboost,GloveWP,sentiment140
84.67,84.65,Reg_Logistica,GloveTW,sentiment140
82.16,82.02,Random_Forest,GloveTW,sentiment140
83.56,83.51,SVM,GloveTW,sentiment140
81.34,81.31,MLPClassifier,GloveTW,sentiment140
79.95,79.83,XGboost,GloveTW,sentiment140
82.74,82.62,Reg_Logistica,FastText,sentiment140
79.94,79.77,Random_Forest,FastText,sentiment140
83.56,83.46,SVM,FastText,sentiment140
80.49,80.38,MLPClassifier,FastText,sentiment140
81.33,81.25,XGboost,FastText,sentiment140
82.15,82.12,Reg_Logistica,SSWE,sentiment140
81.03,81.01,Random_Forest,SSWE,sentiment140
80.75,80.71,SVM,SSWE,sentiment140
79.1,78.97,MLPClassifier,SSWE,sentiment140
81.05,80.97,XGboost,SSWE,sentiment140
84.13,84.08,Reg_Logistica,Emo2Vec,sentiment140
83.57,83.51,Random_Forest,Emo2Vec,sentiment140
85.24,85.18,SVM,Emo2Vec,sentiment140
81.05,80.95,MLPClassifier,Emo2Vec,sentiment140
83.56,83.47,XGboost,Emo2Vec,sentiment140
80.22,80.13,Reg_Logistica,DeepMoji,sentiment140
76.03,75.9,Random_Forest,DeepMoji,sentiment140
81.34,81.28,SVM,DeepMoji,sentiment140
76.34,76.18,MLPClassifier,DeepMoji,sentiment140
76.05,75.98,XGboost,DeepMoji,sentiment140
84.11,84.08,Reg_Logistica,EWE,sentiment140
82.46,82.42,Random_Forest,EWE,sentiment140
83.01,82.96,SVM,EWE,sentiment140
81.88,81.8,MLPClassifier,EWE,sentiment140
77.15,77.05,XGboost,EWE,sentiment140
84.94,84.89,Reg_Logistica,W2V-GN,sentiment140
79.96,79.9,Random_Forest,W2V-GN,sentiment140
85.22,85.18,SVM,W2V-GN,sentiment140
80.5,80.4,MLPClassifier,W2V-GN,sentiment140
80.49,80.43,XGboost,W2V-GN,sentiment140
83.0,82.92,Reg_Logistica,Roberta: roberta-base / STATIC_AVG,sentiment140
76.89,76.79,Random_Forest,Roberta: roberta-base / STATIC_AVG,sentiment140
84.94,84.87,SVM,Roberta: roberta-base / STATIC_AVG,sentiment140
84.1,84.05,MLPClassifier,Roberta: roberta-base / STATIC_AVG,sentiment140
78.0,77.95,XGboost,Roberta: roberta-base / STATIC_AVG,sentiment140
80.2,80.1,Reg_Logistica,TFIDF,sentiment140
76.57,76.1,Random_Forest,TFIDF,sentiment140
81.59,81.46,SVM,TFIDF,sentiment140
80.76,80.67,MLPClassifier,TFIDF,sentiment140
69.09,68.8,XGboost,TFIDF,sentiment140
76.06,75.95,Reg_Logistica,Bert: bert-base-uncased / STATIC_AVG,sentiment140
74.94,74.82,Random_Forest,Bert: bert-base-uncased / STATIC_AVG,sentiment140
81.06,80.96,SVM,Bert: bert-base-uncased / STATIC_AVG,sentiment140
85.76,85.73,MLPClassifier,Bert: bert-base-uncased / STATIC_AVG,sentiment140
74.11,73.94,XGboost,Bert: bert-base-uncased / STATIC_AVG,sentiment140
71.02,70.79,Reg_Logistica,Bertweet: vinai/bertweet-base / STATIC_AVG,sentiment140
68.53,68.32,Random_Forest,Bertweet: vinai/bertweet-base / STATIC_AVG,sentiment140
71.59,71.5,SVM,Bertweet: vinai/bertweet-base / STATIC_AVG,sentiment140
76.62,76.48,MLPClassifier,Bertweet: vinai/bertweet-base / STATIC_AVG,sentiment140
67.41,66.91,XGboost,Bertweet: vinai/bertweet-base / STATIC_AVG,sentiment140
70.36,68.45,Reg_Logistica,W2VEdin,sarcasm
66.07,64.05,Random_Forest,W2VEdin,sarcasm
68.93,66.7,SVM,W2VEdin,sarcasm
67.5,64.74,MLPClassifier,W2VEdin,sarcasm
57.5,56.1,XGboost,W2VEdin,sarcasm
70.36,68.0,Reg_Logistica,W2VAraque,sarcasm
71.61,68.91,Random_Forest,W2VAraque,sarcasm
71.79,69.97,SVM,W2VAraque,sarcasm
70.36,68.59,MLPClassifier,W2VAraque,sarcasm
58.93,56.77,XGboost,W2VAraque,sarcasm
67.32,66.17,Reg_Logistica,GloveWP,sarcasm
63.21,59.85,Random_Forest,GloveWP,sarcasm
68.75,67.75,SVM,GloveWP,sarcasm
60.36,57.48,MLPClassifier,GloveWP,sarcasm
63.21,61.94,XGboost,GloveWP,sarcasm
73.04,71.25,Reg_Logistica,GloveTW,sarcasm
68.75,65.79,Random_Forest,GloveTW,sarcasm
67.32,63.32,SVM,GloveTW,sarcasm
77.32,76.49,MLPClassifier,GloveTW,sarcasm
71.79,70.85,XGboost,GloveTW,sarcasm
64.46,62.88,Reg_Logistica,FastText,sarcasm
64.46,60.6,Random_Forest,FastText,sarcasm
61.61,60.22,SVM,FastText,sarcasm
58.93,56.76,MLPClassifier,FastText,sarcasm
66.25,65.06,XGboost,FastText,sarcasm
87.5,87.19,Reg_Logistica,SSWE,sarcasm
73.21,71.65,Random_Forest,SSWE,sarcasm
87.32,86.93,SVM,SSWE,sarcasm
83.04,82.58,MLPClassifier,SSWE,sarcasm
73.21,72.17,XGboost,SSWE,sarcasm
74.64,73.32,Reg_Logistica,Emo2Vec,sarcasm
74.46,72.87,Random_Forest,Emo2Vec,sarcasm
73.04,70.72,SVM,Emo2Vec,sarcasm
61.96,61.3,MLPClassifier,Emo2Vec,sarcasm
70.36,68.52,XGboost,Emo2Vec,sarcasm
60.36,57.75,Reg_Logistica,DeepMoji,sarcasm
64.64,61.88,Random_Forest,DeepMoji,sarcasm
67.5,64.72,SVM,DeepMoji,sarcasm
57.5,51.48,MLPClassifier,DeepMoji,sarcasm
56.25,55.59,XGboost,DeepMoji,sarcasm
71.61,70.84,Reg_Logistica,EWE,sarcasm
66.07,64.08,Random_Forest,EWE,sarcasm
68.75,67.55,SVM,EWE,sarcasm
64.82,63.38,MLPClassifier,EWE,sarcasm
70.54,69.41,XGboost,EWE,sarcasm
74.46,74.02,Reg_Logistica,W2V-GN,sarcasm
57.32,55.42,Random_Forest,W2V-GN,sarcasm
68.75,66.0,SVM,W2V-GN,sarcasm
70.36,69.56,MLPClassifier,W2V-GN,sarcasm
63.57,61.87,XGboost,W2V-GN,sarcasm
56.25,54.23,Reg_Logistica,Roberta: roberta-base / STATIC_AVG,sarcasm
51.96,47.6,Random_Forest,Roberta: roberta-base / STATIC_AVG,sarcasm
56.07,50.28,SVM,Roberta: roberta-base / STATIC_AVG,sarcasm
59.11,56.76,MLPClassifier,Roberta: roberta-base / STATIC_AVG,sarcasm
46.25,43.19,XGboost,Roberta: roberta-base / STATIC_AVG,sarcasm
54.64,50.32,Reg_Logistica,TFIDF,sarcasm
62.14,61.34,Random_Forest,TFIDF,sarcasm
54.64,51.68,SVM,TFIDF,sarcasm
51.96,49.12,MLPClassifier,TFIDF,sarcasm
51.96,49.32,XGboost,TFIDF,sarcasm
67.68,66.16,Reg_Logistica,Bert: bert-base-uncased / STATIC_AVG,sarcasm
60.71,55.44,Random_Forest,Bert: bert-base-uncased / STATIC_AVG,sarcasm
70.54,69.29,SVM,Bert: bert-base-uncased / STATIC_AVG,sarcasm
65.0,59.85,MLPClassifier,Bert: bert-base-uncased / STATIC_AVG,sarcasm
58.93,53.87,XGboost,Bert: bert-base-uncased / STATIC_AVG,sarcasm
53.39,52.23,Reg_Logistica,Bertweet: vinai/bertweet-base / STATIC_AVG,sarcasm
57.68,51.59,Random_Forest,Bertweet: vinai/bertweet-base / STATIC_AVG,sarcasm
57.68,52.69,SVM,Bertweet: vinai/bertweet-base / STATIC_AVG,sarcasm
53.39,49.76,MLPClassifier,Bertweet: vinai/bertweet-base / STATIC_AVG,sarcasm
49.29,44.94,XGboost,Bertweet: vinai/bertweet-base / STATIC_AVG,sarcasm
82.65,81.02,Reg_Logistica,W2VEdin,VADER
81.08,73.31,Random_Forest,W2VEdin,VADER
87.73,86.14,SVM,W2VEdin,VADER
88.18,86.16,MLPClassifier,W2VEdin,VADER
85.87,82.42,XGboost,W2VEdin,VADER
83.91,82.1,Reg_Logistica,W2VAraque,VADER
78.24,67.7,Random_Forest,W2VAraque,VADER
85.3,83.38,SVM,W2VAraque,VADER
85.37,82.72,MLPClassifier,W2VAraque,VADER
83.53,79.41,XGboost,W2VAraque,VADER
84.87,83.02,Reg_Logistica,GloveWP,VADER
77.41,65.06,Random_Forest,GloveWP,VADER
84.51,82.62,SVM,GloveWP,VADER
86.53,83.85,MLPClassifier,GloveWP,VADER
83.13,78.77,XGboost,GloveWP,VADER
86.3,84.55,Reg_Logistica,GloveTW,VADER
80.98,73.08,Random_Forest,GloveTW,VADER
85.96,84.23,SVM,GloveTW,VADER
85.75,83.14,MLPClassifier,GloveTW,VADER
85.6,82.17,XGboost,GloveTW,VADER
86.13,84.47,Reg_Logistica,FastText,VADER
78.53,67.25,Random_Forest,FastText,VADER
87.01,85.33,SVM,FastText,VADER
85.56,82.92,MLPClassifier,FastText,VADER
85.51,81.87,XGboost,FastText,VADER
85.7,84.0,Reg_Logistica,SSWE,VADER
85.82,82.54,Random_Forest,SSWE,VADER
85.7,84.08,SVM,SSWE,VADER
84.72,82.15,MLPClassifier,SSWE,VADER
86.15,83.53,XGboost,SSWE,VADER
85.46,83.74,Reg_Logistica,Emo2Vec,VADER
85.94,82.69,Random_Forest,Emo2Vec,VADER
85.94,84.28,SVM,Emo2Vec,VADER
84.46,81.66,MLPClassifier,Emo2Vec,VADER
86.8,84.22,XGboost,Emo2Vec,VADER
85.58,83.92,Reg_Logistica,DeepMoji,VADER
80.15,71.59,Random_Forest,DeepMoji,VADER
86.77,85.14,SVM,DeepMoji,VADER
86.73,84.39,MLPClassifier,DeepMoji,VADER
85.37,82.11,XGboost,DeepMoji,VADER
87.32,85.71,Reg_Logistica,EWE,VADER
78.93,68.26,Random_Forest,EWE,VADER
86.44,84.82,SVM,EWE,VADER
85.89,83.22,MLPClassifier,EWE,VADER
84.03,79.96,XGboost,EWE,VADER
87.13,85.52,Reg_Logistica,W2V-GN,VADER
79.69,70.25,Random_Forest,W2V-GN,VADER
88.25,86.68,SVM,W2V-GN,VADER
87.18,84.85,MLPClassifier,W2V-GN,VADER
85.7,82.16,XGboost,W2V-GN,VADER
88.92,87.45,Reg_Logistica,Roberta: roberta-base / STATIC_AVG,VADER
75.07,59.68,Random_Forest,Roberta: roberta-base / STATIC_AVG,VADER
89.32,87.8,SVM,Roberta: roberta-base / STATIC_AVG,VADER
89.2,87.32,MLPClassifier,Roberta: roberta-base / STATIC_AVG,VADER
84.08,79.45,XGboost,Roberta: roberta-base / STATIC_AVG,VADER
83.65,81.18,Reg_Logistica,TFIDF,VADER
80.15,73.23,Random_Forest,TFIDF,VADER
83.27,78.48,SVM,TFIDF,VADER
82.55,78.86,MLPClassifier,TFIDF,VADER
81.63,75.91,XGboost,TFIDF,VADER
80.39,78.28,Reg_Logistica,Bert: bert-base-uncased / STATIC_AVG,VADER
74.52,58.05,Random_Forest,Bert: bert-base-uncased / STATIC_AVG,VADER
87.51,85.76,SVM,Bert: bert-base-uncased / STATIC_AVG,VADER
87.37,85.14,MLPClassifier,Bert: bert-base-uncased / STATIC_AVG,VADER
81.7,76.04,XGboost,Bert: bert-base-uncased / STATIC_AVG,VADER
76.62,74.57,Reg_Logistica,Bertweet: vinai/bertweet-base / STATIC_AVG,VADER
71.88,50.69,Random_Forest,Bertweet: vinai/bertweet-base / STATIC_AVG,VADER
81.82,79.66,SVM,Bertweet: vinai/bertweet-base / STATIC_AVG,VADER
85.41,82.82,MLPClassifier,Bertweet: vinai/bertweet-base / STATIC_AVG,VADER
78.93,71.12,XGboost,Bertweet: vinai/bertweet-base / STATIC_AVG,VADER
82.55,70.26,Reg_Logistica,W2VEdin,SemEval15-Task11
85.67,48.13,Random_Forest,W2VEdin,SemEval15-Task11
89.41,77.62,SVM,W2VEdin,SemEval15-Task11
89.74,76.06,MLPClassifier,W2VEdin,SemEval15-Task11
86.93,58.18,XGboost,W2VEdin,SemEval15-Task11
79.74,65.1,Reg_Logistica,W2VAraque,SemEval15-Task11
85.36,46.05,Random_Forest,W2VAraque,SemEval15-Task11
87.54,66.33,SVM,W2VAraque,SemEval15-Task11
85.97,64.68,MLPClassifier,W2VAraque,SemEval15-Task11
87.23,57.46,XGboost,W2VAraque,SemEval15-Task11
81.32,66.39,Reg_Logistica,GloveWP,SemEval15-Task11
85.67,48.13,Random_Forest,GloveWP,SemEval15-Task11
83.2,65.74,SVM,GloveWP,SemEval15-Task11
84.43,66.09,MLPClassifier,GloveWP,SemEval15-Task11
86.6,56.34,XGboost,GloveWP,SemEval15-Task11
77.59,64.38,Reg_Logistica,GloveTW,SemEval15-Task11
85.67,48.13,Random_Forest,GloveTW,SemEval15-Task11
83.5,70.93,SVM,GloveTW,SemEval15-Task11
83.19,60.05,MLPClassifier,GloveTW,SemEval15-Task11
85.98,54.95,XGboost,GloveTW,SemEval15-Task11
74.81,61.94,Reg_Logistica,FastText,SemEval15-Task11
85.36,46.05,Random_Forest,FastText,SemEval15-Task11
81.95,68.13,SVM,FastText,SemEval15-Task11
86.92,68.7,MLPClassifier,FastText,SemEval15-Task11
85.05,48.79,XGboost,FastText,SemEval15-Task11
76.03,63.92,Reg_Logistica,SSWE,SemEval15-Task11
85.98,49.54,Random_Forest,SSWE,SemEval15-Task11
77.56,67.16,SVM,SSWE,SemEval15-Task11
86.92,69.72,MLPClassifier,SSWE,SemEval15-Task11
86.6,59.58,XGboost,SSWE,SemEval15-Task11
80.4,67.94,Reg_Logistica,Emo2Vec,SemEval15-Task11
85.98,49.87,Random_Forest,Emo2Vec,SemEval15-Task11
82.88,70.24,SVM,Emo2Vec,SemEval15-Task11
87.23,69.59,MLPClassifier,Emo2Vec,SemEval15-Task11
85.99,61.55,XGboost,Emo2Vec,SemEval15-Task11
84.43,71.54,Reg_Logistica,DeepMoji,SemEval15-Task11
85.36,46.05,Random_Forest,DeepMoji,SemEval15-Task11
88.16,73.65,SVM,DeepMoji,SemEval15-Task11
87.55,72.38,MLPClassifier,DeepMoji,SemEval15-Task11
88.48,67.55,XGboost,DeepMoji,SemEval15-Task11
85.08,73.19,Reg_Logistica,EWE,SemEval15-Task11
85.36,46.05,Random_Forest,EWE,SemEval15-Task11
88.8,75.02,SVM,EWE,SemEval15-Task11
84.46,66.13,MLPClassifier,EWE,SemEval15-Task11
86.31,56.35,XGboost,EWE,SemEval15-Task11
81.32,67.06,Reg_Logistica,W2V-GN,SemEval15-Task11
85.36,46.05,Random_Forest,W2V-GN,SemEval15-Task11
87.88,69.91,SVM,W2V-GN,SemEval15-Task11
84.13,65.78,MLPClassifier,W2V-GN,SemEval15-Task11
85.36,51.77,XGboost,W2V-GN,SemEval15-Task11
86.6,74.79,Reg_Logistica,Roberta: roberta-base / STATIC_AVG,SemEval15-Task11
85.36,46.05,Random_Forest,Roberta: roberta-base / STATIC_AVG,SemEval15-Task11
90.34,78.48,SVM,Roberta: roberta-base / STATIC_AVG,SemEval15-Task11
88.16,70.24,MLPClassifier,Roberta: roberta-base / STATIC_AVG,SemEval15-Task11
86.91,60.93,XGboost,Roberta: roberta-base / STATIC_AVG,SemEval15-Task11
90.35,75.63,Reg_Logistica,TFIDF,SemEval15-Task11
89.1,68.41,Random_Forest,TFIDF,SemEval15-Task11
87.23,58.51,SVM,TFIDF,SemEval15-Task11
86.91,59.64,MLPClassifier,TFIDF,SemEval15-Task11
88.78,72.27,XGboost,TFIDF,SemEval15-Task11
84.72,72.61,Reg_Logistica,Bert: bert-base-uncased / STATIC_AVG,SemEval15-Task11
85.36,46.05,Random_Forest,Bert: bert-base-uncased / STATIC_AVG,SemEval15-Task11
89.72,77.04,SVM,Bert: bert-base-uncased / STATIC_AVG,SemEval15-Task11
90.04,76.15,MLPClassifier,Bert: bert-base-uncased / STATIC_AVG,SemEval15-Task11
86.92,62.95,XGboost,Bert: bert-base-uncased / STATIC_AVG,SemEval15-Task11
81.3,67.76,Reg_Logistica,Bertweet: vinai/bertweet-base / STATIC_AVG,SemEval15-Task11
85.36,46.05,Random_Forest,Bertweet: vinai/bertweet-base / STATIC_AVG,SemEval15-Task11
87.52,75.38,SVM,Bertweet: vinai/bertweet-base / STATIC_AVG,SemEval15-Task11
89.1,70.84,MLPClassifier,Bertweet: vinai/bertweet-base / STATIC_AVG,SemEval15-Task11
88.17,61.85,XGboost,Bertweet: vinai/bertweet-base / STATIC_AVG,SemEval15-Task11
88.85,88.71,Reg_Logistica,W2VEdin,ntua
90.65,90.26,Random_Forest,W2VEdin,ntua
93.15,92.99,SVM,W2VEdin,ntua
95.3,95.19,MLPClassifier,W2VEdin,ntua
89.92,89.58,XGboost,W2VEdin,ntua
73.76,73.25,Reg_Logistica,W2VAraque,ntua
72.29,69.28,Random_Forest,W2VAraque,ntua
77.71,76.72,SVM,W2VAraque,ntua
79.17,78.58,MLPClassifier,W2VAraque,ntua
75.2,73.57,XGboost,W2VAraque,ntua
89.54,89.21,Reg_Logistica,GloveWP,ntua
84.87,83.96,Random_Forest,GloveWP,ntua
88.47,87.81,SVM,GloveWP,ntua
88.84,88.39,MLPClassifier,GloveWP,ntua
82.37,81.55,XGboost,GloveWP,ntua
76.94,76.14,Reg_Logistica,GloveTW,ntua
72.99,70.21,Random_Forest,GloveTW,ntua
73.7,73.02,SVM,GloveTW,ntua
76.98,76.14,MLPClassifier,GloveTW,ntua
75.19,73.9,XGboost,GloveTW,ntua
71.6,71.0,Reg_Logistica,FastText,ntua
69.39,65.88,Random_Forest,FastText,ntua
73.04,72.46,SVM,FastText,ntua
77.02,76.33,MLPClassifier,FastText,ntua
68.73,66.91,XGboost,FastText,ntua
93.16,92.99,Reg_Logistica,SSWE,ntua
93.51,93.29,Random_Forest,SSWE,ntua
93.53,93.29,SVM,SSWE,ntua
92.46,92.26,MLPClassifier,SSWE,ntua
92.08,91.87,XGboost,SSWE,ntua
80.21,79.87,Reg_Logistica,Emo2Vec,ntua
78.02,77.35,Random_Forest,Emo2Vec,ntua
81.28,80.99,SVM,Emo2Vec,ntua
79.46,78.95,MLPClassifier,Emo2Vec,ntua
76.22,75.41,XGboost,Emo2Vec,ntua
92.46,92.27,Reg_Logistica,DeepMoji,ntua
89.91,89.37,Random_Forest,DeepMoji,ntua
91.73,91.53,SVM,DeepMoji,ntua
91.76,91.51,MLPClassifier,DeepMoji,ntua
87.79,87.35,XGboost,DeepMoji,ntua
74.09,73.22,Reg_Logistica,EWE,ntua
68.31,64.28,Random_Forest,EWE,ntua
70.54,70.19,SVM,EWE,ntua
73.73,72.38,MLPClassifier,EWE,ntua
71.24,69.66,XGboost,EWE,ntua
79.52,79.2,Reg_Logistica,W2V-GN,ntua
72.65,70.52,Random_Forest,W2V-GN,ntua
79.15,78.79,SVM,W2V-GN,ntua
80.2,79.77,MLPClassifier,W2V-GN,ntua
75.22,74.12,XGboost,W2V-GN,ntua
89.93,89.57,Reg_Logistica,Roberta: roberta-base / STATIC_AVG,ntua
84.15,82.96,Random_Forest,Roberta: roberta-base / STATIC_AVG,ntua
89.91,89.42,SVM,Roberta: roberta-base / STATIC_AVG,ntua
88.81,88.52,MLPClassifier,Roberta: roberta-base / STATIC_AVG,ntua
82.75,82.05,XGboost,Roberta: roberta-base / STATIC_AVG,ntua
73.7,72.77,Reg_Logistica,TFIDF,ntua
69.76,66.47,Random_Forest,TFIDF,ntua
74.4,71.55,SVM,TFIDF,ntua
75.89,74.92,MLPClassifier,TFIDF,ntua
62.61,60.93,XGboost,TFIDF,ntua
73.74,73.46,Reg_Logistica,Bert: bert-base-uncased / STATIC_AVG,ntua
76.57,74.73,Random_Forest,Bert: bert-base-uncased / STATIC_AVG,ntua
83.47,83.15,SVM,Bert: bert-base-uncased / STATIC_AVG,ntua
86.72,86.45,MLPClassifier,Bert: bert-base-uncased / STATIC_AVG,ntua
76.59,75.17,XGboost,Bert: bert-base-uncased / STATIC_AVG,ntua
71.28,70.89,Reg_Logistica,Bertweet: vinai/bertweet-base / STATIC_AVG,ntua
76.55,74.07,Random_Forest,Bertweet: vinai/bertweet-base / STATIC_AVG,ntua
81.98,81.22,SVM,Bertweet: vinai/bertweet-base / STATIC_AVG,ntua
90.95,90.76,MLPClassifier,Bertweet: vinai/bertweet-base / STATIC_AVG,ntua
78.4,77.55,XGboost,Bertweet: vinai/bertweet-base / STATIC_AVG,ntua
76.55,74.91,Reg_Logistica,W2VEdin,debate08
78.18,72.88,Random_Forest,W2VEdin,debate08
82.84,81.36,SVM,W2VEdin,debate08
81.95,80.58,MLPClassifier,W2VEdin,debate08
80.43,77.86,XGboost,W2VEdin,debate08
75.81,74.41,Reg_Logistica,W2VAraque,debate08
73.19,65.57,Random_Forest,W2VAraque,debate08
77.7,76.01,SVM,W2VAraque,debate08
75.97,73.92,MLPClassifier,W2VAraque,debate08
75.44,72.16,XGboost,W2VAraque,debate08
80.48,79.32,Reg_Logistica,GloveWP,debate08
77.07,71.23,Random_Forest,GloveWP,debate08
82.21,80.91,SVM,GloveWP,debate08
80.11,78.48,MLPClassifier,GloveWP,debate08
80.38,77.75,XGboost,GloveWP,debate08
77.38,76.26,Reg_Logistica,GloveTW,debate08
75.55,70.15,Random_Forest,GloveTW,debate08
77.38,75.81,SVM,GloveTW,debate08
76.02,73.95,MLPClassifier,GloveTW,debate08
77.49,74.88,XGboost,GloveTW,debate08
79.07,77.58,Reg_Logistica,FastText,debate08
74.97,68.51,Random_Forest,FastText,debate08
81.42,80.03,SVM,FastText,debate08
80.48,78.96,MLPClassifier,FastText,debate08
79.12,76.48,XGboost,FastText,debate08
75.34,74.19,Reg_Logistica,SSWE,debate08
76.34,72.63,Random_Forest,SSWE,debate08
76.5,74.86,SVM,SSWE,debate08
73.19,70.91,MLPClassifier,SSWE,debate08
77.28,74.5,XGboost,SSWE,debate08
76.28,75.05,Reg_Logistica,Emo2Vec,debate08
76.71,72.32,Random_Forest,Emo2Vec,debate08
75.76,74.28,SVM,Emo2Vec,debate08
73.92,71.77,MLPClassifier,Emo2Vec,debate08
75.97,73.11,XGboost,Emo2Vec,debate08
75.02,73.85,Reg_Logistica,DeepMoji,debate08
73.66,67.13,Random_Forest,DeepMoji,debate08
77.02,75.71,SVM,DeepMoji,debate08
75.6,73.73,MLPClassifier,DeepMoji,debate08
76.08,73.29,XGboost,DeepMoji,debate08
78.33,77.14,Reg_Logistica,EWE,debate08
75.39,69.09,Random_Forest,EWE,debate08
77.55,76.0,SVM,EWE,debate08
78.28,76.27,MLPClassifier,EWE,debate08
77.7,74.75,XGboost,EWE,debate08
81.58,80.34,Reg_Logistica,W2V-GN,debate08
78.44,73.66,Random_Forest,W2V-GN,debate08
83.79,82.5,SVM,W2V-GN,debate08
83.0,81.59,MLPClassifier,W2V-GN,debate08
80.59,78.38,XGboost,W2V-GN,debate08
81.53,80.33,Reg_Logistica,Roberta: roberta-base / STATIC_AVG,debate08
76.18,70.36,Random_Forest,Roberta: roberta-base / STATIC_AVG,debate08
85.1,83.85,SVM,Roberta: roberta-base / STATIC_AVG,debate08
83.79,82.51,MLPClassifier,Roberta: roberta-base / STATIC_AVG,debate08
79.9,77.31,XGboost,Roberta: roberta-base / STATIC_AVG,debate08
78.59,77.02,Reg_Logistica,TFIDF,debate08
76.29,72.03,Random_Forest,TFIDF,debate08
79.22,76.57,SVM,TFIDF,debate08
76.81,75.03,MLPClassifier,TFIDF,debate08
75.5,72.54,XGboost,TFIDF,debate08
73.55,71.78,Reg_Logistica,Bert: bert-base-uncased / STATIC_AVG,debate08
76.7,71.05,Random_Forest,Bert: bert-base-uncased / STATIC_AVG,debate08
84.15,82.7,SVM,Bert: bert-base-uncased / STATIC_AVG,debate08
81.95,80.39,MLPClassifier,Bert: bert-base-uncased / STATIC_AVG,debate08
80.17,77.39,XGboost,Bert: bert-base-uncased / STATIC_AVG,debate08
75.92,73.6,Reg_Logistica,Bertweet: vinai/bertweet-base / STATIC_AVG,debate08
76.28,70.05,Random_Forest,Bertweet: vinai/bertweet-base / STATIC_AVG,debate08
82.37,80.63,SVM,Bertweet: vinai/bertweet-base / STATIC_AVG,debate08
80.75,79.42,MLPClassifier,Bertweet: vinai/bertweet-base / STATIC_AVG,debate08
80.27,77.39,XGboost,Bertweet: vinai/bertweet-base / STATIC_AVG,debate08
84.78,83.98,Reg_Logistica,W2VEdin,SemEval17-test
82.84,80.62,Random_Forest,W2VEdin,SemEval17-test
87.96,87.3,SVM,W2VEdin,SemEval17-test
85.57,84.57,MLPClassifier,W2VEdin,SemEval17-test
85.33,84.07,XGboost,W2VEdin,SemEval17-test
82.4,81.39,Reg_Logistica,W2VAraque,SemEval17-test
78.0,73.53,Random_Forest,W2VAraque,SemEval17-test
84.53,83.52,SVM,W2VAraque,SemEval17-test
82.24,80.91,MLPClassifier,W2VAraque,SemEval17-test
82.07,80.09,XGboost,W2VAraque,SemEval17-test
86.23,85.54,Reg_Logistica,GloveWP,SemEval17-test
80.9,77.91,Random_Forest,GloveWP,SemEval17-test
86.34,85.67,SVM,GloveWP,SemEval17-test
85.68,84.7,MLPClassifier,GloveWP,SemEval17-test
85.05,83.75,XGboost,GloveWP,SemEval17-test
87.36,86.7,Reg_Logistica,GloveTW,SemEval17-test
84.67,82.72,Random_Forest,GloveTW,SemEval17-test
87.71,87.05,SVM,GloveTW,SemEval17-test
86.66,85.73,MLPClassifier,GloveTW,SemEval17-test
87.06,85.98,XGboost,GloveTW,SemEval17-test
86.95,86.3,Reg_Logistica,FastText,SemEval17-test
83.65,81.37,Random_Forest,FastText,SemEval17-test
88.29,87.69,SVM,FastText,SemEval17-test
87.43,86.53,MLPClassifier,FastText,SemEval17-test
87.16,86.09,XGboost,FastText,SemEval17-test
79.97,78.99,Reg_Logistica,SSWE,SemEval17-test
81.03,78.74,Random_Forest,SSWE,SemEval17-test
81.63,80.51,SVM,SSWE,SemEval17-test
77.52,75.82,MLPClassifier,SSWE,SemEval17-test
81.24,79.46,XGboost,SSWE,SemEval17-test
85.43,84.69,Reg_Logistica,Emo2Vec,SemEval17-test
84.35,82.76,Random_Forest,Emo2Vec,SemEval17-test
85.6,84.89,SVM,Emo2Vec,SemEval17-test
83.19,82.09,MLPClassifier,Emo2Vec,SemEval17-test
85.03,83.82,XGboost,Emo2Vec,SemEval17-test
84.17,83.27,Reg_Logistica,DeepMoji,SemEval17-test
79.63,75.89,Random_Forest,DeepMoji,SemEval17-test
85.47,84.69,SVM,DeepMoji,SemEval17-test
83.55,82.4,MLPClassifier,DeepMoji,SemEval17-test
83.52,81.92,XGboost,DeepMoji,SemEval17-test
87.19,86.56,Reg_Logistica,EWE,SemEval17-test
83.13,80.74,Random_Forest,EWE,SemEval17-test
87.22,86.61,SVM,EWE,SemEval17-test
86.42,85.51,MLPClassifier,EWE,SemEval17-test
85.58,84.37,XGboost,EWE,SemEval17-test
87.54,86.92,Reg_Logistica,W2V-GN,SemEval17-test
83.17,80.86,Random_Forest,W2V-GN,SemEval17-test
88.61,88.02,SVM,W2V-GN,SemEval17-test
87.25,86.35,MLPClassifier,W2V-GN,SemEval17-test
87.32,86.31,XGboost,W2V-GN,SemEval17-test
87.88,87.22,Reg_Logistica,Roberta: roberta-base / STATIC_AVG,SemEval17-test
77.67,73.43,Random_Forest,Roberta: roberta-base / STATIC_AVG,SemEval17-test
89.03,88.37,SVM,Roberta: roberta-base / STATIC_AVG,SemEval17-test
87.65,86.74,MLPClassifier,Roberta: roberta-base / STATIC_AVG,SemEval17-test
85.33,83.94,XGboost,Roberta: roberta-base / STATIC_AVG,SemEval17-test
87.14,86.32,Reg_Logistica,TFIDF,SemEval17-test
83.87,82.2,Random_Forest,TFIDF,SemEval17-test
87.95,86.9,SVM,TFIDF,SemEval17-test
85.71,84.65,MLPClassifier,TFIDF,SemEval17-test
85.19,83.79,XGboost,TFIDF,SemEval17-test
82.87,81.94,Reg_Logistica,Bert: bert-base-uncased / STATIC_AVG,SemEval17-test
77.2,72.22,Random_Forest,Bert: bert-base-uncased / STATIC_AVG,SemEval17-test
88.47,87.75,SVM,Bert: bert-base-uncased / STATIC_AVG,SemEval17-test
87.13,86.22,MLPClassifier,Bert: bert-base-uncased / STATIC_AVG,SemEval17-test
85.28,83.81,XGboost,Bert: bert-base-uncased / STATIC_AVG,SemEval17-test
81.68,80.63,Reg_Logistica,Bertweet: vinai/bertweet-base / STATIC_AVG,SemEval17-test
72.48,64.49,Random_Forest,Bertweet: vinai/bertweet-base / STATIC_AVG,SemEval17-test
86.01,85.13,SVM,Bertweet: vinai/bertweet-base / STATIC_AVG,SemEval17-test
86.92,85.99,MLPClassifier,Bertweet: vinai/bertweet-base / STATIC_AVG,SemEval17-test
80.73,78.51,XGboost,Bertweet: vinai/bertweet-base / STATIC_AVG,SemEval17-test
82.1,79.85,Reg_Logistica,W2VEdin,STS-gold
78.81,69.21,Random_Forest,W2VEdin,STS-gold
87.02,85.2,SVM,W2VEdin,STS-gold
88.1,86.04,MLPClassifier,W2VEdin,STS-gold
83.38,79.07,XGboost,W2VEdin,STS-gold
86.18,84.47,Reg_Logistica,W2VAraque,STS-gold
78.72,68.82,Random_Forest,W2VAraque,STS-gold
86.92,84.95,SVM,W2VAraque,STS-gold
86.28,83.85,MLPClassifier,W2VAraque,STS-gold
84.96,81.37,XGboost,W2VAraque,STS-gold
83.48,81.63,Reg_Logistica,GloveWP,STS-gold
75.96,63.21,Random_Forest,GloveWP,STS-gold
83.19,81.29,SVM,GloveWP,STS-gold
83.68,80.75,MLPClassifier,GloveWP,STS-gold
81.81,77.0,XGboost,GloveWP,STS-gold
86.67,85.04,Reg_Logistica,GloveTW,STS-gold
79.45,70.38,Random_Forest,GloveTW,STS-gold
84.9,83.26,SVM,GloveTW,STS-gold
86.92,84.38,MLPClassifier,GloveTW,STS-gold
83.97,80.07,XGboost,GloveTW,STS-gold
84.12,82.17,Reg_Logistica,FastText,STS-gold
75.71,61.79,Random_Forest,FastText,STS-gold
85.74,83.99,SVM,FastText,STS-gold
86.82,84.48,MLPClassifier,FastText,STS-gold
84.07,79.72,XGboost,FastText,STS-gold
89.08,87.7,Reg_Logistica,SSWE,STS-gold
88.59,86.14,Random_Forest,SSWE,STS-gold
88.99,87.62,SVM,SSWE,STS-gold
87.86,85.85,MLPClassifier,SSWE,STS-gold
88.89,86.79,XGboost,SSWE,STS-gold
85.45,83.74,Reg_Logistica,Emo2Vec,STS-gold
86.58,83.25,Random_Forest,Emo2Vec,STS-gold
86.19,84.49,SVM,Emo2Vec,STS-gold
85.25,82.34,MLPClassifier,Emo2Vec,STS-gold
86.93,84.4,XGboost,Emo2Vec,STS-gold
87.71,86.1,Reg_Logistica,DeepMoji,STS-gold
80.29,71.65,Random_Forest,DeepMoji,STS-gold
88.69,87.08,SVM,DeepMoji,STS-gold
88.35,86.27,MLPClassifier,DeepMoji,STS-gold
86.18,82.98,XGboost,DeepMoji,STS-gold
86.09,84.38,Reg_Logistica,EWE,STS-gold
77.63,66.08,Random_Forest,EWE,STS-gold
84.71,82.93,SVM,EWE,STS-gold
86.73,84.32,MLPClassifier,EWE,STS-gold
83.88,79.74,XGboost,EWE,STS-gold
85.25,83.57,Reg_Logistica,W2V-GN,STS-gold
76.84,64.53,Random_Forest,W2V-GN,STS-gold
85.94,84.12,SVM,W2V-GN,STS-gold
85.16,82.37,MLPClassifier,W2V-GN,STS-gold
83.97,79.78,XGboost,W2V-GN,STS-gold
85.79,84.05,Reg_Logistica,Roberta: roberta-base / STATIC_AVG,STS-gold
73.84,56.87,Random_Forest,Roberta: roberta-base / STATIC_AVG,STS-gold
87.86,85.95,SVM,Roberta: roberta-base / STATIC_AVG,STS-gold
87.46,85.2,MLPClassifier,Roberta: roberta-base / STATIC_AVG,STS-gold
81.32,75.01,XGboost,Roberta: roberta-base / STATIC_AVG,STS-gold
84.42,81.73,Reg_Logistica,TFIDF,STS-gold
80.29,73.01,Random_Forest,TFIDF,STS-gold
83.97,79.56,SVM,TFIDF,STS-gold
84.61,81.23,MLPClassifier,TFIDF,STS-gold
81.61,76.91,XGboost,TFIDF,STS-gold
78.86,76.3,Reg_Logistica,Bert: bert-base-uncased / STATIC_AVG,STS-gold
74.19,58.24,Random_Forest,Bert: bert-base-uncased / STATIC_AVG,STS-gold
86.97,84.99,SVM,Bert: bert-base-uncased / STATIC_AVG,STS-gold
87.02,84.72,MLPClassifier,Bert: bert-base-uncased / STATIC_AVG,STS-gold
81.61,75.87,XGboost,Bert: bert-base-uncased / STATIC_AVG,STS-gold
76.5,74.02,Reg_Logistica,Bertweet: vinai/bertweet-base / STATIC_AVG,STS-gold
72.22,52.8,Random_Forest,Bertweet: vinai/bertweet-base / STATIC_AVG,STS-gold
83.09,80.67,SVM,Bertweet: vinai/bertweet-base / STATIC_AVG,STS-gold
85.79,83.05,MLPClassifier,Bertweet: vinai/bertweet-base / STATIC_AVG,STS-gold
78.56,70.87,XGboost,Bertweet: vinai/bertweet-base / STATIC_AVG,STS-gold
71.75,69.58,Reg_Logistica,W2VEdin,person
76.31,60.96,Random_Forest,W2VEdin,person
79.03,76.97,SVM,W2VEdin,person
79.95,75.33,MLPClassifier,W2VEdin,person
77.91,69.67,XGboost,W2VEdin,person
73.11,70.55,Reg_Logistica,W2VAraque,person
71.52,48.16,Random_Forest,W2VAraque,person
74.93,71.59,SVM,W2VAraque,person
79.73,74.74,MLPClassifier,W2VAraque,person
76.08,66.93,XGboost,W2VAraque,person
81.32,78.36,Reg_Logistica,GloveWP,person
74.48,57.89,Random_Forest,GloveWP,person
76.75,74.31,SVM,GloveWP,person
80.63,75.31,MLPClassifier,GloveWP,person
79.27,71.55,XGboost,GloveWP,person
80.86,77.71,Reg_Logistica,GloveTW,person
74.04,56.55,Random_Forest,GloveTW,person
73.56,71.8,SVM,GloveTW,person
81.77,77.42,MLPClassifier,GloveTW,person
78.12,69.99,XGboost,GloveTW,person
77.21,74.63,Reg_Logistica,FastText,person
75.61,57.99,Random_Forest,FastText,person
76.77,74.86,SVM,FastText,person
83.39,79.88,MLPClassifier,FastText,person
78.82,71.29,XGboost,FastText,person
76.09,73.02,Reg_Logistica,SSWE,person
77.47,66.79,Random_Forest,SSWE,person
72.44,70.46,SVM,SSWE,person
75.64,70.19,MLPClassifier,SSWE,person
77.0,69.02,XGboost,SSWE,person
77.46,75.21,Reg_Logistica,Emo2Vec,person
78.83,70.75,Random_Forest,Emo2Vec,person
76.09,74.16,SVM,Emo2Vec,person
79.5,74.49,MLPClassifier,Emo2Vec,person
79.05,73.31,XGboost,Emo2Vec,person
75.84,73.51,Reg_Logistica,DeepMoji,person
72.43,51.34,Random_Forest,DeepMoji,person
76.98,74.46,SVM,DeepMoji,person
79.73,74.65,MLPClassifier,DeepMoji,person
78.35,70.46,XGboost,DeepMoji,person
80.17,77.56,Reg_Logistica,EWE,person
74.95,59.07,Random_Forest,EWE,person
74.69,73.03,SVM,EWE,person
82.0,77.39,MLPClassifier,EWE,person
79.5,72.1,XGboost,EWE,person
82.01,79.75,Reg_Logistica,W2V-GN,person
74.94,55.83,Random_Forest,W2V-GN,person
83.37,80.58,SVM,W2V-GN,person
83.83,80.23,MLPClassifier,W2V-GN,person
77.21,68.33,XGboost,W2V-GN,person
77.21,75.24,Reg_Logistica,Roberta: roberta-base / STATIC_AVG,person
71.06,44.26,Random_Forest,Roberta: roberta-base / STATIC_AVG,person
80.4,77.3,SVM,Roberta: roberta-base / STATIC_AVG,person
79.49,74.45,MLPClassifier,Roberta: roberta-base / STATIC_AVG,person
79.95,72.51,XGboost,Roberta: roberta-base / STATIC_AVG,person
76.52,73.01,Reg_Logistica,TFIDF,person
76.75,70.06,Random_Forest,TFIDF,person
80.18,72.27,SVM,TFIDF,person
80.19,73.57,MLPClassifier,TFIDF,person
73.57,66.27,XGboost,TFIDF,person
70.14,66.57,Reg_Logistica,Bert: bert-base-uncased / STATIC_AVG,person
72.89,48.74,Random_Forest,Bert: bert-base-uncased / STATIC_AVG,person
73.32,70.85,SVM,Bert: bert-base-uncased / STATIC_AVG,person
79.27,73.81,MLPClassifier,Bert: bert-base-uncased / STATIC_AVG,person
73.58,60.54,XGboost,Bert: bert-base-uncased / STATIC_AVG,person
68.1,64.82,Reg_Logistica,Bertweet: vinai/bertweet-base / STATIC_AVG,person
71.53,44.52,Random_Forest,Bertweet: vinai/bertweet-base / STATIC_AVG,person
69.23,67.53,SVM,Bertweet: vinai/bertweet-base / STATIC_AVG,person
77.43,71.14,MLPClassifier,Bertweet: vinai/bertweet-base / STATIC_AVG,person
69.7,55.75,XGboost,Bertweet: vinai/bertweet-base / STATIC_AVG,person
78.48,78.15,Reg_Logistica,W2VEdin,SemEval18
77.67,77.02,Random_Forest,W2VEdin,SemEval18
82.36,82.15,SVM,W2VEdin,SemEval18
80.69,80.59,MLPClassifier,W2VEdin,SemEval18
78.7,78.51,XGboost,W2VEdin,SemEval18
75.68,75.43,Reg_Logistica,W2VAraque,SemEval18
72.08,71.01,Random_Forest,W2VAraque,SemEval18
75.79,75.44,SVM,W2VAraque,SemEval18
73.0,72.85,MLPClassifier,W2VAraque,SemEval18
71.0,70.49,XGboost,W2VAraque,SemEval18
78.75,78.62,Reg_Logistica,GloveWP,SemEval18
74.02,73.21,Random_Forest,GloveWP,SemEval18
78.48,78.31,SVM,GloveWP,SemEval18
75.79,75.65,MLPClassifier,GloveWP,SemEval18
76.22,75.94,XGboost,GloveWP,SemEval18
82.04,81.91,Reg_Logistica,GloveTW,SemEval18
77.41,76.76,Random_Forest,GloveTW,SemEval18
80.2,79.91,SVM,GloveTW,SemEval18
78.27,78.14,MLPClassifier,GloveTW,SemEval18
78.16,77.88,XGboost,GloveTW,SemEval18
80.1,79.91,Reg_Logistica,FastText,SemEval18
77.3,76.5,Random_Forest,FastText,SemEval18
80.69,80.51,SVM,FastText,SemEval18
79.45,79.33,MLPClassifier,FastText,SemEval18
78.16,77.94,XGboost,FastText,SemEval18
81.23,81.12,Reg_Logistica,SSWE,SemEval18
80.1,79.77,Random_Forest,SSWE,SemEval18
81.28,81.13,SVM,SSWE,SemEval18
76.44,76.29,MLPClassifier,SSWE,SemEval18
80.26,80.06,XGboost,SSWE,SemEval18
81.23,81.13,Reg_Logistica,Emo2Vec,SemEval18
79.93,79.69,Random_Forest,Emo2Vec,SemEval18
80.96,80.86,SVM,Emo2Vec,SemEval18
78.16,78.02,MLPClassifier,Emo2Vec,SemEval18
80.58,80.42,XGboost,Emo2Vec,SemEval18
77.94,77.71,Reg_Logistica,DeepMoji,SemEval18
75.31,74.49,Random_Forest,DeepMoji,SemEval18
78.97,78.74,SVM,DeepMoji,SemEval18
78.32,78.19,MLPClassifier,DeepMoji,SemEval18
78.05,77.78,XGboost,DeepMoji,SemEval18
80.53,80.42,Reg_Logistica,EWE,SemEval18
76.71,75.99,Random_Forest,EWE,SemEval18
80.26,80.03,SVM,EWE,SemEval18
78.38,78.28,MLPClassifier,EWE,SemEval18
76.17,75.9,XGboost,EWE,SemEval18
80.31,80.16,Reg_Logistica,W2V-GN,SemEval18
76.81,76.09,Random_Forest,W2V-GN,SemEval18
80.37,80.21,SVM,W2V-GN,SemEval18
76.98,76.88,MLPClassifier,W2V-GN,SemEval18
78.16,77.9,XGboost,W2V-GN,SemEval18
84.89,84.78,Reg_Logistica,Roberta: roberta-base / STATIC_AVG,SemEval18
74.07,73.24,Random_Forest,Roberta: roberta-base / STATIC_AVG,SemEval18
86.5,86.4,SVM,Roberta: roberta-base / STATIC_AVG,SemEval18
84.56,84.48,MLPClassifier,Roberta: roberta-base / STATIC_AVG,SemEval18
79.02,78.75,XGboost,Roberta: roberta-base / STATIC_AVG,SemEval18
82.3,82.03,Reg_Logistica,TFIDF,SemEval18
78.59,77.8,Random_Forest,TFIDF,SemEval18
82.09,81.55,SVM,TFIDF,SemEval18
81.71,81.49,MLPClassifier,TFIDF,SemEval18
80.42,79.92,XGboost,TFIDF,SemEval18
75.53,75.22,Reg_Logistica,Bert: bert-base-uncased / STATIC_AVG,SemEval18
72.94,71.86,Random_Forest,Bert: bert-base-uncased / STATIC_AVG,SemEval18
84.56,84.44,SVM,Bert: bert-base-uncased / STATIC_AVG,SemEval18
82.84,82.78,MLPClassifier,Bert: bert-base-uncased / STATIC_AVG,SemEval18
77.3,77.02,XGboost,Bert: bert-base-uncased / STATIC_AVG,SemEval18
75.52,75.21,Reg_Logistica,Bertweet: vinai/bertweet-base / STATIC_AVG,SemEval18
68.86,67.09,Random_Forest,Bertweet: vinai/bertweet-base / STATIC_AVG,SemEval18
79.51,79.24,SVM,Bertweet: vinai/bertweet-base / STATIC_AVG,SemEval18
80.31,80.19,MLPClassifier,Bertweet: vinai/bertweet-base / STATIC_AVG,SemEval18
73.37,72.94,XGboost,Bertweet: vinai/bertweet-base / STATIC_AVG,SemEval18
76.06,73.47,Reg_Logistica,W2VEdin,SemEval13
76.68,59.79,Random_Forest,W2VEdin,SemEval13
80.31,77.64,SVM,W2VEdin,SemEval13
82.09,77.47,MLPClassifier,W2VEdin,SemEval13
81.84,75.01,XGboost,W2VEdin,SemEval13
77.25,74.39,Reg_Logistica,W2VAraque,SemEval13
75.54,56.11,Random_Forest,W2VAraque,SemEval13
79.19,75.95,SVM,W2VAraque,SemEval13
79.65,74.03,MLPClassifier,W2VAraque,SemEval13
79.58,71.18,XGboost,W2VAraque,SemEval13
78.78,75.75,Reg_Logistica,GloveWP,SemEval13
74.99,53.67,Random_Forest,GloveWP,SemEval13
78.53,75.83,SVM,GloveWP,SemEval13
79.69,73.46,MLPClassifier,GloveWP,SemEval13
79.26,70.13,XGboost,GloveWP,SemEval13
80.24,77.21,Reg_Logistica,GloveTW,SemEval13
77.59,61.79,Random_Forest,GloveTW,SemEval13
78.69,76.1,SVM,GloveTW,SemEval13
81.48,76.17,MLPClassifier,GloveTW,SemEval13
81.04,73.47,XGboost,GloveTW,SemEval13
78.42,75.71,Reg_Logistica,FastText,SemEval13
75.35,53.21,Random_Forest,FastText,SemEval13
79.49,76.82,SVM,FastText,SemEval13
81.52,76.37,MLPClassifier,FastText,SemEval13
80.4,71.94,XGboost,FastText,SemEval13
81.75,78.91,Reg_Logistica,SSWE,SemEval13
83.23,77.03,Random_Forest,SSWE,SemEval13
81.04,78.4,SVM,SSWE,SemEval13
80.58,75.12,MLPClassifier,SSWE,SemEval13
83.33,78.28,XGboost,SSWE,SemEval13
87.83,85.59,Reg_Logistica,Emo2Vec,SemEval13
87.46,83.22,Random_Forest,Emo2Vec,SemEval13
87.8,85.59,SVM,Emo2Vec,SemEval13
87.12,83.67,MLPClassifier,Emo2Vec,SemEval13
88.24,84.81,XGboost,Emo2Vec,SemEval13
79.99,77.31,Reg_Logistica,DeepMoji,SemEval13
76.91,59.61,Random_Forest,DeepMoji,SemEval13
81.89,79.16,SVM,DeepMoji,SemEval13
82.23,77.48,MLPClassifier,DeepMoji,SemEval13
81.73,74.72,XGboost,DeepMoji,SemEval13
79.67,76.61,Reg_Logistica,EWE,SemEval13
75.33,54.63,Random_Forest,EWE,SemEval13
78.39,75.52,SVM,EWE,SemEval13
80.9,75.24,MLPClassifier,EWE,SemEval13
80.45,71.78,XGboost,EWE,SemEval13
80.36,77.46,Reg_Logistica,W2V-GN,SemEval13
76.22,56.68,Random_Forest,W2V-GN,SemEval13
81.52,78.43,SVM,W2V-GN,SemEval13
81.89,76.81,MLPClassifier,W2V-GN,SemEval13
81.02,72.81,XGboost,W2V-GN,SemEval13
81.11,78.24,Reg_Logistica,Roberta: roberta-base / STATIC_AVG,SemEval13
74.62,49.56,Random_Forest,Roberta: roberta-base / STATIC_AVG,SemEval13
83.6,80.4,SVM,Roberta: roberta-base / STATIC_AVG,SemEval13
83.58,79.2,MLPClassifier,Roberta: roberta-base / STATIC_AVG,SemEval13
79.95,70.23,XGboost,Roberta: roberta-base / STATIC_AVG,SemEval13
78.73,74.35,Reg_Logistica,TFIDF,SemEval13
77.59,62.33,Random_Forest,TFIDF,SemEval13
80.52,72.24,SVM,TFIDF,SemEval13
79.6,72.75,MLPClassifier,TFIDF,SemEval13
78.8,68.47,XGboost,TFIDF,SemEval13
72.77,70.19,Reg_Logistica,Bert: bert-base-uncased / STATIC_AVG,SemEval13
74.6,50.41,Random_Forest,Bert: bert-base-uncased / STATIC_AVG,SemEval13
81.59,78.67,SVM,Bert: bert-base-uncased / STATIC_AVG,SemEval13
81.98,77.55,MLPClassifier,Bert: bert-base-uncased / STATIC_AVG,SemEval13
79.19,68.52,XGboost,Bert: bert-base-uncased / STATIC_AVG,SemEval13
71.13,68.25,Reg_Logistica,Bertweet: vinai/bertweet-base / STATIC_AVG,SemEval13
73.85,46.52,Random_Forest,Bertweet: vinai/bertweet-base / STATIC_AVG,SemEval13
77.64,74.63,SVM,Bertweet: vinai/bertweet-base / STATIC_AVG,SemEval13
81.86,77.06,MLPClassifier,Bertweet: vinai/bertweet-base / STATIC_AVG,SemEval13
75.95,61.56,XGboost,Bertweet: vinai/bertweet-base / STATIC_AVG,SemEval13
