Data_Set,accuracy,f1_macro,Classifier_Model,Embedding
HCR,81.2,77.4,Reg_Logistica,BERTweet\_22Dt
Narr-KDML-2012,96.9,96.7,Reg_Logistica,BERTweet\_22Dt
STS-gold,95.1,94.3,Reg_Logistica,BERTweet\_22Dt
SemEval13,90.3,88.1,Reg_Logistica,BERTweet\_22Dt
SemEval15-Task11,92.3,83.3,Reg_Logistica,BERTweet\_22Dt
SemEval16,91.7,89.8,Reg_Logistica,BERTweet\_22Dt
SemEval17-test,93.3,92.9,Reg_Logistica,BERTweet\_22Dt
SemEval18,90.0,90.0,Reg_Logistica,BERTweet\_22Dt
SentiStrength,88.3,87.9,Reg_Logistica,BERTweet\_22Dt
Target-dependent,86.3,86.2,Reg_Logistica,BERTweet\_22Dt
VADER,92.7,91.6,Reg_Logistica,BERTweet\_22Dt
archeage,91.9,91.7,Reg_Logistica,BERTweet\_22Dt
debate08,88.6,87.8,Reg_Logistica,BERTweet\_22Dt
hobbit,89.1,87.5,Reg_Logistica,BERTweet\_22Dt
iphone,87.8,85.8,Reg_Logistica,BERTweet\_22Dt
irony,75.9,69.1,Reg_Logistica,BERTweet\_22Dt
movie,91.1,85.4,Reg_Logistica,BERTweet\_22Dt
ntua,92.0,91.7,Reg_Logistica,BERTweet\_22Dt
person,88.0,85.8,Reg_Logistica,BERTweet\_22Dt
sanders,91.6,91.5,Reg_Logistica,BERTweet\_22Dt
sarcasm,69.1,67.9,Reg_Logistica,BERTweet\_22Dt
sentiment140,91.4,91.3,Reg_Logistica,BERTweet\_22Dt
HCR,81.1,76.0,MLPClassifier,BERTweet\_22Dt
Narr-KDML-2012,96.9,96.8,MLPClassifier,BERTweet\_22Dt
STS-gold,94.8,94.0,MLPClassifier,BERTweet\_22Dt
SemEval13,90.4,88.0,MLPClassifier,BERTweet\_22Dt
SemEval15-Task11,93.3,83.9,MLPClassifier,BERTweet\_22Dt
SemEval16,91.4,89.2,MLPClassifier,BERTweet\_22Dt
SemEval17-test,93.2,92.8,MLPClassifier,BERTweet\_22Dt
SemEval18,89.9,89.8,MLPClassifier,BERTweet\_22Dt
SentiStrength,87.9,87.5,MLPClassifier,BERTweet\_22Dt
Target-dependent,85.9,85.8,MLPClassifier,BERTweet\_22Dt
VADER,92.8,91.5,MLPClassifier,BERTweet\_22Dt
archeage,92.1,91.9,MLPClassifier,BERTweet\_22Dt
debate08,88.1,87.2,MLPClassifier,BERTweet\_22Dt
hobbit,89.1,87.4,MLPClassifier,BERTweet\_22Dt
iphone,87.5,85.1,MLPClassifier,BERTweet\_22Dt
irony,76.0,68.0,MLPClassifier,BERTweet\_22Dt
movie,91.0,84.1,MLPClassifier,BERTweet\_22Dt
ntua,91.8,91.6,MLPClassifier,BERTweet\_22Dt
person,87.5,84.6,MLPClassifier,BERTweet\_22Dt
sanders,91.6,91.5,MLPClassifier,BERTweet\_22Dt
sarcasm,71.6,70.3,MLPClassifier,BERTweet\_22Dt
sentiment140,91.4,91.4,MLPClassifier,BERTweet\_22Dt
HCR,82.0,74.7,XGboost,BERTweet\_22Dt
Narr-KDML-2012,94.1,93.8,XGboost,BERTweet\_22Dt
STS-gold,92.7,91.2,XGboost,BERTweet\_22Dt
SemEval13,88.3,84.5,XGboost,BERTweet\_22Dt
SemEval15-Task11,91.0,75.1,XGboost,BERTweet\_22Dt
SemEval16,91.0,88.3,XGboost,BERTweet\_22Dt
SemEval17-test,92.2,91.5,XGboost,BERTweet\_22Dt
SemEval18,88.2,88.1,XGboost,BERTweet\_22Dt
SentiStrength,85.7,85.2,XGboost,BERTweet\_22Dt
Target-dependent,85.6,85.6,XGboost,BERTweet\_22Dt
VADER,90.5,88.4,XGboost,BERTweet\_22Dt
archeage,91.7,91.5,XGboost,BERTweet\_22Dt
debate08,86.7,85.3,XGboost,BERTweet\_22Dt
hobbit,86.0,83.2,XGboost,BERTweet\_22Dt
iphone,86.4,82.8,XGboost,BERTweet\_22Dt
irony,70.4,58.1,XGboost,BERTweet\_22Dt
movie,89.7,77.5,XGboost,BERTweet\_22Dt
ntua,88.0,87.4,XGboost,BERTweet\_22Dt
person,84.0,78.8,XGboost,BERTweet\_22Dt
sanders,89.9,89.9,XGboost,BERTweet\_22Dt
sarcasm,68.3,66.1,XGboost,BERTweet\_22Dt
sentiment140,88.7,88.6,XGboost,BERTweet\_22Dt
HCR,81.5,77.9,SVM,BERTweet\_22Dt
Narr-KDML-2012,97.0,96.8,SVM,BERTweet\_22Dt
STS-gold,95.2,94.5,SVM,BERTweet\_22Dt
SemEval13,90.0,88.0,SVM,BERTweet\_22Dt
SemEval15-Task11,90.7,80.0,SVM,BERTweet\_22Dt
SemEval16,91.8,90.1,SVM,BERTweet\_22Dt
SemEval17-test,93.6,93.1,SVM,BERTweet\_22Dt
SemEval18,90.9,90.8,SVM,BERTweet\_22Dt
SentiStrength,89.1,88.9,SVM,BERTweet\_22Dt
Target-dependent,87.7,87.7,SVM,BERTweet\_22Dt
VADER,92.5,91.4,SVM,BERTweet\_22Dt
archeage,91.4,91.3,SVM,BERTweet\_22Dt
debate08,89.2,88.4,SVM,BERTweet\_22Dt
hobbit,87.1,85.6,SVM,BERTweet\_22Dt
iphone,85.1,83.5,SVM,BERTweet\_22Dt
irony,74.6,66.5,SVM,BERTweet\_22Dt
movie,89.9,84.5,SVM,BERTweet\_22Dt
ntua,92.1,91.8,SVM,BERTweet\_22Dt
person,86.1,84.1,SVM,BERTweet\_22Dt
sanders,91.4,91.4,SVM,BERTweet\_22Dt
sarcasm,68.6,65.5,SVM,BERTweet\_22Dt
sentiment140,92.7,92.6,SVM,BERTweet\_22Dt
HCR,77.2,60.8,Random_Forest,BERTweet\_22Dt
Narr-KDML-2012,93.0,92.6,Random_Forest,BERTweet\_22Dt
STS-gold,87.4,83.3,Random_Forest,BERTweet\_22Dt
SemEval13,82.9,73.7,Random_Forest,BERTweet\_22Dt
SemEval15-Task11,87.5,58.0,Random_Forest,BERTweet\_22Dt
SemEval16,86.3,80.4,Random_Forest,BERTweet\_22Dt
SemEval17-test,89.9,88.9,Random_Forest,BERTweet\_22Dt
SemEval18,87.1,86.8,Random_Forest,BERTweet\_22Dt
SentiStrength,83.8,82.8,Random_Forest,BERTweet\_22Dt
Target-dependent,83.9,83.9,Random_Forest,BERTweet\_22Dt
VADER,85.5,80.6,Random_Forest,BERTweet\_22Dt
archeage,91.4,91.1,Random_Forest,BERTweet\_22Dt
debate08,83.4,80.6,Random_Forest,BERTweet\_22Dt
hobbit,81.0,74.3,Random_Forest,BERTweet\_22Dt
iphone,83.1,77.1,Random_Forest,BERTweet\_22Dt
irony,68.1,44.9,Random_Forest,BERTweet\_22Dt
movie,82.8,48.9,Random_Forest,BERTweet\_22Dt
ntua,88.9,88.3,Random_Forest,BERTweet\_22Dt
person,80.6,70.4,Random_Forest,BERTweet\_22Dt
sanders,88.7,88.6,Random_Forest,BERTweet\_22Dt
sarcasm,69.3,66.8,Random_Forest,BERTweet\_22Dt
sentiment140,90.6,90.6,Random_Forest,BERTweet\_22Dt
