,accuracy,accuracy,accuracy,accuracy
Embedding,BERTweet_base_transformers_STATIC,Bert: bert-base-uncased / STATIC_AVG,Roberta: roberta-base / STATIC_AVG,TFIDF
Data_Set,,,,
HCR,76.26,79.09,78.62,80.24
Narr-KDML-2012,82.89,85.09,87.21,81.5
STS-gold,85.35,86.97,88.05,84.51
SemEval13,81.36,82.32,83.67,80.52
SemEval15-Task11,89.41,89.73,90.34,90.35
SemEval16,84.07,85.27,86.03,85.85
SemEval17-test,86.18,88.47,89.03,87.95
SemEval18,79.93,84.56,86.5,82.3
SentiStrength,74.62,78.51,80.21,73.57
Target-dependent,79.78,83.44,84.42,82.35
VADER,85.65,87.54,89.3,83.65
archeage,86.27,86.61,87.6,87.54
debate08,82.37,84.15,84.99,79.22
hobbit,92.34,94.82,94.44,93.29
iphone,81.95,81.75,81.94,80.07
irony,69.29,66.67,70.71,66.19
movie,84.31,86.99,86.63,84.85
ntua,91.32,88.15,89.91,75.87
person,77.21,79.95,80.85,80.42
sanders,82.1,82.35,83.41,84.47
sarcasm,60.54,70.54,57.5,60.54
sentiment140,75.78,85.48,84.94,81.59
