,f1_macro,f1_macro,f1_macro,f1_macro
Embedding,BERTweet_base_transformers_STATIC,Bert: bert-base-uncased / STATIC_AVG,Roberta: roberta-base / STATIC_AVG,TFIDF
Data_Set,,,,
HCR,70.08,72.94,74.52,73.37
Narr-KDML-2012,82.11,84.29,86.82,80.42
STS-gold,82.53,84.99,86.17,81.73
SemEval13,76.69,78.67,80.28,74.35
SemEval15-Task11,72.35,77.04,78.48,75.63
SemEval16,79.78,82.48,83.22,81.68
SemEval17-test,85.29,87.75,88.36,86.9
SemEval18,79.8,84.44,86.4,82.03
SentiStrength,73.64,78.2,79.83,72.99
Target-dependent,79.74,83.43,84.42,82.33
VADER,83.17,85.76,87.77,81.18
archeage,85.94,86.37,87.29,87.11
debate08,80.54,82.7,83.75,77.02
hobbit,91.1,94.08,93.59,91.91
iphone,77.62,78.03,78.37,73.46
irony,53.85,56.53,61.16,39.77
movie,69.59,75.55,75.48,70.61
ntua,91.08,87.87,89.42,74.95
person,70.61,74.23,77.86,74.05
sanders,82.01,82.17,83.25,84.35
sarcasm,57.74,69.29,52.87,56.33
sentiment140,75.68,85.46,84.87,81.46
