accuracy,f1_macro,Classifier_Model,Embedding,Data_Set
84.42,81.73,Reg_Logistica,TFIDF,STS-gold
80.53,73.41,Random_Forest,TFIDF,STS-gold
83.97,79.56,SVM,TFIDF,STS-gold
84.51,81.18,MLPClassifier,TFIDF,STS-gold
81.61,76.91,XGboost,TFIDF,STS-gold
85.79,84.05,Reg_Logistica,Roberta: roberta-base / STATIC_AVG,STS-gold
75.02,59.66,Random_Forest,Roberta: roberta-base / STATIC_AVG,STS-gold
88.05,86.17,SVM,Roberta: roberta-base / STATIC_AVG,STS-gold
87.91,85.74,MLPClassifier,Roberta: roberta-base / STATIC_AVG,STS-gold
81.66,76.04,XGboost,Roberta: roberta-base / STATIC_AVG,STS-gold
78.86,76.3,Reg_Logistica,Bert: bert-base-uncased / STATIC_AVG,STS-gold
73.75,56.81,Random_Forest,Bert: bert-base-uncased / STATIC_AVG,STS-gold
86.97,84.99,SVM,Bert: bert-base-uncased / STATIC_AVG,STS-gold
86.87,84.82,MLPClassifier,Bert: bert-base-uncased / STATIC_AVG,STS-gold
81.61,75.87,XGboost,Bert: bert-base-uncased / STATIC_AVG,STS-gold
74.83,72.47,Reg_Logistica,BERTweet_base_transformers_STATIC,STS-gold
72.32,52.94,Random_Forest,BERTweet_base_transformers_STATIC,STS-gold
82.5,80.16,SVM,BERTweet_base_transformers_STATIC,STS-gold
85.35,82.53,MLPClassifier,BERTweet_base_transformers_STATIC,STS-gold
77.83,69.28,XGboost,BERTweet_base_transformers_STATIC,STS-gold
73.57,72.99,Reg_Logistica,TFIDF,SentiStrength
70.25,68.27,Random_Forest,TFIDF,SentiStrength
73.48,72.49,SVM,TFIDF,SentiStrength
71.12,69.93,MLPClassifier,TFIDF,SentiStrength
70.12,68.54,XGboost,TFIDF,SentiStrength
79.86,79.49,Reg_Logistica,Roberta: roberta-base / STATIC_AVG,SentiStrength
68.24,63.51,Random_Forest,Roberta: roberta-base / STATIC_AVG,SentiStrength
80.21,79.83,SVM,Roberta: roberta-base / STATIC_AVG,SentiStrength
77.5,76.76,MLPClassifier,Roberta: roberta-base / STATIC_AVG,SentiStrength
73.22,71.67,XGboost,Roberta: roberta-base / STATIC_AVG,SentiStrength
71.17,70.94,Reg_Logistica,Bert: bert-base-uncased / STATIC_AVG,SentiStrength
69.2,65.22,Random_Forest,Bert: bert-base-uncased / STATIC_AVG,SentiStrength
78.51,78.2,SVM,Bert: bert-base-uncased / STATIC_AVG,SentiStrength
77.15,76.38,MLPClassifier,Bert: bert-base-uncased / STATIC_AVG,SentiStrength
72.87,71.15,XGboost,Bert: bert-base-uncased / STATIC_AVG,SentiStrength
67.58,67.34,Reg_Logistica,BERTweet_base_transformers_STATIC,SentiStrength
65.44,60.27,Random_Forest,BERTweet_base_transformers_STATIC,SentiStrength
72.3,72.07,SVM,BERTweet_base_transformers_STATIC,SentiStrength
74.62,73.64,MLPClassifier,BERTweet_base_transformers_STATIC,SentiStrength
68.89,66.61,XGboost,BERTweet_base_transformers_STATIC,SentiStrength
76.52,73.01,Reg_Logistica,TFIDF,person
76.54,70.17,Random_Forest,TFIDF,person
80.18,72.27,SVM,TFIDF,person
80.42,74.05,MLPClassifier,TFIDF,person
73.57,66.27,XGboost,TFIDF,person
77.67,75.65,Reg_Logistica,Roberta: roberta-base / STATIC_AVG,person
70.85,44.83,Random_Forest,Roberta: roberta-base / STATIC_AVG,person
80.85,77.86,SVM,Roberta: roberta-base / STATIC_AVG,person
79.95,74.91,MLPClassifier,Roberta: roberta-base / STATIC_AVG,person
78.36,69.5,XGboost,Roberta: roberta-base / STATIC_AVG,person
70.14,66.57,Reg_Logistica,Bert: bert-base-uncased / STATIC_AVG,person
72.66,48.29,Random_Forest,Bert: bert-base-uncased / STATIC_AVG,person
73.32,70.85,SVM,Bert: bert-base-uncased / STATIC_AVG,person
79.95,74.23,MLPClassifier,Bert: bert-base-uncased / STATIC_AVG,person
73.58,60.54,XGboost,Bert: bert-base-uncased / STATIC_AVG,person
66.96,63.25,Reg_Logistica,BERTweet_base_transformers_STATIC,person
71.07,44.91,Random_Forest,BERTweet_base_transformers_STATIC,person
67.41,65.89,SVM,BERTweet_base_transformers_STATIC,person
77.21,70.61,MLPClassifier,BERTweet_base_transformers_STATIC,person
70.62,54.26,XGboost,BERTweet_base_transformers_STATIC,person
80.44,79.82,Reg_Logistica,TFIDF,Narr-KDML-2012
79.06,77.73,Random_Forest,TFIDF,Narr-KDML-2012
80.36,79.32,SVM,TFIDF,Narr-KDML-2012
81.5,80.42,MLPClassifier,TFIDF,Narr-KDML-2012
77.6,76.49,XGboost,TFIDF,Narr-KDML-2012
85.33,84.88,Reg_Logistica,Roberta: roberta-base / STATIC_AVG,Narr-KDML-2012
74.83,70.72,Random_Forest,Roberta: roberta-base / STATIC_AVG,Narr-KDML-2012
87.21,86.82,SVM,Roberta: roberta-base / STATIC_AVG,Narr-KDML-2012
86.88,86.22,MLPClassifier,Roberta: roberta-base / STATIC_AVG,Narr-KDML-2012
80.53,79.11,XGboost,Roberta: roberta-base / STATIC_AVG,Narr-KDML-2012
77.59,77.14,Reg_Logistica,Bert: bert-base-uncased / STATIC_AVG,Narr-KDML-2012
73.51,68.73,Random_Forest,Bert: bert-base-uncased / STATIC_AVG,Narr-KDML-2012
83.46,82.93,SVM,Bert: bert-base-uncased / STATIC_AVG,Narr-KDML-2012
85.09,84.29,MLPClassifier,Bert: bert-base-uncased / STATIC_AVG,Narr-KDML-2012
80.44,78.8,XGboost,Bert: bert-base-uncased / STATIC_AVG,Narr-KDML-2012
73.36,72.84,Reg_Logistica,BERTweet_base_transformers_STATIC,Narr-KDML-2012
71.48,65.43,Random_Forest,BERTweet_base_transformers_STATIC,Narr-KDML-2012
79.79,79.3,SVM,BERTweet_base_transformers_STATIC,Narr-KDML-2012
82.89,82.11,MLPClassifier,BERTweet_base_transformers_STATIC,Narr-KDML-2012
75.88,73.77,XGboost,BERTweet_base_transformers_STATIC,Narr-KDML-2012
81.63,81.61,Reg_Logistica,TFIDF,Target-dependent
80.39,80.38,Random_Forest,TFIDF,Target-dependent
82.35,82.33,SVM,TFIDF,Target-dependent
78.2,78.18,MLPClassifier,TFIDF,Target-dependent
79.98,79.97,XGboost,TFIDF,Target-dependent
83.07,83.06,Reg_Logistica,Roberta: roberta-base / STATIC_AVG,Target-dependent
76.38,76.35,Random_Forest,Roberta: roberta-base / STATIC_AVG,Target-dependent
84.42,84.42,SVM,Roberta: roberta-base / STATIC_AVG,Target-dependent
81.63,81.62,MLPClassifier,Roberta: roberta-base / STATIC_AVG,Target-dependent
78.91,78.9,XGboost,Roberta: roberta-base / STATIC_AVG,Target-dependent
76.92,76.9,Reg_Logistica,Bert: bert-base-uncased / STATIC_AVG,Target-dependent
74.73,74.71,Random_Forest,Bert: bert-base-uncased / STATIC_AVG,Target-dependent
83.44,83.43,SVM,Bert: bert-base-uncased / STATIC_AVG,Target-dependent
79.9,79.86,MLPClassifier,Bert: bert-base-uncased / STATIC_AVG,Target-dependent
78.31,78.29,XGboost,Bert: bert-base-uncased / STATIC_AVG,Target-dependent
72.71,72.68,Reg_Logistica,BERTweet_base_transformers_STATIC,Target-dependent
71.04,71.01,Random_Forest,BERTweet_base_transformers_STATIC,Target-dependent
79.78,79.74,SVM,BERTweet_base_transformers_STATIC,Target-dependent
79.29,79.28,MLPClassifier,BERTweet_base_transformers_STATIC,Target-dependent
76.67,76.65,XGboost,BERTweet_base_transformers_STATIC,Target-dependent
78.73,74.35,Reg_Logistica,TFIDF,SemEval13
77.27,61.64,Random_Forest,TFIDF,SemEval13
80.52,72.24,SVM,TFIDF,SemEval13
79.69,72.7,MLPClassifier,TFIDF,SemEval13
78.8,68.47,XGboost,TFIDF,SemEval13
81.18,78.35,Reg_Logistica,Roberta: roberta-base / STATIC_AVG,SemEval13
74.44,48.99,Random_Forest,Roberta: roberta-base / STATIC_AVG,SemEval13
83.51,80.28,SVM,Roberta: roberta-base / STATIC_AVG,SemEval13
83.67,79.21,MLPClassifier,Roberta: roberta-base / STATIC_AVG,SemEval13
79.79,69.77,XGboost,Roberta: roberta-base / STATIC_AVG,SemEval13
72.77,70.19,Reg_Logistica,Bert: bert-base-uncased / STATIC_AVG,SemEval13
74.44,49.83,Random_Forest,Bert: bert-base-uncased / STATIC_AVG,SemEval13
81.59,78.67,SVM,Bert: bert-base-uncased / STATIC_AVG,SemEval13
82.32,77.76,MLPClassifier,Bert: bert-base-uncased / STATIC_AVG,SemEval13
79.19,68.52,XGboost,Bert: bert-base-uncased / STATIC_AVG,SemEval13
70.74,67.95,Reg_Logistica,BERTweet_base_transformers_STATIC,SemEval13
73.69,46.17,Random_Forest,BERTweet_base_transformers_STATIC,SemEval13
77.02,73.97,SVM,BERTweet_base_transformers_STATIC,SemEval13
81.36,76.69,MLPClassifier,BERTweet_base_transformers_STATIC,SemEval13
77.23,63.52,XGboost,BERTweet_base_transformers_STATIC,SemEval13
78.09,73.37,Reg_Logistica,TFIDF,HCR
78.83,66.45,Random_Forest,TFIDF,HCR
80.24,72.16,SVM,TFIDF,HCR
76.94,70.34,MLPClassifier,TFIDF,HCR
78.93,71.02,XGboost,TFIDF,HCR
74.73,71.62,Reg_Logistica,Roberta: roberta-base / STATIC_AVG,HCR
74.42,52.57,Random_Forest,Roberta: roberta-base / STATIC_AVG,HCR
78.3,74.52,SVM,Roberta: roberta-base / STATIC_AVG,HCR
76.52,71.0,MLPClassifier,Roberta: roberta-base / STATIC_AVG,HCR
78.62,68.94,XGboost,Roberta: roberta-base / STATIC_AVG,HCR
65.2,62.42,Reg_Logistica,Bert: bert-base-uncased / STATIC_AVG,HCR
75.16,55.54,Random_Forest,Bert: bert-base-uncased / STATIC_AVG,HCR
76.36,72.94,SVM,Bert: bert-base-uncased / STATIC_AVG,HCR
79.09,72.16,MLPClassifier,Bert: bert-base-uncased / STATIC_AVG,HCR
77.72,67.54,XGboost,Bert: bert-base-uncased / STATIC_AVG,HCR
66.09,63.4,Reg_Logistica,BERTweet_base_transformers_STATIC,HCR
73.11,48.39,Random_Forest,BERTweet_base_transformers_STATIC,HCR
73.22,69.71,SVM,BERTweet_base_transformers_STATIC,HCR
75.68,70.08,MLPClassifier,BERTweet_base_transformers_STATIC,HCR
76.26,63.32,XGboost,BERTweet_base_transformers_STATIC,HCR
57.86,36.27,Reg_Logistica,TFIDF,irony
66.19,39.77,Random_Forest,TFIDF,irony
64.52,39.11,SVM,TFIDF,irony
51.9,35.43,MLPClassifier,TFIDF,irony
42.38,30.21,XGboost,TFIDF,irony
60.95,54.88,Reg_Logistica,Roberta: roberta-base / STATIC_AVG,irony
66.19,39.77,Random_Forest,Roberta: roberta-base / STATIC_AVG,irony
70.48,61.16,SVM,Roberta: roberta-base / STATIC_AVG,irony
70.71,60.8,MLPClassifier,Roberta: roberta-base / STATIC_AVG,irony
57.14,39.42,XGboost,Roberta: roberta-base / STATIC_AVG,irony
60.95,56.53,Reg_Logistica,Bert: bert-base-uncased / STATIC_AVG,irony
64.76,39.24,Random_Forest,Bert: bert-base-uncased / STATIC_AVG,irony
60.24,54.84,SVM,Bert: bert-base-uncased / STATIC_AVG,irony
65.95,54.29,MLPClassifier,Bert: bert-base-uncased / STATIC_AVG,irony
66.67,53.86,XGboost,Bert: bert-base-uncased / STATIC_AVG,irony
47.62,41.83,Reg_Logistica,BERTweet_base_transformers_STATIC,irony
66.19,39.77,Random_Forest,BERTweet_base_transformers_STATIC,irony
44.29,39.6,SVM,BERTweet_base_transformers_STATIC,irony
66.19,51.78,MLPClassifier,BERTweet_base_transformers_STATIC,irony
69.29,53.85,XGboost,BERTweet_base_transformers_STATIC,irony
73.7,72.77,Reg_Logistica,TFIDF,ntua
69.75,66.35,Random_Forest,TFIDF,ntua
74.4,71.55,SVM,TFIDF,ntua
75.87,74.95,MLPClassifier,TFIDF,ntua
62.61,60.93,XGboost,TFIDF,ntua
89.58,89.18,Reg_Logistica,Roberta: roberta-base / STATIC_AVG,ntua
83.07,81.84,Random_Forest,Roberta: roberta-base / STATIC_AVG,ntua
89.91,89.42,SVM,Roberta: roberta-base / STATIC_AVG,ntua
89.18,88.85,MLPClassifier,Roberta: roberta-base / STATIC_AVG,ntua
84.89,84.41,XGboost,Roberta: roberta-base / STATIC_AVG,ntua
73.74,73.46,Reg_Logistica,Bert: bert-base-uncased / STATIC_AVG,ntua
74.1,72.22,Random_Forest,Bert: bert-base-uncased / STATIC_AVG,ntua
83.47,83.15,SVM,Bert: bert-base-uncased / STATIC_AVG,ntua
88.15,87.87,MLPClassifier,Bert: bert-base-uncased / STATIC_AVG,ntua
76.59,75.17,XGboost,Bert: bert-base-uncased / STATIC_AVG,ntua
68.4,68.02,Reg_Logistica,BERTweet_base_transformers_STATIC,ntua
76.96,74.31,Random_Forest,BERTweet_base_transformers_STATIC,ntua
80.2,79.63,SVM,BERTweet_base_transformers_STATIC,ntua
91.32,91.08,MLPClassifier,BERTweet_base_transformers_STATIC,ntua
75.54,73.87,XGboost,BERTweet_base_transformers_STATIC,ntua
80.2,80.1,Reg_Logistica,TFIDF,sentiment140
77.41,76.92,Random_Forest,TFIDF,sentiment140
81.59,81.46,SVM,TFIDF,sentiment140
79.92,79.81,MLPClassifier,TFIDF,sentiment140
69.09,68.8,XGboost,TFIDF,sentiment140
83.0,82.92,Reg_Logistica,Roberta: roberta-base / STATIC_AVG,sentiment140
79.95,79.87,Random_Forest,Roberta: roberta-base / STATIC_AVG,sentiment140
84.94,84.87,SVM,Roberta: roberta-base / STATIC_AVG,sentiment140
83.27,83.22,MLPClassifier,Roberta: roberta-base / STATIC_AVG,sentiment140
79.95,79.87,XGboost,Roberta: roberta-base / STATIC_AVG,sentiment140
76.06,75.95,Reg_Logistica,Bert: bert-base-uncased / STATIC_AVG,sentiment140
74.65,74.52,Random_Forest,Bert: bert-base-uncased / STATIC_AVG,sentiment140
81.06,80.96,SVM,Bert: bert-base-uncased / STATIC_AVG,sentiment140
85.48,85.46,MLPClassifier,Bert: bert-base-uncased / STATIC_AVG,sentiment140
74.11,73.94,XGboost,Bert: bert-base-uncased / STATIC_AVG,sentiment140
69.34,69.12,Reg_Logistica,BERTweet_base_transformers_STATIC,sentiment140
71.85,71.72,Random_Forest,BERTweet_base_transformers_STATIC,sentiment140
72.16,72.07,SVM,BERTweet_base_transformers_STATIC,sentiment140
75.78,75.68,MLPClassifier,BERTweet_base_transformers_STATIC,sentiment140
67.68,67.55,XGboost,BERTweet_base_transformers_STATIC,sentiment140
90.35,75.63,Reg_Logistica,TFIDF,SemEval15-Task11
88.78,66.89,Random_Forest,TFIDF,SemEval15-Task11
87.23,58.51,SVM,TFIDF,SemEval15-Task11
86.91,59.82,MLPClassifier,TFIDF,SemEval15-Task11
88.78,72.27,XGboost,TFIDF,SemEval15-Task11
86.91,75.17,Reg_Logistica,Roberta: roberta-base / STATIC_AVG,SemEval15-Task11
85.36,46.05,Random_Forest,Roberta: roberta-base / STATIC_AVG,SemEval15-Task11
90.34,78.48,SVM,Roberta: roberta-base / STATIC_AVG,SemEval15-Task11
88.16,69.86,MLPClassifier,Roberta: roberta-base / STATIC_AVG,SemEval15-Task11
86.3,57.04,XGboost,Roberta: roberta-base / STATIC_AVG,SemEval15-Task11
84.72,72.61,Reg_Logistica,Bert: bert-base-uncased / STATIC_AVG,SemEval15-Task11
85.36,46.05,Random_Forest,Bert: bert-base-uncased / STATIC_AVG,SemEval15-Task11
89.72,77.04,SVM,Bert: bert-base-uncased / STATIC_AVG,SemEval15-Task11
89.73,74.74,MLPClassifier,Bert: bert-base-uncased / STATIC_AVG,SemEval15-Task11
86.92,62.95,XGboost,Bert: bert-base-uncased / STATIC_AVG,SemEval15-Task11
79.12,66.07,Reg_Logistica,BERTweet_base_transformers_STATIC,SemEval15-Task11
85.36,46.05,Random_Forest,BERTweet_base_transformers_STATIC,SemEval15-Task11
84.73,71.61,SVM,BERTweet_base_transformers_STATIC,SemEval15-Task11
89.41,72.35,MLPClassifier,BERTweet_base_transformers_STATIC,SemEval15-Task11
85.98,55.91,XGboost,BERTweet_base_transformers_STATIC,SemEval15-Task11
84.31,70.61,Reg_Logistica,TFIDF,movie
83.42,53.21,Random_Forest,TFIDF,movie
84.67,58.15,SVM,TFIDF,movie
84.85,67.52,MLPClassifier,TFIDF,movie
83.79,64.42,XGboost,TFIDF,movie
82.18,73.49,Reg_Logistica,Roberta: roberta-base / STATIC_AVG,movie
82.0,45.05,Random_Forest,Roberta: roberta-base / STATIC_AVG,movie
85.38,73.86,SVM,Roberta: roberta-base / STATIC_AVG,movie
86.63,75.48,MLPClassifier,Roberta: roberta-base / STATIC_AVG,movie
85.21,63.63,XGboost,Roberta: roberta-base / STATIC_AVG,movie
75.24,65.78,Reg_Logistica,Bert: bert-base-uncased / STATIC_AVG,movie
82.0,45.05,Random_Forest,Bert: bert-base-uncased / STATIC_AVG,movie
83.96,73.72,SVM,Bert: bert-base-uncased / STATIC_AVG,movie
86.99,75.55,MLPClassifier,Bert: bert-base-uncased / STATIC_AVG,movie
83.6,54.96,XGboost,Bert: bert-base-uncased / STATIC_AVG,movie
69.54,59.92,Reg_Logistica,BERTweet_base_transformers_STATIC,movie
82.0,45.05,Random_Forest,BERTweet_base_transformers_STATIC,movie
77.02,66.39,SVM,BERTweet_base_transformers_STATIC,movie
84.31,69.59,MLPClassifier,BERTweet_base_transformers_STATIC,movie
81.82,51.16,XGboost,BERTweet_base_transformers_STATIC,movie
84.18,81.04,Reg_Logistica,TFIDF,SemEval16
81.32,71.8,Random_Forest,TFIDF,SemEval16
85.85,81.68,SVM,TFIDF,SemEval16
83.95,78.95,MLPClassifier,TFIDF,SemEval16
83.47,76.43,XGboost,TFIDF,SemEval16
84.59,81.77,Reg_Logistica,Roberta: roberta-base / STATIC_AVG,SemEval16
76.62,57.24,Random_Forest,Roberta: roberta-base / STATIC_AVG,SemEval16
86.03,83.22,SVM,Roberta: roberta-base / STATIC_AVG,SemEval16
85.34,81.53,MLPClassifier,Roberta: roberta-base / STATIC_AVG,SemEval16
83.45,76.59,XGboost,Roberta: roberta-base / STATIC_AVG,SemEval16
79.54,76.55,Reg_Logistica,Bert: bert-base-uncased / STATIC_AVG,SemEval16
76.32,56.51,Random_Forest,Bert: bert-base-uncased / STATIC_AVG,SemEval16
85.27,82.48,SVM,Bert: bert-base-uncased / STATIC_AVG,SemEval16
84.27,80.12,MLPClassifier,Bert: bert-base-uncased / STATIC_AVG,SemEval16
82.33,75.1,XGboost,Bert: bert-base-uncased / STATIC_AVG,SemEval16
75.56,72.41,Reg_Logistica,BERTweet_base_transformers_STATIC,SemEval16
73.84,46.9,Random_Forest,BERTweet_base_transformers_STATIC,SemEval16
81.46,78.44,SVM,BERTweet_base_transformers_STATIC,SemEval16
84.07,79.78,MLPClassifier,BERTweet_base_transformers_STATIC,SemEval16
79.64,69.86,XGboost,BERTweet_base_transformers_STATIC,SemEval16
76.31,72.07,Reg_Logistica,TFIDF,iphone
78.39,67.98,Random_Forest,TFIDF,iphone
80.07,71.55,SVM,TFIDF,iphone
78.94,73.46,MLPClassifier,TFIDF,iphone
73.3,65.9,XGboost,TFIDF,iphone
77.64,75.56,Reg_Logistica,Roberta: roberta-base / STATIC_AVG,iphone
78.2,68.18,Random_Forest,Roberta: roberta-base / STATIC_AVG,iphone
80.08,78.0,SVM,Roberta: roberta-base / STATIC_AVG,iphone
81.94,78.37,MLPClassifier,Roberta: roberta-base / STATIC_AVG,iphone
79.32,72.93,XGboost,Roberta: roberta-base / STATIC_AVG,iphone
69.36,68.06,Reg_Logistica,Bert: bert-base-uncased / STATIC_AVG,iphone
77.08,66.01,Random_Forest,Bert: bert-base-uncased / STATIC_AVG,iphone
79.33,77.34,SVM,Bert: bert-base-uncased / STATIC_AVG,iphone
81.75,78.03,MLPClassifier,Bert: bert-base-uncased / STATIC_AVG,iphone
77.82,70.45,XGboost,Bert: bert-base-uncased / STATIC_AVG,iphone
69.18,67.73,Reg_Logistica,BERTweet_base_transformers_STATIC,iphone
75.73,63.16,Random_Forest,BERTweet_base_transformers_STATIC,iphone
74.64,72.92,SVM,BERTweet_base_transformers_STATIC,iphone
81.95,77.62,MLPClassifier,BERTweet_base_transformers_STATIC,iphone
79.32,72.56,XGboost,BERTweet_base_transformers_STATIC,iphone
86.5,86.11,Reg_Logistica,TFIDF,archeage
84.51,84.02,Random_Forest,TFIDF,archeage
87.54,87.11,SVM,TFIDF,archeage
85.68,85.22,MLPClassifier,TFIDF,archeage
83.99,83.56,XGboost,TFIDF,archeage
86.61,86.26,Reg_Logistica,Roberta: roberta-base / STATIC_AVG,archeage
81.32,80.23,Random_Forest,Roberta: roberta-base / STATIC_AVG,archeage
87.25,87.02,SVM,Roberta: roberta-base / STATIC_AVG,archeage
87.6,87.29,MLPClassifier,Roberta: roberta-base / STATIC_AVG,archeage
85.39,84.86,XGboost,Roberta: roberta-base / STATIC_AVG,archeage
77.24,76.66,Reg_Logistica,Bert: bert-base-uncased / STATIC_AVG,archeage
80.03,78.64,Random_Forest,Bert: bert-base-uncased / STATIC_AVG,archeage
86.61,86.37,SVM,Bert: bert-base-uncased / STATIC_AVG,archeage
85.8,85.41,MLPClassifier,Bert: bert-base-uncased / STATIC_AVG,archeage
82.71,82.02,XGboost,Bert: bert-base-uncased / STATIC_AVG,archeage
78.41,77.73,Reg_Logistica,BERTweet_base_transformers_STATIC,archeage
80.15,78.71,Random_Forest,BERTweet_base_transformers_STATIC,archeage
84.46,84.16,SVM,BERTweet_base_transformers_STATIC,archeage
86.27,85.94,MLPClassifier,BERTweet_base_transformers_STATIC,archeage
83.53,82.88,XGboost,BERTweet_base_transformers_STATIC,archeage
87.14,86.32,Reg_Logistica,TFIDF,SemEval17-test
83.76,82.1,Random_Forest,TFIDF,SemEval17-test
87.95,86.9,SVM,TFIDF,SemEval17-test
85.66,84.6,MLPClassifier,TFIDF,SemEval17-test
85.19,83.79,XGboost,TFIDF,SemEval17-test
87.9,87.23,Reg_Logistica,Roberta: roberta-base / STATIC_AVG,SemEval17-test
78.73,74.78,Random_Forest,Roberta: roberta-base / STATIC_AVG,SemEval17-test
89.03,88.36,SVM,Roberta: roberta-base / STATIC_AVG,SemEval17-test
87.73,86.85,MLPClassifier,Roberta: roberta-base / STATIC_AVG,SemEval17-test
85.46,84.08,XGboost,Roberta: roberta-base / STATIC_AVG,SemEval17-test
82.87,81.94,Reg_Logistica,Bert: bert-base-uncased / STATIC_AVG,SemEval17-test
77.85,73.14,Random_Forest,Bert: bert-base-uncased / STATIC_AVG,SemEval17-test
88.47,87.75,SVM,Bert: bert-base-uncased / STATIC_AVG,SemEval17-test
86.18,85.26,MLPClassifier,Bert: bert-base-uncased / STATIC_AVG,SemEval17-test
85.28,83.81,XGboost,Bert: bert-base-uncased / STATIC_AVG,SemEval17-test
81.44,80.36,Reg_Logistica,BERTweet_base_transformers_STATIC,SemEval17-test
73.34,66.2,Random_Forest,BERTweet_base_transformers_STATIC,SemEval17-test
86.07,85.2,SVM,BERTweet_base_transformers_STATIC,SemEval17-test
86.18,85.29,MLPClassifier,BERTweet_base_transformers_STATIC,SemEval17-test
81.38,79.23,XGboost,BERTweet_base_transformers_STATIC,SemEval17-test
78.59,77.02,Reg_Logistica,TFIDF,debate08
76.7,72.6,Random_Forest,TFIDF,debate08
79.22,76.57,SVM,TFIDF,debate08
77.07,75.24,MLPClassifier,TFIDF,debate08
75.5,72.54,XGboost,TFIDF,debate08
81.48,80.28,Reg_Logistica,Roberta: roberta-base / STATIC_AVG,debate08
75.71,69.72,Random_Forest,Roberta: roberta-base / STATIC_AVG,debate08
84.99,83.75,SVM,Roberta: roberta-base / STATIC_AVG,debate08
84.1,82.85,MLPClassifier,Roberta: roberta-base / STATIC_AVG,debate08
80.38,77.77,XGboost,Roberta: roberta-base / STATIC_AVG,debate08
73.55,71.78,Reg_Logistica,Bert: bert-base-uncased / STATIC_AVG,debate08
76.28,70.04,Random_Forest,Bert: bert-base-uncased / STATIC_AVG,debate08
84.15,82.7,SVM,Bert: bert-base-uncased / STATIC_AVG,debate08
82.42,80.85,MLPClassifier,Bert: bert-base-uncased / STATIC_AVG,debate08
80.17,77.39,XGboost,Bert: bert-base-uncased / STATIC_AVG,debate08
74.76,72.39,Reg_Logistica,BERTweet_base_transformers_STATIC,debate08
76.55,70.52,Random_Forest,BERTweet_base_transformers_STATIC,debate08
82.37,80.54,SVM,BERTweet_base_transformers_STATIC,debate08
79.12,77.71,MLPClassifier,BERTweet_base_transformers_STATIC,debate08
79.33,76.33,XGboost,BERTweet_base_transformers_STATIC,debate08
82.3,82.03,Reg_Logistica,TFIDF,SemEval18
78.43,77.59,Random_Forest,TFIDF,SemEval18
82.09,81.55,SVM,TFIDF,SemEval18
81.33,81.18,MLPClassifier,TFIDF,SemEval18
80.42,79.92,XGboost,TFIDF,SemEval18
84.78,84.67,Reg_Logistica,Roberta: roberta-base / STATIC_AVG,SemEval18
74.61,73.85,Random_Forest,Roberta: roberta-base / STATIC_AVG,SemEval18
86.5,86.4,SVM,Roberta: roberta-base / STATIC_AVG,SemEval18
84.99,84.93,MLPClassifier,Roberta: roberta-base / STATIC_AVG,SemEval18
79.56,79.29,XGboost,Roberta: roberta-base / STATIC_AVG,SemEval18
75.53,75.22,Reg_Logistica,Bert: bert-base-uncased / STATIC_AVG,SemEval18
73.16,72.09,Random_Forest,Bert: bert-base-uncased / STATIC_AVG,SemEval18
84.56,84.44,SVM,Bert: bert-base-uncased / STATIC_AVG,SemEval18
83.16,83.1,MLPClassifier,Bert: bert-base-uncased / STATIC_AVG,SemEval18
77.3,77.02,XGboost,Bert: bert-base-uncased / STATIC_AVG,SemEval18
74.56,74.22,Reg_Logistica,BERTweet_base_transformers_STATIC,SemEval18
69.72,68.06,Random_Forest,BERTweet_base_transformers_STATIC,SemEval18
79.02,78.75,SVM,BERTweet_base_transformers_STATIC,SemEval18
79.93,79.8,MLPClassifier,BERTweet_base_transformers_STATIC,SemEval18
74.77,74.33,XGboost,BERTweet_base_transformers_STATIC,SemEval18
83.65,81.18,Reg_Logistica,TFIDF,VADER
80.22,73.42,Random_Forest,TFIDF,VADER
83.27,78.48,SVM,TFIDF,VADER
82.84,79.28,MLPClassifier,TFIDF,VADER
81.63,75.91,XGboost,TFIDF,VADER
88.89,87.43,Reg_Logistica,Roberta: roberta-base / STATIC_AVG,VADER
75.12,59.73,Random_Forest,Roberta: roberta-base / STATIC_AVG,VADER
89.3,87.77,SVM,Roberta: roberta-base / STATIC_AVG,VADER
88.63,86.57,MLPClassifier,Roberta: roberta-base / STATIC_AVG,VADER
83.72,79.0,XGboost,Roberta: roberta-base / STATIC_AVG,VADER
80.39,78.28,Reg_Logistica,Bert: bert-base-uncased / STATIC_AVG,VADER
74.36,57.99,Random_Forest,Bert: bert-base-uncased / STATIC_AVG,VADER
87.51,85.76,SVM,Bert: bert-base-uncased / STATIC_AVG,VADER
87.54,85.45,MLPClassifier,Bert: bert-base-uncased / STATIC_AVG,VADER
81.7,76.04,XGboost,Bert: bert-base-uncased / STATIC_AVG,VADER
75.69,73.45,Reg_Logistica,BERTweet_base_transformers_STATIC,VADER
72.05,50.72,Random_Forest,BERTweet_base_transformers_STATIC,VADER
81.53,79.44,SVM,BERTweet_base_transformers_STATIC,VADER
85.65,83.17,MLPClassifier,BERTweet_base_transformers_STATIC,VADER
77.5,69.48,XGboost,BERTweet_base_transformers_STATIC,VADER
91.37,90.2,Reg_Logistica,TFIDF,hobbit
92.91,91.91,Random_Forest,TFIDF,hobbit
93.29,91.73,SVM,TFIDF,hobbit
87.17,84.17,MLPClassifier,TFIDF,hobbit
92.71,91.77,XGboost,TFIDF,hobbit
90.79,89.96,Reg_Logistica,Roberta: roberta-base / STATIC_AVG,hobbit
80.85,72.7,Random_Forest,Roberta: roberta-base / STATIC_AVG,hobbit
93.1,92.29,SVM,Roberta: roberta-base / STATIC_AVG,hobbit
94.44,93.59,MLPClassifier,Roberta: roberta-base / STATIC_AVG,hobbit
85.82,82.79,XGboost,Roberta: roberta-base / STATIC_AVG,hobbit
80.82,79.66,Reg_Logistica,Bert: bert-base-uncased / STATIC_AVG,hobbit
79.31,70.73,Random_Forest,Bert: bert-base-uncased / STATIC_AVG,hobbit
91.75,90.92,SVM,Bert: bert-base-uncased / STATIC_AVG,hobbit
94.82,94.08,MLPClassifier,Bert: bert-base-uncased / STATIC_AVG,hobbit
87.73,85.24,XGboost,Bert: bert-base-uncased / STATIC_AVG,hobbit
76.04,74.72,Reg_Logistica,BERTweet_base_transformers_STATIC,hobbit
79.31,69.69,Random_Forest,BERTweet_base_transformers_STATIC,hobbit
88.69,87.65,SVM,BERTweet_base_transformers_STATIC,hobbit
92.34,91.1,MLPClassifier,BERTweet_base_transformers_STATIC,hobbit
84.86,81.74,XGboost,BERTweet_base_transformers_STATIC,hobbit
81.86,81.58,Reg_Logistica,TFIDF,sanders
79.57,79.19,Random_Forest,TFIDF,sanders
83.33,82.99,SVM,TFIDF,sanders
84.47,84.35,MLPClassifier,TFIDF,sanders
77.86,77.56,XGboost,TFIDF,sanders
80.39,80.08,Reg_Logistica,Roberta: roberta-base / STATIC_AVG,sanders
74.19,73.38,Random_Forest,Roberta: roberta-base / STATIC_AVG,sanders
83.41,83.25,SVM,Roberta: roberta-base / STATIC_AVG,sanders
82.68,82.56,MLPClassifier,Roberta: roberta-base / STATIC_AVG,sanders
80.07,79.83,XGboost,Roberta: roberta-base / STATIC_AVG,sanders
70.19,69.61,Reg_Logistica,Bert: bert-base-uncased / STATIC_AVG,sanders
74.76,74.09,Random_Forest,Bert: bert-base-uncased / STATIC_AVG,sanders
81.37,81.2,SVM,Bert: bert-base-uncased / STATIC_AVG,sanders
82.35,82.17,MLPClassifier,Bert: bert-base-uncased / STATIC_AVG,sanders
79.9,79.62,XGboost,Bert: bert-base-uncased / STATIC_AVG,sanders
69.94,69.27,Reg_Logistica,BERTweet_base_transformers_STATIC,sanders
75.49,74.77,Random_Forest,BERTweet_base_transformers_STATIC,sanders
78.03,77.57,SVM,BERTweet_base_transformers_STATIC,sanders
82.1,82.01,MLPClassifier,BERTweet_base_transformers_STATIC,sanders
76.15,75.79,XGboost,BERTweet_base_transformers_STATIC,sanders
54.64,50.32,Reg_Logistica,TFIDF,sarcasm
60.54,56.33,Random_Forest,TFIDF,sarcasm
54.64,51.68,SVM,TFIDF,sarcasm
50.54,47.63,MLPClassifier,TFIDF,sarcasm
51.96,49.32,XGboost,TFIDF,sarcasm
54.82,52.87,Reg_Logistica,Roberta: roberta-base / STATIC_AVG,sarcasm
50.71,43.03,Random_Forest,Roberta: roberta-base / STATIC_AVG,sarcasm
57.5,52.61,SVM,Roberta: roberta-base / STATIC_AVG,sarcasm
54.82,51.78,MLPClassifier,Roberta: roberta-base / STATIC_AVG,sarcasm
51.79,50.19,XGboost,Roberta: roberta-base / STATIC_AVG,sarcasm
67.68,66.16,Reg_Logistica,Bert: bert-base-uncased / STATIC_AVG,sarcasm
64.64,59.4,Random_Forest,Bert: bert-base-uncased / STATIC_AVG,sarcasm
70.54,69.29,SVM,Bert: bert-base-uncased / STATIC_AVG,sarcasm
64.82,59.87,MLPClassifier,Bert: bert-base-uncased / STATIC_AVG,sarcasm
58.93,53.87,XGboost,Bert: bert-base-uncased / STATIC_AVG,sarcasm
57.68,56.63,Reg_Logistica,BERTweet_base_transformers_STATIC,sarcasm
60.54,56.72,Random_Forest,BERTweet_base_transformers_STATIC,sarcasm
60.54,57.74,SVM,BERTweet_base_transformers_STATIC,sarcasm
54.82,52.87,MLPClassifier,BERTweet_base_transformers_STATIC,sarcasm
56.43,52.32,XGboost,BERTweet_base_transformers_STATIC,sarcasm
