accuracy,f1_macro,Classifier_Model,Embedding,Data_Set
64.11,60.6,Reg_Logistica,W2VEdin,STS-gold
69.42,54.26,Random_Forest,W2VEdin,STS-gold
69.37,64.68,SVM,W2VEdin,STS-gold
69.86,61.99,MLPClassifier,W2VEdin,STS-gold
0.0,0.0,XGboost,W2VEdin,STS-gold
86.18,84.47,Reg_Logistica,W2VAraque,STS-gold
79.01,69.77,Random_Forest,W2VAraque,STS-gold
86.92,84.95,SVM,W2VAraque,STS-gold
86.09,83.66,MLPClassifier,W2VAraque,STS-gold
0.0,0.0,XGboost,W2VAraque,STS-gold
83.48,81.63,Reg_Logistica,GloveWP,STS-gold
76.45,63.93,Random_Forest,GloveWP,STS-gold
83.19,81.29,SVM,GloveWP,STS-gold
84.17,81.28,MLPClassifier,GloveWP,STS-gold
0.0,0.0,XGboost,GloveWP,STS-gold
66.67,60.36,Reg_Logistica,GloveTW,STS-gold
63.76,53.65,Random_Forest,GloveTW,STS-gold
68.34,61.27,SVM,GloveTW,STS-gold
69.71,56.06,MLPClassifier,GloveTW,STS-gold
0.0,0.0,XGboost,GloveTW,STS-gold
84.12,82.17,Reg_Logistica,FastText,STS-gold
76.06,63.03,Random_Forest,FastText,STS-gold
85.74,83.99,SVM,FastText,STS-gold
87.07,84.75,MLPClassifier,FastText,STS-gold
0.0,0.0,XGboost,FastText,STS-gold
71.78,69.53,Reg_Logistica,SSWE,STS-gold
73.89,63.19,Random_Forest,SSWE,STS-gold
71.53,69.27,SVM,SSWE,STS-gold
70.55,65.03,MLPClassifier,SSWE,STS-gold
0.0,0.0,XGboost,SSWE,STS-gold
85.4,83.67,Reg_Logistica,Emo2Vec,STS-gold
86.58,83.33,Random_Forest,Emo2Vec,STS-gold
86.23,84.56,SVM,Emo2Vec,STS-gold
85.01,82.31,MLPClassifier,Emo2Vec,STS-gold
0.0,0.0,XGboost,Emo2Vec,STS-gold
87.56,85.95,Reg_Logistica,DeepMoji,STS-gold
80.43,71.73,Random_Forest,DeepMoji,STS-gold
88.84,87.24,SVM,DeepMoji,STS-gold
88.0,85.84,MLPClassifier,DeepMoji,STS-gold
0.0,0.0,XGboost,DeepMoji,STS-gold
86.09,84.38,Reg_Logistica,EWE,STS-gold
77.58,65.98,Random_Forest,EWE,STS-gold
84.71,82.93,SVM,EWE,STS-gold
86.88,84.46,MLPClassifier,EWE,STS-gold
0.0,0.0,XGboost,EWE,STS-gold
85.25,83.57,Reg_Logistica,W2V-GN,STS-gold
76.94,64.55,Random_Forest,W2V-GN,STS-gold
85.94,84.12,SVM,W2V-GN,STS-gold
85.75,82.97,MLPClassifier,W2V-GN,STS-gold
0.0,0.0,XGboost,W2V-GN,STS-gold
84.42,81.73,Reg_Logistica,TFIDF,STS-gold
80.53,73.41,Random_Forest,TFIDF,STS-gold
83.97,79.56,SVM,TFIDF,STS-gold
84.51,81.18,MLPClassifier,TFIDF,STS-gold
81.61,76.91,XGboost,TFIDF,STS-gold
85.79,84.05,Reg_Logistica,Roberta: roberta-base / STATIC_AVG,STS-gold
74.04,57.3,Random_Forest,Roberta: roberta-base / STATIC_AVG,STS-gold
87.86,85.95,SVM,Roberta: roberta-base / STATIC_AVG,STS-gold
87.56,85.34,MLPClassifier,Roberta: roberta-base / STATIC_AVG,STS-gold
81.32,75.01,XGboost,Roberta: roberta-base / STATIC_AVG,STS-gold
78.81,76.25,Reg_Logistica,Bert: bert-base-uncased / STATIC_AVG,STS-gold
74.34,58.18,Random_Forest,Bert: bert-base-uncased / STATIC_AVG,STS-gold
86.92,84.94,SVM,Bert: bert-base-uncased / STATIC_AVG,STS-gold
87.02,84.87,MLPClassifier,Bert: bert-base-uncased / STATIC_AVG,STS-gold
81.12,75.02,XGboost,Bert: bert-base-uncased / STATIC_AVG,STS-gold
61.84,61.18,Reg_Logistica,W2VEdin,ntua
60.4,57.06,Random_Forest,W2VEdin,ntua
61.46,60.72,SVM,W2VEdin,ntua
65.04,63.96,MLPClassifier,W2VEdin,ntua
0.0,0.0,XGboost,W2VEdin,ntua
73.76,73.25,Reg_Logistica,W2VAraque,ntua
71.51,68.16,Random_Forest,W2VAraque,ntua
77.71,76.72,SVM,W2VAraque,ntua
78.47,77.86,MLPClassifier,W2VAraque,ntua
0.0,0.0,XGboost,W2VAraque,ntua
89.54,89.21,Reg_Logistica,GloveWP,ntua
84.88,83.96,Random_Forest,GloveWP,ntua
88.47,87.81,SVM,GloveWP,ntua
88.47,88.03,MLPClassifier,GloveWP,ntua
0.0,0.0,XGboost,GloveWP,ntua
57.16,56.08,Reg_Logistica,GloveTW,ntua
60.38,58.16,Random_Forest,GloveTW,ntua
56.48,55.8,SVM,GloveTW,ntua
63.23,62.59,MLPClassifier,GloveTW,ntua
0.0,0.0,XGboost,GloveTW,ntua
71.6,71.0,Reg_Logistica,FastText,ntua
70.15,65.49,Random_Forest,FastText,ntua
73.04,72.46,SVM,FastText,ntua
78.1,77.42,MLPClassifier,FastText,ntua
0.0,0.0,XGboost,FastText,ntua
90.28,89.74,Reg_Logistica,SSWE,ntua
88.88,88.23,Random_Forest,SSWE,ntua
89.59,88.8,SVM,SSWE,ntua
86.71,86.32,MLPClassifier,SSWE,ntua
0.0,0.0,XGboost,SSWE,ntua
80.21,79.87,Reg_Logistica,Emo2Vec,ntua
78.03,77.24,Random_Forest,Emo2Vec,ntua
80.56,80.2,SVM,Emo2Vec,ntua
78.78,78.09,MLPClassifier,Emo2Vec,ntua
0.0,0.0,XGboost,Emo2Vec,ntua
92.46,92.27,Reg_Logistica,DeepMoji,ntua
89.91,89.44,Random_Forest,DeepMoji,ntua
92.82,92.66,SVM,DeepMoji,ntua
90.33,90.02,MLPClassifier,DeepMoji,ntua
0.0,0.0,XGboost,DeepMoji,ntua
74.09,73.22,Reg_Logistica,EWE,ntua
68.69,65.26,Random_Forest,EWE,ntua
70.54,70.19,SVM,EWE,ntua
75.19,73.78,MLPClassifier,EWE,ntua
0.0,0.0,XGboost,EWE,ntua
79.52,79.2,Reg_Logistica,W2V-GN,ntua
74.07,71.96,Random_Forest,W2V-GN,ntua
79.15,78.79,SVM,W2V-GN,ntua
79.85,79.28,MLPClassifier,W2V-GN,ntua
0.0,0.0,XGboost,W2V-GN,ntua
73.7,72.77,Reg_Logistica,TFIDF,ntua
69.75,66.35,Random_Forest,TFIDF,ntua
74.4,71.55,SVM,TFIDF,ntua
75.87,74.95,MLPClassifier,TFIDF,ntua
62.61,60.93,XGboost,TFIDF,ntua
89.93,89.57,Reg_Logistica,Roberta: roberta-base / STATIC_AVG,ntua
83.08,81.91,Random_Forest,Roberta: roberta-base / STATIC_AVG,ntua
89.91,89.42,SVM,Roberta: roberta-base / STATIC_AVG,ntua
88.45,88.13,MLPClassifier,Roberta: roberta-base / STATIC_AVG,ntua
82.75,82.05,XGboost,Roberta: roberta-base / STATIC_AVG,ntua
73.74,73.46,Reg_Logistica,Bert: bert-base-uncased / STATIC_AVG,ntua
74.1,72.22,Random_Forest,Bert: bert-base-uncased / STATIC_AVG,ntua
83.47,83.15,SVM,Bert: bert-base-uncased / STATIC_AVG,ntua
88.15,87.87,MLPClassifier,Bert: bert-base-uncased / STATIC_AVG,ntua
76.59,75.17,XGboost,Bert: bert-base-uncased / STATIC_AVG,ntua
56.74,55.52,Reg_Logistica,W2VEdin,VADER
66.18,50.14,Random_Forest,W2VEdin,VADER
57.08,56.03,SVM,W2VEdin,VADER
64.8,56.43,MLPClassifier,W2VEdin,VADER
0.0,0.0,XGboost,W2VEdin,VADER
83.91,82.1,Reg_Logistica,W2VAraque,VADER
78.03,67.23,Random_Forest,W2VAraque,VADER
85.3,83.38,SVM,W2VAraque,VADER
84.32,81.48,MLPClassifier,W2VAraque,VADER
0.0,0.0,XGboost,W2VAraque,VADER
84.87,83.02,Reg_Logistica,GloveWP,VADER
77.34,64.66,Random_Forest,GloveWP,VADER
84.51,82.62,SVM,GloveWP,VADER
85.63,82.94,MLPClassifier,GloveWP,VADER
0.0,0.0,XGboost,GloveWP,VADER
55.77,54.09,Reg_Logistica,GloveTW,VADER
58.13,52.46,Random_Forest,GloveTW,VADER
47.16,46.91,SVM,GloveTW,VADER
67.97,49.91,MLPClassifier,GloveTW,VADER
0.0,0.0,XGboost,GloveTW,VADER
86.13,84.47,Reg_Logistica,FastText,VADER
78.14,66.42,Random_Forest,FastText,VADER
87.01,85.33,SVM,FastText,VADER
85.94,83.42,MLPClassifier,FastText,VADER
0.0,0.0,XGboost,FastText,VADER
72.52,69.86,Reg_Logistica,SSWE,VADER
76.26,68.12,Random_Forest,SSWE,VADER
73.9,70.37,SVM,SSWE,VADER
72.45,67.0,MLPClassifier,SSWE,VADER
0.0,0.0,XGboost,SSWE,VADER
85.53,83.82,Reg_Logistica,Emo2Vec,VADER
86.06,82.82,Random_Forest,Emo2Vec,VADER
85.99,84.33,SVM,Emo2Vec,VADER
83.86,80.94,MLPClassifier,Emo2Vec,VADER
0.0,0.0,XGboost,Emo2Vec,VADER
85.37,83.69,Reg_Logistica,DeepMoji,VADER
80.27,71.97,Random_Forest,DeepMoji,VADER
86.65,85.01,SVM,DeepMoji,VADER
86.3,83.88,MLPClassifier,DeepMoji,VADER
0.0,0.0,XGboost,DeepMoji,VADER
87.32,85.71,Reg_Logistica,EWE,VADER
78.19,67.08,Random_Forest,EWE,VADER
86.44,84.82,SVM,EWE,VADER
86.06,83.4,MLPClassifier,EWE,VADER
0.0,0.0,XGboost,EWE,VADER
87.13,85.52,Reg_Logistica,W2V-GN,VADER
79.57,70.27,Random_Forest,W2V-GN,VADER
88.25,86.68,SVM,W2V-GN,VADER
87.3,85.0,MLPClassifier,W2V-GN,VADER
0.0,0.0,XGboost,W2V-GN,VADER
83.65,81.18,Reg_Logistica,TFIDF,VADER
80.22,73.42,Random_Forest,TFIDF,VADER
83.27,78.48,SVM,TFIDF,VADER
82.84,79.28,MLPClassifier,TFIDF,VADER
81.63,75.91,XGboost,TFIDF,VADER
88.92,87.45,Reg_Logistica,Roberta: roberta-base / STATIC_AVG,VADER
75.19,59.59,Random_Forest,Roberta: roberta-base / STATIC_AVG,VADER
89.32,87.8,SVM,Roberta: roberta-base / STATIC_AVG,VADER
88.89,86.95,MLPClassifier,Roberta: roberta-base / STATIC_AVG,VADER
84.08,79.45,XGboost,Roberta: roberta-base / STATIC_AVG,VADER
80.39,78.28,Reg_Logistica,Bert: bert-base-uncased / STATIC_AVG,VADER
74.36,57.99,Random_Forest,Bert: bert-base-uncased / STATIC_AVG,VADER
87.51,85.76,SVM,Bert: bert-base-uncased / STATIC_AVG,VADER
87.51,85.44,MLPClassifier,Bert: bert-base-uncased / STATIC_AVG,VADER
81.7,76.04,XGboost,Bert: bert-base-uncased / STATIC_AVG,VADER
51.96,50.9,Reg_Logistica,W2VEdin,sarcasm
61.61,60.4,Random_Forest,W2VEdin,sarcasm
59.11,56.9,SVM,W2VEdin,sarcasm
64.46,62.73,MLPClassifier,W2VEdin,sarcasm
0.0,0.0,XGboost,W2VEdin,sarcasm
70.36,68.0,Reg_Logistica,W2VAraque,sarcasm
61.79,56.93,Random_Forest,W2VAraque,sarcasm
71.79,69.97,SVM,W2VAraque,sarcasm
69.11,67.66,MLPClassifier,W2VAraque,sarcasm
0.0,0.0,XGboost,W2VAraque,sarcasm
67.32,66.17,Reg_Logistica,GloveWP,sarcasm
60.36,59.08,Random_Forest,GloveWP,sarcasm
68.75,67.75,SVM,GloveWP,sarcasm
58.93,55.15,MLPClassifier,GloveWP,sarcasm
0.0,0.0,XGboost,GloveWP,sarcasm
39.46,38.19,Reg_Logistica,GloveTW,sarcasm
46.43,44.96,Random_Forest,GloveTW,sarcasm
50.71,49.39,SVM,GloveTW,sarcasm
45.18,43.0,MLPClassifier,GloveTW,sarcasm
0.0,0.0,XGboost,GloveTW,sarcasm
64.46,62.88,Reg_Logistica,FastText,sarcasm
65.89,61.72,Random_Forest,FastText,sarcasm
61.61,60.22,SVM,FastText,sarcasm
60.36,57.69,MLPClassifier,FastText,sarcasm
0.0,0.0,XGboost,FastText,sarcasm
63.39,61.69,Reg_Logistica,SSWE,sarcasm
70.36,68.8,Random_Forest,SSWE,sarcasm
76.25,75.83,SVM,SSWE,sarcasm
66.25,64.47,MLPClassifier,SSWE,sarcasm
0.0,0.0,XGboost,SSWE,sarcasm
74.64,73.32,Reg_Logistica,Emo2Vec,sarcasm
71.79,69.65,Random_Forest,Emo2Vec,sarcasm
74.46,72.61,SVM,Emo2Vec,sarcasm
60.54,60.05,MLPClassifier,Emo2Vec,sarcasm
0.0,0.0,XGboost,Emo2Vec,sarcasm
60.36,57.75,Reg_Logistica,DeepMoji,sarcasm
61.96,57.82,Random_Forest,DeepMoji,sarcasm
63.21,59.74,SVM,DeepMoji,sarcasm
56.25,51.28,MLPClassifier,DeepMoji,sarcasm
0.0,0.0,XGboost,DeepMoji,sarcasm
71.61,70.84,Reg_Logistica,EWE,sarcasm
61.61,58.73,Random_Forest,EWE,sarcasm
68.75,67.55,SVM,EWE,sarcasm
64.82,63.77,MLPClassifier,EWE,sarcasm
0.0,0.0,XGboost,EWE,sarcasm
74.46,74.02,Reg_Logistica,W2V-GN,sarcasm
71.61,68.19,Random_Forest,W2V-GN,sarcasm
68.75,66.0,SVM,W2V-GN,sarcasm
70.36,69.43,MLPClassifier,W2V-GN,sarcasm
0.0,0.0,XGboost,W2V-GN,sarcasm
54.64,50.32,Reg_Logistica,TFIDF,sarcasm
60.54,56.33,Random_Forest,TFIDF,sarcasm
54.64,51.68,SVM,TFIDF,sarcasm
50.54,47.63,MLPClassifier,TFIDF,sarcasm
51.96,49.32,XGboost,TFIDF,sarcasm
56.25,54.23,Reg_Logistica,Roberta: roberta-base / STATIC_AVG,sarcasm
57.86,49.64,Random_Forest,Roberta: roberta-base / STATIC_AVG,sarcasm
56.07,50.28,SVM,Roberta: roberta-base / STATIC_AVG,sarcasm
54.82,51.78,MLPClassifier,Roberta: roberta-base / STATIC_AVG,sarcasm
46.25,43.19,XGboost,Roberta: roberta-base / STATIC_AVG,sarcasm
66.43,64.97,Reg_Logistica,Bert: bert-base-uncased / STATIC_AVG,sarcasm
66.07,62.27,Random_Forest,Bert: bert-base-uncased / STATIC_AVG,sarcasm
71.96,70.46,SVM,Bert: bert-base-uncased / STATIC_AVG,sarcasm
63.39,58.31,MLPClassifier,Bert: bert-base-uncased / STATIC_AVG,sarcasm
57.5,52.96,XGboost,Bert: bert-base-uncased / STATIC_AVG,sarcasm
57.93,57.59,Reg_Logistica,W2VEdin,SentiStrength
58.5,53.2,Random_Forest,W2VEdin,SentiStrength
59.2,59.06,SVM,W2VEdin,SentiStrength
58.63,57.53,MLPClassifier,W2VEdin,SentiStrength
0.0,0.0,XGboost,W2VEdin,SentiStrength
76.32,75.94,Reg_Logistica,W2VAraque,SentiStrength
71.17,67.93,Random_Forest,W2VAraque,SentiStrength
76.28,75.89,SVM,W2VAraque,SentiStrength
74.84,74.14,MLPClassifier,W2VAraque,SentiStrength
0.0,0.0,XGboost,W2VAraque,SentiStrength
76.06,75.68,Reg_Logistica,GloveWP,SentiStrength
67.89,63.68,Random_Forest,GloveWP,SentiStrength
75.1,74.9,SVM,GloveWP,SentiStrength
73.75,72.77,MLPClassifier,GloveWP,SentiStrength
0.0,0.0,XGboost,GloveWP,SentiStrength
55.53,55.38,Reg_Logistica,GloveTW,SentiStrength
55.09,52.07,Random_Forest,GloveTW,SentiStrength
56.93,56.73,SVM,GloveTW,SentiStrength
57.45,53.2,MLPClassifier,GloveTW,SentiStrength
0.0,0.0,XGboost,GloveTW,SentiStrength
75.58,75.25,Reg_Logistica,FastText,SentiStrength
71.3,67.7,Random_Forest,FastText,SentiStrength
76.98,76.69,SVM,FastText,SentiStrength
75.27,74.48,MLPClassifier,FastText,SentiStrength
0.0,0.0,XGboost,FastText,SentiStrength
69.2,68.75,Reg_Logistica,SSWE,SentiStrength
67.28,64.71,Random_Forest,SSWE,SentiStrength
68.02,67.63,SVM,SSWE,SentiStrength
63.65,62.32,MLPClassifier,SSWE,SentiStrength
0.0,0.0,XGboost,SSWE,SentiStrength
85.15,84.87,Reg_Logistica,Emo2Vec,SentiStrength
83.88,83.27,Random_Forest,Emo2Vec,SentiStrength
84.84,84.6,SVM,Emo2Vec,SentiStrength
80.73,80.13,MLPClassifier,Emo2Vec,SentiStrength
0.0,0.0,XGboost,Emo2Vec,SentiStrength
79.47,79.16,Reg_Logistica,DeepMoji,SentiStrength
73.61,70.98,Random_Forest,DeepMoji,SentiStrength
79.73,79.44,SVM,DeepMoji,SentiStrength
77.41,76.71,MLPClassifier,DeepMoji,SentiStrength
0.0,0.0,XGboost,DeepMoji,SentiStrength
80.12,79.79,Reg_Logistica,EWE,SentiStrength
69.86,66.36,Random_Forest,EWE,SentiStrength
77.76,77.59,SVM,EWE,SentiStrength
75.1,74.24,MLPClassifier,EWE,SentiStrength
0.0,0.0,XGboost,EWE,SentiStrength
77.5,77.16,Reg_Logistica,W2V-GN,SentiStrength
71.69,68.55,Random_Forest,W2V-GN,SentiStrength
77.98,77.69,SVM,W2V-GN,SentiStrength
75.71,74.93,MLPClassifier,W2V-GN,SentiStrength
0.0,0.0,XGboost,W2V-GN,SentiStrength
73.57,72.99,Reg_Logistica,TFIDF,SentiStrength
70.25,68.27,Random_Forest,TFIDF,SentiStrength
73.48,72.49,SVM,TFIDF,SentiStrength
71.12,69.93,MLPClassifier,TFIDF,SentiStrength
70.12,68.54,XGboost,TFIDF,SentiStrength
79.73,79.36,Reg_Logistica,Roberta: roberta-base / STATIC_AVG,SentiStrength
69.16,64.98,Random_Forest,Roberta: roberta-base / STATIC_AVG,SentiStrength
80.21,79.83,SVM,Roberta: roberta-base / STATIC_AVG,SentiStrength
77.28,76.52,MLPClassifier,Roberta: roberta-base / STATIC_AVG,SentiStrength
73.92,72.42,XGboost,Roberta: roberta-base / STATIC_AVG,SentiStrength
71.17,70.94,Reg_Logistica,Bert: bert-base-uncased / STATIC_AVG,SentiStrength
69.2,65.22,Random_Forest,Bert: bert-base-uncased / STATIC_AVG,SentiStrength
78.51,78.2,SVM,Bert: bert-base-uncased / STATIC_AVG,SentiStrength
77.15,76.38,MLPClassifier,Bert: bert-base-uncased / STATIC_AVG,SentiStrength
72.87,71.15,XGboost,Bert: bert-base-uncased / STATIC_AVG,SentiStrength
57.89,56.44,Reg_Logistica,W2VEdin,iphone
74.8,63.53,Random_Forest,W2VEdin,iphone
65.97,63.86,SVM,W2VEdin,iphone
74.42,69.14,MLPClassifier,W2VEdin,iphone
0.0,0.0,XGboost,W2VEdin,iphone
74.81,72.84,Reg_Logistica,W2VAraque,iphone
79.69,69.51,Random_Forest,W2VAraque,iphone
80.46,77.92,SVM,W2VAraque,iphone
80.45,76.42,MLPClassifier,W2VAraque,iphone
0.0,0.0,XGboost,W2VAraque,iphone
78.0,76.05,Reg_Logistica,GloveWP,iphone
78.38,68.87,Random_Forest,GloveWP,iphone
75.57,74.31,SVM,GloveWP,iphone
80.24,76.15,MLPClassifier,GloveWP,iphone
0.0,0.0,XGboost,GloveWP,iphone
52.43,51.21,Reg_Logistica,GloveTW,iphone
71.61,60.95,Random_Forest,GloveTW,iphone
64.29,61.22,SVM,GloveTW,iphone
71.05,61.31,MLPClassifier,GloveTW,iphone
0.0,0.0,XGboost,GloveTW,iphone
73.12,71.69,Reg_Logistica,FastText,iphone
77.62,67.83,Random_Forest,FastText,iphone
76.13,74.96,SVM,FastText,iphone
80.06,76.66,MLPClassifier,FastText,iphone
0.0,0.0,XGboost,FastText,iphone
65.03,61.94,Reg_Logistica,SSWE,iphone
75.19,65.11,Random_Forest,SSWE,iphone
68.81,66.75,SVM,SSWE,iphone
76.32,70.88,MLPClassifier,SSWE,iphone
0.0,0.0,XGboost,SSWE,iphone
79.88,77.97,Reg_Logistica,Emo2Vec,iphone
79.7,73.62,Random_Forest,Emo2Vec,iphone
81.57,79.92,SVM,Emo2Vec,iphone
80.65,76.43,MLPClassifier,Emo2Vec,iphone
0.0,0.0,XGboost,Emo2Vec,iphone
76.31,74.39,Reg_Logistica,DeepMoji,iphone
77.45,68.34,Random_Forest,DeepMoji,iphone
79.13,77.28,SVM,DeepMoji,iphone
81.4,77.57,MLPClassifier,DeepMoji,iphone
0.0,0.0,XGboost,DeepMoji,iphone
76.88,74.98,Reg_Logistica,EWE,iphone
77.82,67.29,Random_Forest,EWE,iphone
72.17,71.0,SVM,EWE,iphone
81.38,77.38,MLPClassifier,EWE,iphone
0.0,0.0,XGboost,EWE,iphone
74.62,72.53,Reg_Logistica,W2V-GN,iphone
78.19,68.46,Random_Forest,W2V-GN,iphone
78.0,75.96,SVM,W2V-GN,iphone
80.45,76.71,MLPClassifier,W2V-GN,iphone
0.0,0.0,XGboost,W2V-GN,iphone
76.31,72.07,Reg_Logistica,TFIDF,iphone
78.39,67.98,Random_Forest,TFIDF,iphone
80.07,71.55,SVM,TFIDF,iphone
78.94,73.46,MLPClassifier,TFIDF,iphone
73.3,65.9,XGboost,TFIDF,iphone
77.64,75.55,Reg_Logistica,Roberta: roberta-base / STATIC_AVG,iphone
76.31,64.87,Random_Forest,Roberta: roberta-base / STATIC_AVG,iphone
80.08,78.0,SVM,Roberta: roberta-base / STATIC_AVG,iphone
81.57,77.93,MLPClassifier,Roberta: roberta-base / STATIC_AVG,iphone
78.96,71.69,XGboost,Roberta: roberta-base / STATIC_AVG,iphone
69.36,68.06,Reg_Logistica,Bert: bert-base-uncased / STATIC_AVG,iphone
77.27,66.51,Random_Forest,Bert: bert-base-uncased / STATIC_AVG,iphone
79.14,77.18,SVM,Bert: bert-base-uncased / STATIC_AVG,iphone
81.75,78.07,MLPClassifier,Bert: bert-base-uncased / STATIC_AVG,iphone
79.32,72.64,XGboost,Bert: bert-base-uncased / STATIC_AVG,iphone
61.96,58.04,Reg_Logistica,W2VEdin,person
68.57,44.21,Random_Forest,W2VEdin,person
63.31,60.71,SVM,W2VEdin,person
66.29,55.87,MLPClassifier,W2VEdin,person
0.0,0.0,XGboost,W2VEdin,person
73.11,70.55,Reg_Logistica,W2VAraque,person
72.68,48.43,Random_Forest,W2VAraque,person
74.93,71.59,SVM,W2VAraque,person
79.96,74.91,MLPClassifier,W2VAraque,person
0.0,0.0,XGboost,W2VAraque,person
81.32,78.36,Reg_Logistica,GloveWP,person
75.63,59.87,Random_Forest,GloveWP,person
76.75,74.31,SVM,GloveWP,person
81.55,76.94,MLPClassifier,GloveWP,person
0.0,0.0,XGboost,GloveWP,person
56.5,54.19,Reg_Logistica,GloveTW,person
60.36,45.71,Random_Forest,GloveTW,person
56.73,54.88,SVM,GloveTW,person
62.19,46.44,MLPClassifier,GloveTW,person
0.0,0.0,XGboost,GloveTW,person
77.21,74.63,Reg_Logistica,FastText,person
75.16,56.01,Random_Forest,FastText,person
76.77,74.86,SVM,FastText,person
83.84,80.34,MLPClassifier,FastText,person
0.0,0.0,XGboost,FastText,person
69.47,66.24,Reg_Logistica,SSWE,person
74.27,59.59,Random_Forest,SSWE,person
69.24,66.42,SVM,SSWE,person
70.16,62.11,MLPClassifier,SSWE,person
0.0,0.0,XGboost,SSWE,person
77.46,75.18,Reg_Logistica,Emo2Vec,person
79.05,70.66,Random_Forest,Emo2Vec,person
75.86,73.88,SVM,Emo2Vec,person
77.46,71.93,MLPClassifier,Emo2Vec,person
0.0,0.0,XGboost,Emo2Vec,person
74.93,72.75,Reg_Logistica,DeepMoji,person
71.97,47.76,Random_Forest,DeepMoji,person
77.44,74.82,SVM,DeepMoji,person
79.96,75.06,MLPClassifier,DeepMoji,person
0.0,0.0,XGboost,DeepMoji,person
80.17,77.56,Reg_Logistica,EWE,person
76.54,62.03,Random_Forest,EWE,person
74.69,73.03,SVM,EWE,person
82.69,77.96,MLPClassifier,EWE,person
0.0,0.0,XGboost,EWE,person
82.01,79.75,Reg_Logistica,W2V-GN,person
75.62,58.0,Random_Forest,W2V-GN,person
83.37,80.58,SVM,W2V-GN,person
84.05,80.3,MLPClassifier,W2V-GN,person
0.0,0.0,XGboost,W2V-GN,person
76.52,73.01,Reg_Logistica,TFIDF,person
76.54,70.17,Random_Forest,TFIDF,person
80.18,72.27,SVM,TFIDF,person
80.42,74.05,MLPClassifier,TFIDF,person
73.57,66.27,XGboost,TFIDF,person
77.21,75.24,Reg_Logistica,Roberta: roberta-base / STATIC_AVG,person
71.31,45.59,Random_Forest,Roberta: roberta-base / STATIC_AVG,person
80.4,77.3,SVM,Roberta: roberta-base / STATIC_AVG,person
80.41,75.7,MLPClassifier,Roberta: roberta-base / STATIC_AVG,person
79.95,72.51,XGboost,Roberta: roberta-base / STATIC_AVG,person
70.14,66.57,Reg_Logistica,Bert: bert-base-uncased / STATIC_AVG,person
72.66,48.29,Random_Forest,Bert: bert-base-uncased / STATIC_AVG,person
73.32,70.85,SVM,Bert: bert-base-uncased / STATIC_AVG,person
79.95,74.23,MLPClassifier,Bert: bert-base-uncased / STATIC_AVG,person
73.58,60.54,XGboost,Bert: bert-base-uncased / STATIC_AVG,person
63.19,60.38,Reg_Logistica,W2VEdin,SemEval16
73.8,51.67,Random_Forest,W2VEdin,SemEval16
69.58,65.47,SVM,W2VEdin,SemEval16
73.76,64.14,MLPClassifier,W2VEdin,SemEval16
0.0,0.0,XGboost,W2VEdin,SemEval16
78.57,75.68,Reg_Logistica,W2VAraque,SemEval16
77.91,63.5,Random_Forest,W2VAraque,SemEval16
81.37,78.17,SVM,W2VAraque,SemEval16
80.65,75.19,MLPClassifier,W2VAraque,SemEval16
0.0,0.0,XGboost,W2VAraque,SemEval16
82.43,79.46,Reg_Logistica,GloveWP,SemEval16
80.0,67.55,Random_Forest,GloveWP,SemEval16
82.51,79.52,SVM,GloveWP,SemEval16
82.78,78.03,MLPClassifier,GloveWP,SemEval16
0.0,0.0,XGboost,GloveWP,SemEval16
51.23,50.95,Reg_Logistica,GloveTW,SemEval16
64.17,55.15,Random_Forest,GloveTW,SemEval16
49.77,49.69,SVM,GloveTW,SemEval16
73.31,52.73,MLPClassifier,GloveTW,SemEval16
0.0,0.0,XGboost,GloveTW,SemEval16
83.22,80.19,Reg_Logistica,FastText,SemEval16
80.41,67.94,Random_Forest,FastText,SemEval16
84.5,81.62,SVM,FastText,SemEval16
83.86,79.28,MLPClassifier,FastText,SemEval16
0.0,0.0,XGboost,FastText,SemEval16
70.87,67.13,Reg_Logistica,SSWE,SemEval16
76.61,61.36,Random_Forest,SSWE,SemEval16
71.89,68.06,SVM,SSWE,SemEval16
73.98,65.09,MLPClassifier,SSWE,SemEval16
0.0,0.0,XGboost,SSWE,SemEval16
82.29,79.39,Reg_Logistica,Emo2Vec,SemEval16
83.15,76.52,Random_Forest,Emo2Vec,SemEval16
82.28,79.53,SVM,Emo2Vec,SemEval16
80.39,75.33,MLPClassifier,Emo2Vec,SemEval16
0.0,0.0,XGboost,Emo2Vec,SemEval16
80.9,78.1,Reg_Logistica,DeepMoji,SemEval16
78.58,64.66,Random_Forest,DeepMoji,SemEval16
82.9,80.12,SVM,DeepMoji,SemEval16
81.79,76.52,MLPClassifier,DeepMoji,SemEval16
0.0,0.0,XGboost,DeepMoji,SemEval16
83.46,80.54,Reg_Logistica,EWE,SemEval16
80.68,69.08,Random_Forest,EWE,SemEval16
83.15,80.15,SVM,EWE,SemEval16
83.87,79.38,MLPClassifier,EWE,SemEval16
0.0,0.0,XGboost,EWE,SemEval16
83.69,80.72,Reg_Logistica,W2V-GN,SemEval16
80.5,68.73,Random_Forest,W2V-GN,SemEval16
84.5,81.58,SVM,W2V-GN,SemEval16
84.2,79.74,MLPClassifier,W2V-GN,SemEval16
0.0,0.0,XGboost,W2V-GN,SemEval16
84.18,81.04,Reg_Logistica,TFIDF,SemEval16
81.32,71.8,Random_Forest,TFIDF,SemEval16
85.85,81.68,SVM,TFIDF,SemEval16
83.95,78.95,MLPClassifier,TFIDF,SemEval16
83.47,76.43,XGboost,TFIDF,SemEval16
84.61,81.8,Reg_Logistica,Roberta: roberta-base / STATIC_AVG,SemEval16
76.6,57.05,Random_Forest,Roberta: roberta-base / STATIC_AVG,SemEval16
86.0,83.18,SVM,Roberta: roberta-base / STATIC_AVG,SemEval16
85.23,81.39,MLPClassifier,Roberta: roberta-base / STATIC_AVG,SemEval16
83.54,76.84,XGboost,Roberta: roberta-base / STATIC_AVG,SemEval16
79.54,76.55,Reg_Logistica,Bert: bert-base-uncased / STATIC_AVG,SemEval16
76.32,56.51,Random_Forest,Bert: bert-base-uncased / STATIC_AVG,SemEval16
85.27,82.48,SVM,Bert: bert-base-uncased / STATIC_AVG,SemEval16
84.27,80.12,MLPClassifier,Bert: bert-base-uncased / STATIC_AVG,SemEval16
82.33,75.1,XGboost,Bert: bert-base-uncased / STATIC_AVG,SemEval16
59.71,59.46,Reg_Logistica,W2VEdin,sanders
67.0,66.32,Random_Forest,W2VEdin,sanders
65.53,64.88,SVM,W2VEdin,sanders
65.44,65.1,MLPClassifier,W2VEdin,sanders
0.0,0.0,XGboost,W2VEdin,sanders
78.19,77.94,Reg_Logistica,W2VAraque,sanders
75.98,75.37,Random_Forest,W2VAraque,sanders
81.46,81.33,SVM,W2VAraque,sanders
81.45,81.36,MLPClassifier,W2VAraque,sanders
0.0,0.0,XGboost,W2VAraque,sanders
79.0,78.88,Reg_Logistica,GloveWP,sanders
76.88,76.29,Random_Forest,GloveWP,sanders
78.5,78.24,SVM,GloveWP,sanders
79.25,79.12,MLPClassifier,GloveWP,sanders
0.0,0.0,XGboost,GloveWP,sanders
58.34,57.29,Reg_Logistica,GloveTW,sanders
59.31,59.2,Random_Forest,GloveTW,sanders
56.86,55.67,SVM,GloveTW,sanders
58.33,57.01,MLPClassifier,GloveTW,sanders
0.0,0.0,XGboost,GloveTW,sanders
76.63,76.34,Reg_Logistica,FastText,sanders
78.43,77.68,Random_Forest,FastText,sanders
80.55,80.28,SVM,FastText,sanders
83.0,82.86,MLPClassifier,FastText,sanders
0.0,0.0,XGboost,FastText,sanders
69.86,69.62,Reg_Logistica,SSWE,sanders
71.73,71.21,Random_Forest,SSWE,sanders
71.4,70.88,SVM,SSWE,sanders
70.35,70.08,MLPClassifier,SSWE,sanders
0.0,0.0,XGboost,SSWE,sanders
80.15,80.05,Reg_Logistica,Emo2Vec,sanders
80.96,80.68,Random_Forest,Emo2Vec,sanders
81.45,81.31,SVM,Emo2Vec,sanders
79.0,78.88,MLPClassifier,Emo2Vec,sanders
0.0,0.0,XGboost,Emo2Vec,sanders
79.81,79.64,Reg_Logistica,DeepMoji,sanders
79.57,79.16,Random_Forest,DeepMoji,sanders
81.04,80.83,SVM,DeepMoji,sanders
82.68,82.54,MLPClassifier,DeepMoji,sanders
0.0,0.0,XGboost,DeepMoji,sanders
80.63,80.51,Reg_Logistica,EWE,sanders
79.33,78.86,Random_Forest,EWE,sanders
80.54,80.32,SVM,EWE,sanders
82.27,82.15,MLPClassifier,EWE,sanders
0.0,0.0,XGboost,EWE,sanders
80.14,79.91,Reg_Logistica,W2V-GN,sanders
78.5,77.95,Random_Forest,W2V-GN,sanders
82.59,82.38,SVM,W2V-GN,sanders
81.7,81.53,MLPClassifier,W2V-GN,sanders
0.0,0.0,XGboost,W2V-GN,sanders
81.86,81.58,Reg_Logistica,TFIDF,sanders
79.57,79.19,Random_Forest,TFIDF,sanders
83.33,82.99,SVM,TFIDF,sanders
84.47,84.35,MLPClassifier,TFIDF,sanders
77.86,77.56,XGboost,TFIDF,sanders
80.47,80.17,Reg_Logistica,Roberta: roberta-base / STATIC_AVG,sanders
76.4,75.75,Random_Forest,Roberta: roberta-base / STATIC_AVG,sanders
83.57,83.41,SVM,Roberta: roberta-base / STATIC_AVG,sanders
82.84,82.71,MLPClassifier,Roberta: roberta-base / STATIC_AVG,sanders
79.65,79.38,XGboost,Roberta: roberta-base / STATIC_AVG,sanders
70.19,69.61,Reg_Logistica,Bert: bert-base-uncased / STATIC_AVG,sanders
74.19,73.45,Random_Forest,Bert: bert-base-uncased / STATIC_AVG,sanders
81.13,80.95,SVM,Bert: bert-base-uncased / STATIC_AVG,sanders
82.59,82.45,MLPClassifier,Bert: bert-base-uncased / STATIC_AVG,sanders
79.5,79.19,XGboost,Bert: bert-base-uncased / STATIC_AVG,sanders
58.65,50.49,Reg_Logistica,W2VEdin,movie
81.64,44.95,Random_Forest,W2VEdin,movie
58.1,48.37,SVM,W2VEdin,movie
78.26,53.22,MLPClassifier,W2VEdin,movie
0.0,0.0,XGboost,W2VEdin,movie
78.62,70.68,Reg_Logistica,W2VAraque,movie
82.0,45.95,Random_Forest,W2VAraque,movie
83.78,73.55,SVM,W2VAraque,movie
86.8,75.65,MLPClassifier,W2VAraque,movie
0.0,0.0,XGboost,W2VAraque,movie
80.57,71.11,Reg_Logistica,GloveWP,movie
82.0,45.05,Random_Forest,GloveWP,movie
76.66,68.28,SVM,GloveWP,movie
84.31,71.04,MLPClassifier,GloveWP,movie
0.0,0.0,XGboost,GloveWP,movie
64.0,55.01,Reg_Logistica,GloveTW,movie
72.9,46.04,Random_Forest,GloveTW,movie
63.29,53.39,SVM,GloveTW,movie
78.26,51.09,MLPClassifier,GloveTW,movie
0.0,0.0,XGboost,GloveTW,movie
77.72,68.56,Reg_Logistica,FastText,movie
82.0,45.05,Random_Forest,FastText,movie
76.65,68.39,SVM,FastText,movie
87.53,76.83,MLPClassifier,FastText,movie
0.0,0.0,XGboost,FastText,movie
70.95,61.8,Reg_Logistica,SSWE,movie
82.0,49.4,Random_Forest,SSWE,movie
70.6,61.27,SVM,SSWE,movie
80.39,61.15,MLPClassifier,SSWE,movie
0.0,0.0,XGboost,SSWE,movie
81.64,73.85,Reg_Logistica,Emo2Vec,movie
86.63,70.09,Random_Forest,Emo2Vec,movie
82.0,74.45,SVM,Emo2Vec,movie
85.75,74.75,MLPClassifier,Emo2Vec,movie
0.0,0.0,XGboost,Emo2Vec,movie
78.08,70.14,Reg_Logistica,DeepMoji,movie
82.36,47.79,Random_Forest,DeepMoji,movie
81.29,72.98,SVM,DeepMoji,movie
86.46,75.38,MLPClassifier,DeepMoji,movie
0.0,0.0,XGboost,DeepMoji,movie
81.64,73.23,Reg_Logistica,EWE,movie
82.0,45.05,Random_Forest,EWE,movie
75.95,67.23,SVM,EWE,movie
88.05,78.09,MLPClassifier,EWE,movie
0.0,0.0,XGboost,EWE,movie
79.51,71.37,Reg_Logistica,W2V-GN,movie
82.36,46.96,Random_Forest,W2V-GN,movie
82.9,73.42,SVM,W2V-GN,movie
85.39,73.08,MLPClassifier,W2V-GN,movie
0.0,0.0,XGboost,W2V-GN,movie
84.31,70.61,Reg_Logistica,TFIDF,movie
83.42,53.21,Random_Forest,TFIDF,movie
84.67,58.15,SVM,TFIDF,movie
84.85,67.52,MLPClassifier,TFIDF,movie
83.79,64.42,XGboost,TFIDF,movie
82.53,74.01,Reg_Logistica,Roberta: roberta-base / STATIC_AVG,movie
82.0,45.05,Random_Forest,Roberta: roberta-base / STATIC_AVG,movie
85.38,73.86,SVM,Roberta: roberta-base / STATIC_AVG,movie
86.99,76.01,MLPClassifier,Roberta: roberta-base / STATIC_AVG,movie
84.49,61.38,XGboost,Roberta: roberta-base / STATIC_AVG,movie
75.06,65.61,Reg_Logistica,Bert: bert-base-uncased / STATIC_AVG,movie
81.82,45.0,Random_Forest,Bert: bert-base-uncased / STATIC_AVG,movie
83.96,73.72,SVM,Bert: bert-base-uncased / STATIC_AVG,movie
86.99,75.55,MLPClassifier,Bert: bert-base-uncased / STATIC_AVG,movie
83.07,55.53,XGboost,Bert: bert-base-uncased / STATIC_AVG,movie
67.58,66.89,Reg_Logistica,W2VEdin,SemEval17-test
70.08,64.06,Random_Forest,W2VEdin,SemEval17-test
71.25,70.77,SVM,W2VEdin,SemEval17-test
71.04,68.96,MLPClassifier,W2VEdin,SemEval17-test
0.0,0.0,XGboost,W2VEdin,SemEval17-test
82.4,81.39,Reg_Logistica,W2VAraque,SemEval17-test
78.41,74.05,Random_Forest,W2VAraque,SemEval17-test
84.53,83.52,SVM,W2VAraque,SemEval17-test
82.87,81.56,MLPClassifier,W2VAraque,SemEval17-test
0.0,0.0,XGboost,W2VAraque,SemEval17-test
86.23,85.54,Reg_Logistica,GloveWP,SemEval17-test
81.08,78.07,Random_Forest,GloveWP,SemEval17-test
86.34,85.67,SVM,GloveWP,SemEval17-test
85.13,84.11,MLPClassifier,GloveWP,SemEval17-test
0.0,0.0,XGboost,GloveWP,SemEval17-test
66.05,61.79,Reg_Logistica,GloveTW,SemEval17-test
61.49,60.13,Random_Forest,GloveTW,SemEval17-test
63.38,62.7,SVM,GloveTW,SemEval17-test
66.63,60.32,MLPClassifier,GloveTW,SemEval17-test
0.0,0.0,XGboost,GloveTW,SemEval17-test
86.95,86.3,Reg_Logistica,FastText,SemEval17-test
83.87,81.65,Random_Forest,FastText,SemEval17-test
88.29,87.69,SVM,FastText,SemEval17-test
87.03,86.15,MLPClassifier,FastText,SemEval17-test
0.0,0.0,XGboost,FastText,SemEval17-test
71.12,70.26,Reg_Logistica,SSWE,SemEval17-test
72.36,67.56,Random_Forest,SSWE,SemEval17-test
72.3,71.32,SVM,SSWE,SemEval17-test
69.26,67.16,MLPClassifier,SSWE,SemEval17-test
0.0,0.0,XGboost,SSWE,SemEval17-test
85.47,84.74,Reg_Logistica,Emo2Vec,SemEval17-test
84.09,82.47,Random_Forest,Emo2Vec,SemEval17-test
85.5,84.8,SVM,Emo2Vec,SemEval17-test
82.83,81.65,MLPClassifier,Emo2Vec,SemEval17-test
0.0,0.0,XGboost,Emo2Vec,SemEval17-test
83.93,83.02,Reg_Logistica,DeepMoji,SemEval17-test
79.11,75.22,Random_Forest,DeepMoji,SemEval17-test
85.33,84.55,SVM,DeepMoji,SemEval17-test
83.55,82.28,MLPClassifier,DeepMoji,SemEval17-test
0.0,0.0,XGboost,DeepMoji,SemEval17-test
87.19,86.56,Reg_Logistica,EWE,SemEval17-test
83.0,80.66,Random_Forest,EWE,SemEval17-test
87.22,86.61,SVM,EWE,SemEval17-test
86.72,85.82,MLPClassifier,EWE,SemEval17-test
0.0,0.0,XGboost,EWE,SemEval17-test
87.54,86.92,Reg_Logistica,W2V-GN,SemEval17-test
83.82,81.59,Random_Forest,W2V-GN,SemEval17-test
88.61,88.02,SVM,W2V-GN,SemEval17-test
86.23,85.28,MLPClassifier,W2V-GN,SemEval17-test
0.0,0.0,XGboost,W2V-GN,SemEval17-test
87.14,86.32,Reg_Logistica,TFIDF,SemEval17-test
83.76,82.1,Random_Forest,TFIDF,SemEval17-test
87.95,86.9,SVM,TFIDF,SemEval17-test
85.66,84.6,MLPClassifier,TFIDF,SemEval17-test
85.19,83.79,XGboost,TFIDF,SemEval17-test
87.88,87.22,Reg_Logistica,Roberta: roberta-base / STATIC_AVG,SemEval17-test
79.01,75.05,Random_Forest,Roberta: roberta-base / STATIC_AVG,SemEval17-test
89.03,88.37,SVM,Roberta: roberta-base / STATIC_AVG,SemEval17-test
87.96,87.1,MLPClassifier,Roberta: roberta-base / STATIC_AVG,SemEval17-test
85.33,83.94,XGboost,Roberta: roberta-base / STATIC_AVG,SemEval17-test
82.87,81.94,Reg_Logistica,Bert: bert-base-uncased / STATIC_AVG,SemEval17-test
77.8,73.07,Random_Forest,Bert: bert-base-uncased / STATIC_AVG,SemEval17-test
88.5,87.79,SVM,Bert: bert-base-uncased / STATIC_AVG,SemEval17-test
85.95,85.06,MLPClassifier,Bert: bert-base-uncased / STATIC_AVG,SemEval17-test
84.76,83.25,XGboost,Bert: bert-base-uncased / STATIC_AVG,SemEval17-test
51.9,46.92,Reg_Logistica,W2VEdin,irony
65.95,45.15,Random_Forest,W2VEdin,irony
48.33,41.55,SVM,W2VEdin,irony
60.24,50.29,MLPClassifier,W2VEdin,irony
0.0,0.0,XGboost,W2VEdin,irony
65.71,57.73,Reg_Logistica,W2VAraque,irony
64.52,39.11,Random_Forest,W2VAraque,irony
63.1,48.35,SVM,W2VAraque,irony
63.1,49.79,MLPClassifier,W2VAraque,irony
0.0,0.0,XGboost,W2VAraque,irony
70.71,65.27,Reg_Logistica,GloveWP,irony
64.76,39.24,Random_Forest,GloveWP,irony
69.52,64.46,SVM,GloveWP,irony
75.71,68.78,MLPClassifier,GloveWP,irony
0.0,0.0,XGboost,GloveWP,irony
57.38,50.57,Reg_Logistica,GloveTW,irony
57.62,45.91,Random_Forest,GloveTW,irony
60.0,53.08,SVM,GloveTW,irony
55.95,46.84,MLPClassifier,GloveTW,irony
0.0,0.0,XGboost,GloveTW,irony
66.9,62.4,Reg_Logistica,FastText,irony
67.86,43.55,Random_Forest,FastText,irony
67.86,60.78,SVM,FastText,irony
74.52,63.98,MLPClassifier,FastText,irony
0.0,0.0,XGboost,FastText,irony
56.9,50.02,Reg_Logistica,SSWE,irony
60.0,37.38,Random_Forest,SSWE,irony
58.33,47.88,SVM,SSWE,irony
66.43,59.45,MLPClassifier,SSWE,irony
0.0,0.0,XGboost,SSWE,irony
78.57,73.34,Reg_Logistica,Emo2Vec,irony
69.05,50.77,Random_Forest,Emo2Vec,irony
77.14,71.85,SVM,Emo2Vec,irony
72.14,63.49,MLPClassifier,Emo2Vec,irony
0.0,0.0,XGboost,Emo2Vec,irony
63.1,57.43,Reg_Logistica,DeepMoji,irony
69.29,46.41,Random_Forest,DeepMoji,irony
64.52,57.69,SVM,DeepMoji,irony
69.76,62.39,MLPClassifier,DeepMoji,irony
0.0,0.0,XGboost,DeepMoji,irony
66.9,59.61,Reg_Logistica,EWE,irony
66.19,39.77,Random_Forest,EWE,irony
52.14,47.51,SVM,EWE,irony
70.0,60.89,MLPClassifier,EWE,irony
0.0,0.0,XGboost,EWE,irony
70.0,63.88,Reg_Logistica,W2V-GN,irony
67.86,43.55,Random_Forest,W2V-GN,irony
70.95,60.03,SVM,W2V-GN,irony
77.14,68.68,MLPClassifier,W2V-GN,irony
0.0,0.0,XGboost,W2V-GN,irony
57.86,36.27,Reg_Logistica,TFIDF,irony
66.19,39.77,Random_Forest,TFIDF,irony
64.52,39.11,SVM,TFIDF,irony
51.9,35.43,MLPClassifier,TFIDF,irony
42.38,30.21,XGboost,TFIDF,irony
62.62,56.27,Reg_Logistica,Roberta: roberta-base / STATIC_AVG,irony
66.19,39.77,Random_Forest,Roberta: roberta-base / STATIC_AVG,irony
70.48,61.16,SVM,Roberta: roberta-base / STATIC_AVG,irony
72.38,62.33,MLPClassifier,Roberta: roberta-base / STATIC_AVG,irony
55.24,41.13,XGboost,Roberta: roberta-base / STATIC_AVG,irony
60.95,56.53,Reg_Logistica,Bert: bert-base-uncased / STATIC_AVG,irony
66.19,39.77,Random_Forest,Bert: bert-base-uncased / STATIC_AVG,irony
63.33,56.21,SVM,Bert: bert-base-uncased / STATIC_AVG,irony
64.29,52.77,MLPClassifier,Bert: bert-base-uncased / STATIC_AVG,irony
61.43,46.58,XGboost,Bert: bert-base-uncased / STATIC_AVG,irony
66.53,65.92,Reg_Logistica,W2VEdin,archeage
75.26,73.11,Random_Forest,W2VEdin,archeage
73.28,72.93,SVM,W2VEdin,archeage
75.84,74.82,MLPClassifier,W2VEdin,archeage
0.0,0.0,XGboost,W2VEdin,archeage
83.0,82.62,Reg_Logistica,W2VAraque,archeage
81.49,80.12,Random_Forest,W2VAraque,archeage
85.16,84.9,SVM,W2VAraque,archeage
82.95,82.54,MLPClassifier,W2VAraque,archeage
0.0,0.0,XGboost,W2VAraque,archeage
83.0,82.6,Reg_Logistica,GloveWP,archeage
81.26,79.81,Random_Forest,GloveWP,archeage
83.59,83.27,SVM,GloveWP,archeage
85.16,84.78,MLPClassifier,GloveWP,archeage
0.0,0.0,XGboost,GloveWP,archeage
72.01,71.0,Reg_Logistica,GloveTW,archeage
71.36,70.06,Random_Forest,GloveTW,archeage
74.39,73.68,SVM,GloveTW,archeage
74.16,72.9,MLPClassifier,GloveTW,archeage
0.0,0.0,XGboost,GloveTW,archeage
83.7,83.32,Reg_Logistica,FastText,archeage
83.41,82.34,Random_Forest,FastText,archeage
85.16,84.84,SVM,FastText,archeage
85.1,84.71,MLPClassifier,FastText,archeage
0.0,0.0,XGboost,FastText,archeage
74.91,74.43,Reg_Logistica,SSWE,archeage
76.25,74.42,Random_Forest,SSWE,archeage
75.21,74.66,SVM,SSWE,archeage
75.5,74.83,MLPClassifier,SSWE,archeage
0.0,0.0,XGboost,SSWE,archeage
82.07,81.59,Reg_Logistica,Emo2Vec,archeage
84.34,83.54,Random_Forest,Emo2Vec,archeage
83.3,82.78,SVM,Emo2Vec,archeage
83.53,83.06,MLPClassifier,Emo2Vec,archeage
0.0,0.0,XGboost,Emo2Vec,archeage
81.55,80.97,Reg_Logistica,DeepMoji,archeage
81.61,80.02,Random_Forest,DeepMoji,archeage
86.26,85.76,SVM,DeepMoji,archeage
84.4,83.85,MLPClassifier,DeepMoji,archeage
0.0,0.0,XGboost,DeepMoji,archeage
84.05,83.75,Reg_Logistica,EWE,archeage
83.35,82.43,Random_Forest,EWE,archeage
84.05,83.8,SVM,EWE,archeage
84.69,84.28,MLPClassifier,EWE,archeage
0.0,0.0,XGboost,EWE,archeage
83.18,82.84,Reg_Logistica,W2V-GN,archeage
82.07,80.86,Random_Forest,W2V-GN,archeage
85.45,85.14,SVM,W2V-GN,archeage
84.93,84.52,MLPClassifier,W2V-GN,archeage
0.0,0.0,XGboost,W2V-GN,archeage
86.5,86.11,Reg_Logistica,TFIDF,archeage
84.51,84.02,Random_Forest,TFIDF,archeage
87.54,87.11,SVM,TFIDF,archeage
85.68,85.22,MLPClassifier,TFIDF,archeage
83.99,83.56,XGboost,TFIDF,archeage
86.5,86.15,Reg_Logistica,Roberta: roberta-base / STATIC_AVG,archeage
82.48,81.43,Random_Forest,Roberta: roberta-base / STATIC_AVG,archeage
87.43,87.19,SVM,Roberta: roberta-base / STATIC_AVG,archeage
87.49,87.17,MLPClassifier,Roberta: roberta-base / STATIC_AVG,archeage
84.75,84.25,XGboost,Roberta: roberta-base / STATIC_AVG,archeage
77.24,76.66,Reg_Logistica,Bert: bert-base-uncased / STATIC_AVG,archeage
80.03,78.64,Random_Forest,Bert: bert-base-uncased / STATIC_AVG,archeage
86.61,86.37,SVM,Bert: bert-base-uncased / STATIC_AVG,archeage
85.8,85.41,MLPClassifier,Bert: bert-base-uncased / STATIC_AVG,archeage
82.71,82.02,XGboost,Bert: bert-base-uncased / STATIC_AVG,archeage
67.46,66.77,Reg_Logistica,W2VEdin,SemEval18
65.79,65.08,Random_Forest,W2VEdin,SemEval18
70.84,70.32,SVM,W2VEdin,SemEval18
69.28,68.85,MLPClassifier,W2VEdin,SemEval18
0.0,0.0,XGboost,W2VEdin,SemEval18
75.68,75.43,Reg_Logistica,W2VAraque,SemEval18
72.3,71.21,Random_Forest,W2VAraque,SemEval18
75.79,75.44,SVM,W2VAraque,SemEval18
73.53,73.37,MLPClassifier,W2VAraque,SemEval18
0.0,0.0,XGboost,W2VAraque,SemEval18
78.75,78.62,Reg_Logistica,GloveWP,SemEval18
74.93,74.02,Random_Forest,GloveWP,SemEval18
78.48,78.31,SVM,GloveWP,SemEval18
75.96,75.77,MLPClassifier,GloveWP,SemEval18
0.0,0.0,XGboost,GloveWP,SemEval18
63.15,60.48,Reg_Logistica,GloveTW,SemEval18
58.85,57.78,Random_Forest,GloveTW,SemEval18
62.93,59.1,SVM,GloveTW,SemEval18
62.61,59.87,MLPClassifier,GloveTW,SemEval18
0.0,0.0,XGboost,GloveTW,SemEval18
80.1,79.91,Reg_Logistica,FastText,SemEval18
76.76,76.03,Random_Forest,FastText,SemEval18
80.69,80.51,SVM,FastText,SemEval18
78.59,78.47,MLPClassifier,FastText,SemEval18
0.0,0.0,XGboost,FastText,SemEval18
75.58,75.42,Reg_Logistica,SSWE,SemEval18
74.77,74.45,Random_Forest,SSWE,SemEval18
75.42,75.23,SVM,SSWE,SemEval18
71.38,71.2,MLPClassifier,SSWE,SemEval18
0.0,0.0,XGboost,SSWE,SemEval18
81.23,81.13,Reg_Logistica,Emo2Vec,SemEval18
80.1,79.85,Random_Forest,Emo2Vec,SemEval18
80.96,80.86,SVM,Emo2Vec,SemEval18
78.11,77.98,MLPClassifier,Emo2Vec,SemEval18
0.0,0.0,XGboost,Emo2Vec,SemEval18
77.94,77.71,Reg_Logistica,DeepMoji,SemEval18
75.63,74.86,Random_Forest,DeepMoji,SemEval18
78.97,78.74,SVM,DeepMoji,SemEval18
77.3,77.08,MLPClassifier,DeepMoji,SemEval18
0.0,0.0,XGboost,DeepMoji,SemEval18
80.53,80.42,Reg_Logistica,EWE,SemEval18
75.74,74.87,Random_Forest,EWE,SemEval18
80.26,80.03,SVM,EWE,SemEval18
77.41,77.29,MLPClassifier,EWE,SemEval18
0.0,0.0,XGboost,EWE,SemEval18
80.31,80.16,Reg_Logistica,W2V-GN,SemEval18
76.38,75.72,Random_Forest,W2V-GN,SemEval18
80.37,80.21,SVM,W2V-GN,SemEval18
77.3,77.19,MLPClassifier,W2V-GN,SemEval18
0.0,0.0,XGboost,W2V-GN,SemEval18
82.3,82.03,Reg_Logistica,TFIDF,SemEval18
78.43,77.59,Random_Forest,TFIDF,SemEval18
82.09,81.55,SVM,TFIDF,SemEval18
81.33,81.18,MLPClassifier,TFIDF,SemEval18
80.42,79.92,XGboost,TFIDF,SemEval18
84.89,84.78,Reg_Logistica,Roberta: roberta-base / STATIC_AVG,SemEval18
74.34,73.59,Random_Forest,Roberta: roberta-base / STATIC_AVG,SemEval18
86.5,86.4,SVM,Roberta: roberta-base / STATIC_AVG,SemEval18
84.56,84.49,MLPClassifier,Roberta: roberta-base / STATIC_AVG,SemEval18
79.02,78.75,XGboost,Roberta: roberta-base / STATIC_AVG,SemEval18
75.58,75.28,Reg_Logistica,Bert: bert-base-uncased / STATIC_AVG,SemEval18
73.16,72.1,Random_Forest,Bert: bert-base-uncased / STATIC_AVG,SemEval18
84.56,84.44,SVM,Bert: bert-base-uncased / STATIC_AVG,SemEval18
83.06,82.99,MLPClassifier,Bert: bert-base-uncased / STATIC_AVG,SemEval18
77.84,77.57,XGboost,Bert: bert-base-uncased / STATIC_AVG,SemEval18
58.04,56.65,Reg_Logistica,W2VEdin,hobbit
69.56,57.39,Random_Forest,W2VEdin,hobbit
65.13,62.24,SVM,W2VEdin,hobbit
68.39,61.54,MLPClassifier,W2VEdin,hobbit
0.0,0.0,XGboost,W2VEdin,hobbit
88.5,87.5,Reg_Logistica,W2VAraque,hobbit
85.83,81.06,Random_Forest,W2VAraque,hobbit
91.37,90.52,SVM,W2VAraque,hobbit
90.79,89.55,MLPClassifier,W2VAraque,hobbit
0.0,0.0,XGboost,W2VAraque,hobbit
88.32,86.79,Reg_Logistica,GloveWP,hobbit
79.89,71.38,Random_Forest,GloveWP,hobbit
85.24,83.89,SVM,GloveWP,hobbit
88.51,86.62,MLPClassifier,GloveWP,hobbit
0.0,0.0,XGboost,GloveWP,hobbit
60.33,55.52,Reg_Logistica,GloveTW,hobbit
67.26,56.01,Random_Forest,GloveTW,hobbit
60.92,58.01,SVM,GloveTW,hobbit
64.21,52.88,MLPClassifier,GloveTW,hobbit
0.0,0.0,XGboost,GloveTW,hobbit
76.82,75.42,Reg_Logistica,FastText,hobbit
79.3,70.42,Random_Forest,FastText,hobbit
83.51,82.25,SVM,FastText,hobbit
89.84,88.32,MLPClassifier,FastText,hobbit
0.0,0.0,XGboost,FastText,hobbit
64.95,61.54,Reg_Logistica,SSWE,hobbit
68.97,53.45,Random_Forest,SSWE,hobbit
62.84,60.2,SVM,SSWE,hobbit
68.59,63.12,MLPClassifier,SSWE,hobbit
0.0,0.0,XGboost,SSWE,hobbit
86.99,85.81,Reg_Logistica,Emo2Vec,hobbit
86.59,83.92,Random_Forest,Emo2Vec,hobbit
87.75,86.67,SVM,Emo2Vec,hobbit
88.33,86.6,MLPClassifier,Emo2Vec,hobbit
0.0,0.0,XGboost,Emo2Vec,hobbit
88.69,87.75,Reg_Logistica,DeepMoji,hobbit
84.47,79.65,Random_Forest,DeepMoji,hobbit
91.57,90.73,SVM,DeepMoji,hobbit
90.03,88.49,MLPClassifier,DeepMoji,hobbit
0.0,0.0,XGboost,DeepMoji,hobbit
91.56,90.61,Reg_Logistica,EWE,hobbit
86.58,82.74,Random_Forest,EWE,hobbit
90.22,89.26,SVM,EWE,hobbit
92.14,91.08,MLPClassifier,EWE,hobbit
0.0,0.0,XGboost,EWE,hobbit
84.47,83.17,Reg_Logistica,W2V-GN,hobbit
84.66,79.47,Random_Forest,W2V-GN,hobbit
89.66,88.56,SVM,W2V-GN,hobbit
90.03,88.61,MLPClassifier,W2V-GN,hobbit
0.0,0.0,XGboost,W2V-GN,hobbit
91.37,90.2,Reg_Logistica,TFIDF,hobbit
92.91,91.91,Random_Forest,TFIDF,hobbit
93.29,91.73,SVM,TFIDF,hobbit
87.17,84.17,MLPClassifier,TFIDF,hobbit
92.71,91.77,XGboost,TFIDF,hobbit
90.79,89.96,Reg_Logistica,Roberta: roberta-base / STATIC_AVG,hobbit
77.98,66.96,Random_Forest,Roberta: roberta-base / STATIC_AVG,hobbit
92.9,92.08,SVM,Roberta: roberta-base / STATIC_AVG,hobbit
95.01,94.27,MLPClassifier,Roberta: roberta-base / STATIC_AVG,hobbit
86.97,84.46,XGboost,Roberta: roberta-base / STATIC_AVG,hobbit
80.82,79.66,Reg_Logistica,Bert: bert-base-uncased / STATIC_AVG,hobbit
79.31,70.73,Random_Forest,Bert: bert-base-uncased / STATIC_AVG,hobbit
91.75,90.92,SVM,Bert: bert-base-uncased / STATIC_AVG,hobbit
94.82,94.08,MLPClassifier,Bert: bert-base-uncased / STATIC_AVG,hobbit
87.73,85.24,XGboost,Bert: bert-base-uncased / STATIC_AVG,hobbit
55.17,54.71,Reg_Logistica,W2VEdin,sentiment140
55.44,54.81,Random_Forest,W2VEdin,sentiment140
55.98,55.24,SVM,W2VEdin,sentiment140
55.74,55.45,MLPClassifier,W2VEdin,sentiment140
0.0,0.0,XGboost,W2VEdin,sentiment140
80.51,80.33,Reg_Logistica,W2VAraque,sentiment140
79.1,79.07,Random_Forest,W2VAraque,sentiment140
82.71,82.6,SVM,W2VAraque,sentiment140
79.92,79.84,MLPClassifier,W2VAraque,sentiment140
0.0,0.0,XGboost,W2VAraque,sentiment140
83.29,83.21,Reg_Logistica,GloveWP,sentiment140
75.2,75.06,Random_Forest,GloveWP,sentiment140
83.02,82.94,SVM,GloveWP,sentiment140
79.1,79.01,MLPClassifier,GloveWP,sentiment140
0.0,0.0,XGboost,GloveWP,sentiment140
54.05,53.0,Reg_Logistica,GloveTW,sentiment140
57.94,57.54,Random_Forest,GloveTW,sentiment140
49.86,46.73,SVM,GloveTW,sentiment140
51.53,51.16,MLPClassifier,GloveTW,sentiment140
0.0,0.0,XGboost,GloveTW,sentiment140
82.74,82.62,Reg_Logistica,FastText,sentiment140
77.98,77.8,Random_Forest,FastText,sentiment140
83.56,83.46,SVM,FastText,sentiment140
80.49,80.36,MLPClassifier,FastText,sentiment140
0.0,0.0,XGboost,FastText,sentiment140
74.94,74.78,Reg_Logistica,SSWE,sentiment140
70.49,70.28,Random_Forest,SSWE,sentiment140
71.88,71.52,SVM,SSWE,sentiment140
69.91,69.86,MLPClassifier,SSWE,sentiment140
0.0,0.0,XGboost,SSWE,sentiment140
84.13,84.08,Reg_Logistica,Emo2Vec,sentiment140
82.73,82.66,Random_Forest,Emo2Vec,sentiment140
85.24,85.18,SVM,Emo2Vec,sentiment140
82.72,82.62,MLPClassifier,Emo2Vec,sentiment140
0.0,0.0,XGboost,Emo2Vec,sentiment140
80.78,80.69,Reg_Logistica,DeepMoji,sentiment140
76.88,76.86,Random_Forest,DeepMoji,sentiment140
80.23,80.16,SVM,DeepMoji,sentiment140
76.33,76.23,MLPClassifier,DeepMoji,sentiment140
0.0,0.0,XGboost,DeepMoji,sentiment140
84.11,84.08,Reg_Logistica,EWE,sentiment140
79.39,79.28,Random_Forest,EWE,sentiment140
83.01,82.96,SVM,EWE,sentiment140
82.73,82.66,MLPClassifier,EWE,sentiment140
0.0,0.0,XGboost,EWE,sentiment140
84.94,84.89,Reg_Logistica,W2V-GN,sentiment140
81.62,81.58,Random_Forest,W2V-GN,sentiment140
85.22,85.18,SVM,W2V-GN,sentiment140
81.33,81.26,MLPClassifier,W2V-GN,sentiment140
0.0,0.0,XGboost,W2V-GN,sentiment140
80.2,80.1,Reg_Logistica,TFIDF,sentiment140
77.41,76.92,Random_Forest,TFIDF,sentiment140
81.59,81.46,SVM,TFIDF,sentiment140
79.92,79.81,MLPClassifier,TFIDF,sentiment140
69.09,68.8,XGboost,TFIDF,sentiment140
83.0,82.92,Reg_Logistica,Roberta: roberta-base / STATIC_AVG,sentiment140
78.57,78.51,Random_Forest,Roberta: roberta-base / STATIC_AVG,sentiment140
84.94,84.87,SVM,Roberta: roberta-base / STATIC_AVG,sentiment140
83.83,83.78,MLPClassifier,Roberta: roberta-base / STATIC_AVG,sentiment140
78.0,77.95,XGboost,Roberta: roberta-base / STATIC_AVG,sentiment140
76.06,75.95,Reg_Logistica,Bert: bert-base-uncased / STATIC_AVG,sentiment140
74.65,74.52,Random_Forest,Bert: bert-base-uncased / STATIC_AVG,sentiment140
81.06,80.96,SVM,Bert: bert-base-uncased / STATIC_AVG,sentiment140
85.48,85.46,MLPClassifier,Bert: bert-base-uncased / STATIC_AVG,sentiment140
74.11,73.94,XGboost,Bert: bert-base-uncased / STATIC_AVG,sentiment140
69.44,57.21,Reg_Logistica,W2VEdin,SemEval15-Task11
84.73,47.28,Random_Forest,W2VEdin,SemEval15-Task11
81.61,70.99,SVM,W2VEdin,SemEval15-Task11
86.92,69.86,MLPClassifier,W2VEdin,SemEval15-Task11
0.0,0.0,XGboost,W2VEdin,SemEval15-Task11
79.74,65.1,Reg_Logistica,W2VAraque,SemEval15-Task11
85.36,46.05,Random_Forest,W2VAraque,SemEval15-Task11
87.54,66.33,SVM,W2VAraque,SemEval15-Task11
85.35,63.95,MLPClassifier,W2VAraque,SemEval15-Task11
0.0,0.0,XGboost,W2VAraque,SemEval15-Task11
81.32,66.39,Reg_Logistica,GloveWP,SemEval15-Task11
85.67,48.13,Random_Forest,GloveWP,SemEval15-Task11
83.2,65.74,SVM,GloveWP,SemEval15-Task11
85.04,65.3,MLPClassifier,GloveWP,SemEval15-Task11
0.0,0.0,XGboost,GloveWP,SemEval15-Task11
52.98,47.39,Reg_Logistica,GloveTW,SemEval15-Task11
76.0,50.13,Random_Forest,GloveTW,SemEval15-Task11
53.93,48.49,SVM,GloveTW,SemEval15-Task11
83.16,58.42,MLPClassifier,GloveTW,SemEval15-Task11
0.0,0.0,XGboost,GloveTW,SemEval15-Task11
74.81,61.94,Reg_Logistica,FastText,SemEval15-Task11
85.36,46.05,Random_Forest,FastText,SemEval15-Task11
81.95,68.13,SVM,FastText,SemEval15-Task11
87.54,70.42,MLPClassifier,FastText,SemEval15-Task11
0.0,0.0,XGboost,FastText,SemEval15-Task11
71.98,62.36,Reg_Logistica,SSWE,SemEval15-Task11
84.74,45.86,Random_Forest,SSWE,SemEval15-Task11
65.44,58.77,SVM,SSWE,SemEval15-Task11
83.51,62.26,MLPClassifier,SSWE,SemEval15-Task11
0.0,0.0,XGboost,SSWE,SemEval15-Task11
81.0,69.06,Reg_Logistica,Emo2Vec,SemEval15-Task11
85.98,49.87,Random_Forest,Emo2Vec,SemEval15-Task11
83.49,71.2,SVM,Emo2Vec,SemEval15-Task11
86.29,66.89,MLPClassifier,Emo2Vec,SemEval15-Task11
0.0,0.0,XGboost,Emo2Vec,SemEval15-Task11
83.49,69.96,Reg_Logistica,DeepMoji,SemEval15-Task11
85.98,49.54,Random_Forest,DeepMoji,SemEval15-Task11
87.85,73.15,SVM,DeepMoji,SemEval15-Task11
86.61,71.13,MLPClassifier,DeepMoji,SemEval15-Task11
0.0,0.0,XGboost,DeepMoji,SemEval15-Task11
85.08,73.19,Reg_Logistica,EWE,SemEval15-Task11
85.36,46.05,Random_Forest,EWE,SemEval15-Task11
88.8,75.02,SVM,EWE,SemEval15-Task11
86.64,70.27,MLPClassifier,EWE,SemEval15-Task11
0.0,0.0,XGboost,EWE,SemEval15-Task11
81.32,67.06,Reg_Logistica,W2V-GN,SemEval15-Task11
85.36,46.05,Random_Forest,W2V-GN,SemEval15-Task11
87.88,69.91,SVM,W2V-GN,SemEval15-Task11
84.43,66.98,MLPClassifier,W2V-GN,SemEval15-Task11
0.0,0.0,XGboost,W2V-GN,SemEval15-Task11
90.35,75.63,Reg_Logistica,TFIDF,SemEval15-Task11
88.78,66.89,Random_Forest,TFIDF,SemEval15-Task11
87.23,58.51,SVM,TFIDF,SemEval15-Task11
86.91,59.82,MLPClassifier,TFIDF,SemEval15-Task11
88.78,72.27,XGboost,TFIDF,SemEval15-Task11
86.6,74.79,Reg_Logistica,Roberta: roberta-base / STATIC_AVG,SemEval15-Task11
85.36,46.05,Random_Forest,Roberta: roberta-base / STATIC_AVG,SemEval15-Task11
90.34,78.48,SVM,Roberta: roberta-base / STATIC_AVG,SemEval15-Task11
87.85,69.78,MLPClassifier,Roberta: roberta-base / STATIC_AVG,SemEval15-Task11
86.91,60.93,XGboost,Roberta: roberta-base / STATIC_AVG,SemEval15-Task11
84.72,72.61,Reg_Logistica,Bert: bert-base-uncased / STATIC_AVG,SemEval15-Task11
85.36,46.05,Random_Forest,Bert: bert-base-uncased / STATIC_AVG,SemEval15-Task11
89.72,77.04,SVM,Bert: bert-base-uncased / STATIC_AVG,SemEval15-Task11
89.73,74.74,MLPClassifier,Bert: bert-base-uncased / STATIC_AVG,SemEval15-Task11
86.92,62.95,XGboost,Bert: bert-base-uncased / STATIC_AVG,SemEval15-Task11
62.02,61.73,Reg_Logistica,W2VEdin,Narr-KDML-2012
62.1,57.95,Random_Forest,W2VEdin,Narr-KDML-2012
62.92,62.85,SVM,W2VEdin,Narr-KDML-2012
63.57,59.96,MLPClassifier,W2VEdin,Narr-KDML-2012
0.0,0.0,XGboost,W2VEdin,Narr-KDML-2012
83.29,82.88,Reg_Logistica,W2VAraque,Narr-KDML-2012
79.7,77.64,Random_Forest,W2VAraque,Narr-KDML-2012
84.18,83.72,SVM,W2VAraque,Narr-KDML-2012
83.21,82.37,MLPClassifier,W2VAraque,Narr-KDML-2012
0.0,0.0,XGboost,W2VAraque,Narr-KDML-2012
84.35,83.79,Reg_Logistica,GloveWP,Narr-KDML-2012
76.85,74.01,Random_Forest,GloveWP,Narr-KDML-2012
83.94,83.5,SVM,GloveWP,Narr-KDML-2012
83.37,82.53,MLPClassifier,GloveWP,Narr-KDML-2012
0.0,0.0,XGboost,GloveWP,Narr-KDML-2012
57.94,57.52,Reg_Logistica,GloveTW,Narr-KDML-2012
55.34,54.62,Random_Forest,GloveTW,Narr-KDML-2012
56.64,56.04,SVM,GloveTW,Narr-KDML-2012
58.6,52.27,MLPClassifier,GloveTW,Narr-KDML-2012
0.0,0.0,XGboost,GloveTW,Narr-KDML-2012
82.64,82.27,Reg_Logistica,FastText,Narr-KDML-2012
79.3,76.45,Random_Forest,FastText,Narr-KDML-2012
84.03,83.76,SVM,FastText,Narr-KDML-2012
83.54,82.79,MLPClassifier,FastText,Narr-KDML-2012
0.0,0.0,XGboost,FastText,Narr-KDML-2012
74.25,73.74,Reg_Logistica,SSWE,Narr-KDML-2012
73.36,71.49,Random_Forest,SSWE,Narr-KDML-2012
74.09,73.55,SVM,SSWE,Narr-KDML-2012
71.81,70.39,MLPClassifier,SSWE,Narr-KDML-2012
0.0,0.0,XGboost,SSWE,Narr-KDML-2012
88.26,87.91,Reg_Logistica,Emo2Vec,Narr-KDML-2012
88.84,88.29,Random_Forest,Emo2Vec,Narr-KDML-2012
88.18,87.83,SVM,Emo2Vec,Narr-KDML-2012
87.69,87.14,MLPClassifier,Emo2Vec,Narr-KDML-2012
0.0,0.0,XGboost,Emo2Vec,Narr-KDML-2012
87.61,87.27,Reg_Logistica,DeepMoji,Narr-KDML-2012
83.94,82.57,Random_Forest,DeepMoji,Narr-KDML-2012
88.75,88.38,SVM,DeepMoji,Narr-KDML-2012
88.51,87.99,MLPClassifier,DeepMoji,Narr-KDML-2012
0.0,0.0,XGboost,DeepMoji,Narr-KDML-2012
84.43,83.95,Reg_Logistica,EWE,Narr-KDML-2012
76.69,73.6,Random_Forest,EWE,Narr-KDML-2012
83.78,83.42,SVM,EWE,Narr-KDML-2012
83.7,82.97,MLPClassifier,EWE,Narr-KDML-2012
0.0,0.0,XGboost,EWE,Narr-KDML-2012
84.19,83.75,Reg_Logistica,W2V-GN,Narr-KDML-2012
79.14,76.78,Random_Forest,W2V-GN,Narr-KDML-2012
84.51,84.08,SVM,W2V-GN,Narr-KDML-2012
85.0,84.25,MLPClassifier,W2V-GN,Narr-KDML-2012
0.0,0.0,XGboost,W2V-GN,Narr-KDML-2012
80.44,79.82,Reg_Logistica,TFIDF,Narr-KDML-2012
79.06,77.73,Random_Forest,TFIDF,Narr-KDML-2012
80.36,79.32,SVM,TFIDF,Narr-KDML-2012
81.5,80.42,MLPClassifier,TFIDF,Narr-KDML-2012
77.6,76.49,XGboost,TFIDF,Narr-KDML-2012
85.33,84.88,Reg_Logistica,Roberta: roberta-base / STATIC_AVG,Narr-KDML-2012
74.9,70.56,Random_Forest,Roberta: roberta-base / STATIC_AVG,Narr-KDML-2012
87.21,86.82,SVM,Roberta: roberta-base / STATIC_AVG,Narr-KDML-2012
87.12,86.49,MLPClassifier,Roberta: roberta-base / STATIC_AVG,Narr-KDML-2012
81.1,79.73,XGboost,Roberta: roberta-base / STATIC_AVG,Narr-KDML-2012
77.5,77.07,Reg_Logistica,Bert: bert-base-uncased / STATIC_AVG,Narr-KDML-2012
74.57,70.47,Random_Forest,Bert: bert-base-uncased / STATIC_AVG,Narr-KDML-2012
83.62,83.09,SVM,Bert: bert-base-uncased / STATIC_AVG,Narr-KDML-2012
85.33,84.59,MLPClassifier,Bert: bert-base-uncased / STATIC_AVG,Narr-KDML-2012
79.55,77.96,XGboost,Bert: bert-base-uncased / STATIC_AVG,Narr-KDML-2012
59.07,58.93,Reg_Logistica,W2VEdin,Target-dependent
60.05,60.02,Random_Forest,W2VEdin,Target-dependent
59.85,59.8,SVM,W2VEdin,Target-dependent
60.89,60.63,MLPClassifier,W2VEdin,Target-dependent
0.0,0.0,XGboost,W2VEdin,Target-dependent
81.08,81.06,Reg_Logistica,W2VAraque,Target-dependent
76.75,76.75,Random_Forest,W2VAraque,Target-dependent
81.4,81.39,SVM,W2VAraque,Target-dependent
80.24,80.24,MLPClassifier,W2VAraque,Target-dependent
0.0,0.0,XGboost,W2VAraque,Target-dependent
80.94,80.92,Reg_Logistica,GloveWP,Target-dependent
77.07,77.06,Random_Forest,GloveWP,Target-dependent
81.92,81.91,SVM,GloveWP,Target-dependent
79.09,79.08,MLPClassifier,GloveWP,Target-dependent
0.0,0.0,XGboost,GloveWP,Target-dependent
58.44,58.24,Reg_Logistica,GloveTW,Target-dependent
55.55,55.43,Random_Forest,GloveTW,Target-dependent
58.44,58.32,SVM,GloveTW,Target-dependent
56.39,55.96,MLPClassifier,GloveTW,Target-dependent
0.0,0.0,XGboost,GloveTW,Target-dependent
82.38,82.37,Reg_Logistica,FastText,Target-dependent
79.9,79.89,Random_Forest,FastText,Target-dependent
83.82,83.81,SVM,FastText,Target-dependent
79.81,79.8,MLPClassifier,FastText,Target-dependent
0.0,0.0,XGboost,FastText,Target-dependent
68.67,68.62,Reg_Logistica,SSWE,Target-dependent
66.86,66.83,Random_Forest,SSWE,Target-dependent
69.43,69.32,SVM,SSWE,Target-dependent
64.29,64.23,MLPClassifier,SSWE,Target-dependent
0.0,0.0,XGboost,SSWE,Target-dependent
82.41,82.39,Reg_Logistica,Emo2Vec,Target-dependent
81.11,81.08,Random_Forest,Emo2Vec,Target-dependent
82.75,82.73,SVM,Emo2Vec,Target-dependent
78.71,78.7,MLPClassifier,Emo2Vec,Target-dependent
0.0,0.0,XGboost,Emo2Vec,Target-dependent
81.94,81.91,Reg_Logistica,DeepMoji,Target-dependent
78.57,78.53,Random_Forest,DeepMoji,Target-dependent
83.13,83.1,SVM,DeepMoji,Target-dependent
79.18,79.15,MLPClassifier,DeepMoji,Target-dependent
0.0,0.0,XGboost,DeepMoji,Target-dependent
82.64,82.63,Reg_Logistica,EWE,Target-dependent
79.49,79.48,Random_Forest,EWE,Target-dependent
83.18,83.18,SVM,EWE,Target-dependent
80.67,80.67,MLPClassifier,EWE,Target-dependent
0.0,0.0,XGboost,EWE,Target-dependent
82.49,82.49,Reg_Logistica,W2V-GN,Target-dependent
80.16,80.15,Random_Forest,W2V-GN,Target-dependent
83.67,83.67,SVM,W2V-GN,Target-dependent
81.71,81.7,MLPClassifier,W2V-GN,Target-dependent
0.0,0.0,XGboost,W2V-GN,Target-dependent
81.63,81.61,Reg_Logistica,TFIDF,Target-dependent
80.39,80.38,Random_Forest,TFIDF,Target-dependent
82.35,82.33,SVM,TFIDF,Target-dependent
78.2,78.18,MLPClassifier,TFIDF,Target-dependent
79.98,79.97,XGboost,TFIDF,Target-dependent
83.07,83.06,Reg_Logistica,Roberta: roberta-base / STATIC_AVG,Target-dependent
76.38,76.35,Random_Forest,Roberta: roberta-base / STATIC_AVG,Target-dependent
84.42,84.42,SVM,Roberta: roberta-base / STATIC_AVG,Target-dependent
81.63,81.62,MLPClassifier,Roberta: roberta-base / STATIC_AVG,Target-dependent
78.91,78.9,XGboost,Roberta: roberta-base / STATIC_AVG,Target-dependent
76.92,76.9,Reg_Logistica,Bert: bert-base-uncased / STATIC_AVG,Target-dependent
74.73,74.71,Random_Forest,Bert: bert-base-uncased / STATIC_AVG,Target-dependent
83.44,83.43,SVM,Bert: bert-base-uncased / STATIC_AVG,Target-dependent
79.9,79.86,MLPClassifier,Bert: bert-base-uncased / STATIC_AVG,Target-dependent
78.31,78.29,XGboost,Bert: bert-base-uncased / STATIC_AVG,Target-dependent
58.27,56.73,Reg_Logistica,W2VEdin,SemEval13
73.0,48.72,Random_Forest,W2VEdin,SemEval13
59.75,58.27,SVM,W2VEdin,SemEval13
69.44,58.65,MLPClassifier,W2VEdin,SemEval13
0.0,0.0,XGboost,W2VEdin,SemEval13
77.25,74.39,Reg_Logistica,W2VAraque,SemEval13
75.45,55.81,Random_Forest,W2VAraque,SemEval13
79.19,75.95,SVM,W2VAraque,SemEval13
79.58,73.68,MLPClassifier,W2VAraque,SemEval13
0.0,0.0,XGboost,W2VAraque,SemEval13
78.78,75.75,Reg_Logistica,GloveWP,SemEval13
74.85,52.91,Random_Forest,GloveWP,SemEval13
78.53,75.83,SVM,GloveWP,SemEval13
79.99,74.06,MLPClassifier,GloveWP,SemEval13
0.0,0.0,XGboost,GloveWP,SemEval13
51.35,51.18,Reg_Logistica,GloveTW,SemEval13
66.54,53.77,Random_Forest,GloveTW,SemEval13
51.51,51.37,SVM,GloveTW,SemEval13
71.49,53.46,MLPClassifier,GloveTW,SemEval13
0.0,0.0,XGboost,GloveTW,SemEval13
78.42,75.71,Reg_Logistica,FastText,SemEval13
75.01,52.27,Random_Forest,FastText,SemEval13
79.49,76.82,SVM,FastText,SemEval13
81.34,76.03,MLPClassifier,FastText,SemEval13
0.0,0.0,XGboost,FastText,SemEval13
71.86,68.47,Reg_Logistica,SSWE,SemEval13
76.77,62.36,Random_Forest,SSWE,SemEval13
70.79,67.68,SVM,SSWE,SemEval13
72.68,64.68,MLPClassifier,SSWE,SemEval13
0.0,0.0,XGboost,SSWE,SemEval13
87.78,85.54,Reg_Logistica,Emo2Vec,SemEval13
87.44,83.2,Random_Forest,Emo2Vec,SemEval13
87.85,85.63,SVM,Emo2Vec,SemEval13
87.19,83.85,MLPClassifier,Emo2Vec,SemEval13
0.0,0.0,XGboost,Emo2Vec,SemEval13
80.11,77.42,Reg_Logistica,DeepMoji,SemEval13
76.89,59.64,Random_Forest,DeepMoji,SemEval13
81.64,78.85,SVM,DeepMoji,SemEval13
82.12,77.11,MLPClassifier,DeepMoji,SemEval13
0.0,0.0,XGboost,DeepMoji,SemEval13
79.67,76.61,Reg_Logistica,EWE,SemEval13
75.26,54.26,Random_Forest,EWE,SemEval13
78.39,75.52,SVM,EWE,SemEval13
80.2,74.29,MLPClassifier,EWE,SemEval13
0.0,0.0,XGboost,EWE,SemEval13
80.36,77.46,Reg_Logistica,W2V-GN,SemEval13
76.25,56.66,Random_Forest,W2V-GN,SemEval13
81.52,78.43,SVM,W2V-GN,SemEval13
81.8,76.4,MLPClassifier,W2V-GN,SemEval13
0.0,0.0,XGboost,W2V-GN,SemEval13
78.73,74.35,Reg_Logistica,TFIDF,SemEval13
77.27,61.64,Random_Forest,TFIDF,SemEval13
80.52,72.24,SVM,TFIDF,SemEval13
79.69,72.7,MLPClassifier,TFIDF,SemEval13
78.8,68.47,XGboost,TFIDF,SemEval13
81.11,78.24,Reg_Logistica,Roberta: roberta-base / STATIC_AVG,SemEval13
74.33,48.8,Random_Forest,Roberta: roberta-base / STATIC_AVG,SemEval13
83.6,80.4,SVM,Roberta: roberta-base / STATIC_AVG,SemEval13
83.24,78.73,MLPClassifier,Roberta: roberta-base / STATIC_AVG,SemEval13
79.95,70.23,XGboost,Roberta: roberta-base / STATIC_AVG,SemEval13
72.77,70.19,Reg_Logistica,Bert: bert-base-uncased / STATIC_AVG,SemEval13
74.44,49.83,Random_Forest,Bert: bert-base-uncased / STATIC_AVG,SemEval13
81.59,78.67,SVM,Bert: bert-base-uncased / STATIC_AVG,SemEval13
82.37,77.83,MLPClassifier,Bert: bert-base-uncased / STATIC_AVG,SemEval13
79.19,68.52,XGboost,Bert: bert-base-uncased / STATIC_AVG,SemEval13
59.9,57.14,Reg_Logistica,W2VEdin,HCR
73.43,53.78,Random_Forest,W2VEdin,HCR
65.61,62.68,SVM,W2VEdin,HCR
70.6,63.13,MLPClassifier,W2VEdin,HCR
0.0,0.0,XGboost,W2VEdin,HCR
68.86,64.9,Reg_Logistica,W2VAraque,HCR
74.0,50.74,Random_Forest,W2VAraque,HCR
73.95,69.17,SVM,W2VAraque,HCR
75.47,67.78,MLPClassifier,W2VAraque,HCR
0.0,0.0,XGboost,W2VAraque,HCR
71.9,68.56,Reg_Logistica,GloveWP,HCR
73.43,48.63,Random_Forest,GloveWP,HCR
72.58,68.96,SVM,GloveWP,HCR
76.31,68.93,MLPClassifier,GloveWP,HCR
0.0,0.0,XGboost,GloveWP,HCR
58.07,57.29,Reg_Logistica,GloveTW,HCR
68.66,59.2,Random_Forest,GloveTW,HCR
58.91,58.13,SVM,GloveTW,HCR
71.86,57.55,MLPClassifier,GloveTW,HCR
0.0,0.0,XGboost,GloveTW,HCR
68.92,66.04,Reg_Logistica,FastText,HCR
74.06,50.92,Random_Forest,FastText,HCR
72.64,69.78,SVM,FastText,HCR
76.15,69.63,MLPClassifier,FastText,HCR
0.0,0.0,XGboost,FastText,HCR
61.68,58.43,Reg_Logistica,SSWE,HCR
73.06,50.97,Random_Forest,SSWE,HCR
63.62,59.51,SVM,SSWE,HCR
68.08,58.01,MLPClassifier,SSWE,HCR
0.0,0.0,XGboost,SSWE,HCR
67.55,64.29,Reg_Logistica,Emo2Vec,HCR
74.58,56.23,Random_Forest,Emo2Vec,HCR
70.54,66.96,SVM,Emo2Vec,HCR
75.36,67.77,MLPClassifier,Emo2Vec,HCR
0.0,0.0,XGboost,Emo2Vec,HCR
68.34,64.59,Reg_Logistica,DeepMoji,HCR
74.58,52.36,Random_Forest,DeepMoji,HCR
73.21,68.79,SVM,DeepMoji,HCR
74.95,67.32,MLPClassifier,DeepMoji,HCR
0.0,0.0,XGboost,DeepMoji,HCR
73.0,69.58,Reg_Logistica,EWE,HCR
74.27,51.47,Random_Forest,EWE,HCR
71.59,68.26,SVM,EWE,HCR
77.2,71.09,MLPClassifier,EWE,HCR
0.0,0.0,XGboost,EWE,HCR
72.43,69.42,Reg_Logistica,W2V-GN,HCR
74.63,52.71,Random_Forest,W2V-GN,HCR
74.78,70.97,SVM,W2V-GN,HCR
77.09,70.74,MLPClassifier,W2V-GN,HCR
0.0,0.0,XGboost,W2V-GN,HCR
78.09,73.37,Reg_Logistica,TFIDF,HCR
78.83,66.45,Random_Forest,TFIDF,HCR
80.24,72.16,SVM,TFIDF,HCR
76.94,70.34,MLPClassifier,TFIDF,HCR
78.93,71.02,XGboost,TFIDF,HCR
74.36,71.24,Reg_Logistica,Roberta: roberta-base / STATIC_AVG,HCR
74.42,52.27,Random_Forest,Roberta: roberta-base / STATIC_AVG,HCR
78.3,74.55,SVM,Roberta: roberta-base / STATIC_AVG,HCR
77.09,72.01,MLPClassifier,Roberta: roberta-base / STATIC_AVG,HCR
78.98,69.19,XGboost,Roberta: roberta-base / STATIC_AVG,HCR
65.2,62.42,Reg_Logistica,Bert: bert-base-uncased / STATIC_AVG,HCR
75.16,55.54,Random_Forest,Bert: bert-base-uncased / STATIC_AVG,HCR
76.36,72.94,SVM,Bert: bert-base-uncased / STATIC_AVG,HCR
79.09,72.16,MLPClassifier,Bert: bert-base-uncased / STATIC_AVG,HCR
77.72,67.54,XGboost,Bert: bert-base-uncased / STATIC_AVG,HCR
66.89,64.29,Reg_Logistica,W2VEdin,debate08
72.56,67.36,Random_Forest,W2VEdin,debate08
72.35,70.62,SVM,W2VEdin,debate08
70.72,68.87,MLPClassifier,W2VEdin,debate08
0.0,0.0,XGboost,W2VEdin,debate08
75.81,74.41,Reg_Logistica,W2VAraque,debate08
73.03,65.29,Random_Forest,W2VAraque,debate08
77.7,76.01,SVM,W2VAraque,debate08
75.55,73.51,MLPClassifier,W2VAraque,debate08
0.0,0.0,XGboost,W2VAraque,debate08
80.48,79.32,Reg_Logistica,GloveWP,debate08
78.7,73.4,Random_Forest,GloveWP,debate08
82.21,80.91,SVM,GloveWP,debate08
81.53,79.84,MLPClassifier,GloveWP,debate08
0.0,0.0,XGboost,GloveWP,debate08
52.89,51.66,Reg_Logistica,GloveTW,debate08
56.98,55.73,Random_Forest,GloveTW,debate08
57.35,55.93,SVM,GloveTW,debate08
63.06,51.83,MLPClassifier,GloveTW,debate08
0.0,0.0,XGboost,GloveTW,debate08
79.07,77.58,Reg_Logistica,FastText,debate08
75.76,69.71,Random_Forest,FastText,debate08
81.42,80.03,SVM,FastText,debate08
79.59,78.0,MLPClassifier,FastText,debate08
0.0,0.0,XGboost,FastText,debate08
70.67,68.92,Reg_Logistica,SSWE,debate08
74.24,69.15,Random_Forest,SSWE,debate08
72.4,70.26,SVM,SSWE,debate08
69.94,67.55,MLPClassifier,SSWE,debate08
0.0,0.0,XGboost,SSWE,debate08
76.28,75.05,Reg_Logistica,Emo2Vec,debate08
76.08,71.43,Random_Forest,Emo2Vec,debate08
75.76,74.28,SVM,Emo2Vec,debate08
74.55,72.15,MLPClassifier,Emo2Vec,debate08
0.0,0.0,XGboost,Emo2Vec,debate08
75.02,73.85,Reg_Logistica,DeepMoji,debate08
72.98,66.2,Random_Forest,DeepMoji,debate08
77.02,75.71,SVM,DeepMoji,debate08
75.45,73.43,MLPClassifier,DeepMoji,debate08
0.0,0.0,XGboost,DeepMoji,debate08
78.33,77.14,Reg_Logistica,EWE,debate08
75.71,69.69,Random_Forest,EWE,debate08
77.55,76.0,SVM,EWE,debate08
77.39,75.53,MLPClassifier,EWE,debate08
0.0,0.0,XGboost,EWE,debate08
81.58,80.34,Reg_Logistica,W2V-GN,debate08
78.86,74.12,Random_Forest,W2V-GN,debate08
83.79,82.5,SVM,W2V-GN,debate08
82.53,81.09,MLPClassifier,W2V-GN,debate08
0.0,0.0,XGboost,W2V-GN,debate08
78.59,77.02,Reg_Logistica,TFIDF,debate08
76.7,72.6,Random_Forest,TFIDF,debate08
79.22,76.57,SVM,TFIDF,debate08
77.07,75.24,MLPClassifier,TFIDF,debate08
75.5,72.54,XGboost,TFIDF,debate08
81.53,80.33,Reg_Logistica,Roberta: roberta-base / STATIC_AVG,debate08
76.28,70.61,Random_Forest,Roberta: roberta-base / STATIC_AVG,debate08
85.1,83.85,SVM,Roberta: roberta-base / STATIC_AVG,debate08
83.79,82.52,MLPClassifier,Roberta: roberta-base / STATIC_AVG,debate08
79.9,77.31,XGboost,Roberta: roberta-base / STATIC_AVG,debate08
73.5,71.71,Reg_Logistica,Bert: bert-base-uncased / STATIC_AVG,debate08
76.49,70.52,Random_Forest,Bert: bert-base-uncased / STATIC_AVG,debate08
84.15,82.7,SVM,Bert: bert-base-uncased / STATIC_AVG,debate08
82.37,80.66,MLPClassifier,Bert: bert-base-uncased / STATIC_AVG,debate08
79.64,76.7,XGboost,Bert: bert-base-uncased / STATIC_AVG,debate08
