,f1_macro,f1_macro,f1_macro,f1_macro
Embedding,BERTweet_base_transformers_STATIC,Bert: bert-base-uncased / STATIC_AVG,Roberta: roberta-base / STATIC_AVG,TFIDF
Data_Set,,,,
HCR,63.4,62.42,71.62,73.37
Narr-KDML-2012,72.84,77.14,84.88,79.82
STS-gold,72.47,76.3,84.05,81.73
SemEval13,67.95,70.19,78.35,74.35
SemEval15-Task11,66.07,72.61,75.17,75.63
SemEval16,72.41,76.55,81.77,81.04
SemEval17-test,80.36,81.94,87.23,86.32
SemEval18,74.22,75.22,84.67,82.03
SentiStrength,67.34,70.94,79.49,72.99
Target-dependent,72.68,76.9,83.06,81.61
VADER,73.45,78.28,87.43,81.18
archeage,77.73,76.66,86.26,86.11
debate08,72.39,71.78,80.28,77.02
hobbit,74.72,79.66,89.96,90.2
iphone,67.73,68.06,75.56,72.07
irony,41.83,56.53,54.88,36.27
movie,59.92,65.78,73.49,70.61
ntua,68.02,73.46,89.18,72.77
person,63.25,66.57,75.65,73.01
sanders,69.27,69.61,80.08,81.58
sarcasm,56.63,66.16,52.87,50.32
sentiment140,69.12,75.95,82.92,80.1
