,f1_macro,f1_macro,f1_macro,f1_macro
Embedding,BERTweet_base_transformers_STATIC,Bert: bert-base-uncased / STATIC_AVG,Roberta: roberta-base / STATIC_AVG,TFIDF
Data_Set,,,,
HCR,63.32,67.54,68.94,71.02
Narr-KDML-2012,73.77,78.8,79.11,76.49
STS-gold,69.28,75.87,76.04,76.91
SemEval13,63.52,68.52,69.77,68.47
SemEval15-Task11,55.91,62.95,57.04,72.27
SemEval16,69.86,75.1,76.59,76.43
SemEval17-test,79.23,83.81,84.08,83.79
SemEval18,74.33,77.02,79.29,79.92
SentiStrength,66.61,71.15,71.67,68.54
Target-dependent,76.65,78.29,78.9,79.97
VADER,69.48,76.04,79.0,75.91
archeage,82.88,82.02,84.86,83.56
debate08,76.33,77.39,77.77,72.54
hobbit,81.74,85.24,82.79,91.77
iphone,72.56,70.45,72.93,65.9
irony,53.85,53.86,39.42,30.21
movie,51.16,54.96,63.63,64.42
ntua,73.87,75.17,84.41,60.93
person,54.26,60.54,69.5,66.27
sanders,75.79,79.62,79.83,77.56
sarcasm,52.32,53.87,50.19,49.32
sentiment140,67.55,73.94,79.87,68.8
