,f1_macro,f1_macro,f1_macro,f1_macro
Embedding,BERTweet_base_transformers_STATIC,Bert: bert-base-uncased / STATIC_AVG,Roberta: roberta-base / STATIC_AVG,TFIDF
Data_Set,,,,
HCR,48.39,55.54,52.57,66.45
Narr-KDML-2012,65.43,68.73,70.72,77.73
STS-gold,52.94,56.81,59.66,73.41
SemEval13,46.17,49.83,48.99,61.64
SemEval15-Task11,46.05,46.05,46.05,66.89
SemEval16,46.9,56.51,57.24,71.8
SemEval17-test,66.2,73.14,74.78,82.1
SemEval18,68.06,72.09,73.85,77.59
SentiStrength,60.27,65.22,63.51,68.27
Target-dependent,71.01,74.71,76.35,80.38
VADER,50.72,57.99,59.73,73.42
archeage,78.71,78.64,80.23,84.02
debate08,70.52,70.04,69.72,72.6
hobbit,69.69,70.73,72.7,91.91
iphone,63.16,66.01,68.18,67.98
irony,39.77,39.24,39.77,39.77
movie,45.05,45.05,45.05,53.21
ntua,74.31,72.22,81.84,66.35
person,44.91,48.29,44.83,70.17
sanders,74.77,74.09,73.38,79.19
sarcasm,56.72,59.4,43.03,56.33
sentiment140,71.72,74.52,79.87,76.92
