,accuracy,accuracy,accuracy,accuracy
Embedding,BERTweet_base_transformers_STATIC,Bert: bert-base-uncased / STATIC_AVG,Roberta: roberta-base / STATIC_AVG,TFIDF
Data_Set,,,,
HCR,66.09,65.2,74.73,78.09
Narr-KDML-2012,73.36,77.59,85.33,80.44
STS-gold,74.83,78.86,85.79,84.42
SemEval13,70.74,72.77,81.18,78.73
SemEval15-Task11,79.12,84.72,86.91,90.35
SemEval16,75.56,79.54,84.59,84.18
SemEval17-test,81.44,82.87,87.9,87.14
SemEval18,74.56,75.53,84.78,82.3
SentiStrength,67.58,71.17,79.86,73.57
Target-dependent,72.71,76.92,83.07,81.63
VADER,75.69,80.39,88.89,83.65
archeage,78.41,77.24,86.61,86.5
debate08,74.76,73.55,81.48,78.59
hobbit,76.04,80.82,90.79,91.37
iphone,69.18,69.36,77.64,76.31
irony,47.62,60.95,60.95,57.86
movie,69.54,75.24,82.18,84.31
ntua,68.4,73.74,89.58,73.7
person,66.96,70.14,77.67,76.52
sanders,69.94,70.19,80.39,81.86
sarcasm,57.68,67.68,54.82,54.64
sentiment140,69.34,76.06,83.0,80.2
