,accuracy,accuracy,accuracy,accuracy
Embedding,BERTweet_base_transformers_STATIC,Bert: bert-base-uncased / STATIC_AVG,Roberta: roberta-base / STATIC_AVG,TFIDF
Data_Set,,,,
HCR,73.22,76.36,78.3,80.24
Narr-KDML-2012,79.79,83.46,87.21,80.36
STS-gold,82.5,86.97,88.05,83.97
SemEval13,77.02,81.59,83.51,80.52
SemEval15-Task11,84.73,89.72,90.34,87.23
SemEval16,81.46,85.27,86.03,85.85
SemEval17-test,86.07,88.47,89.03,87.95
SemEval18,79.02,84.56,86.5,82.09
SentiStrength,72.3,78.51,80.21,73.48
Target-dependent,79.78,83.44,84.42,82.35
VADER,81.53,87.51,89.3,83.27
archeage,84.46,86.61,87.25,87.54
debate08,82.37,84.15,84.99,79.22
hobbit,88.69,91.75,93.1,93.29
iphone,74.64,79.33,80.08,80.07
irony,44.29,60.24,70.48,64.52
movie,77.02,83.96,85.38,84.67
ntua,80.2,83.47,89.91,74.4
person,67.41,73.32,80.85,80.18
sanders,78.03,81.37,83.41,83.33
sarcasm,60.54,70.54,57.5,54.64
sentiment140,72.16,81.06,84.94,81.59
