,f1_macro,f1_macro,f1_macro,f1_macro
Embedding,BERTweet_base_transformers_STATIC,Bert: bert-base-uncased / STATIC_AVG,Roberta: roberta-base / STATIC_AVG,TFIDF
Data_Set,,,,
HCR,69.71,72.94,74.52,72.16
Narr-KDML-2012,79.3,82.93,86.82,79.32
STS-gold,80.16,84.99,86.17,79.56
SemEval13,73.97,78.67,80.28,72.24
SemEval15-Task11,71.61,77.04,78.48,58.51
SemEval16,78.44,82.48,83.22,81.68
SemEval17-test,85.2,87.75,88.36,86.9
SemEval18,78.75,84.44,86.4,81.55
SentiStrength,72.07,78.2,79.83,72.49
Target-dependent,79.74,83.43,84.42,82.33
VADER,79.44,85.76,87.77,78.48
archeage,84.16,86.37,87.02,87.11
debate08,80.54,82.7,83.75,76.57
hobbit,87.65,90.92,92.29,91.73
iphone,72.92,77.34,78.0,71.55
irony,39.6,54.84,61.16,39.11
movie,66.39,73.72,73.86,58.15
ntua,79.63,83.15,89.42,71.55
person,65.89,70.85,77.86,72.27
sanders,77.57,81.2,83.25,82.99
sarcasm,57.74,69.29,52.61,51.68
sentiment140,72.07,80.96,84.87,81.46
