,accuracy,accuracy,accuracy,accuracy
Embedding,BERTweet_base_transformers_STATIC,Bert: bert-base-uncased / STATIC_AVG,Roberta: roberta-base / STATIC_AVG,TFIDF
Data_Set,,,,
HCR,76.26,77.72,78.62,78.93
Narr-KDML-2012,75.88,80.44,80.53,77.6
STS-gold,77.83,81.61,81.66,81.61
SemEval13,77.23,79.19,79.79,78.8
SemEval15-Task11,85.98,86.92,86.3,88.78
SemEval16,79.64,82.33,83.45,83.47
SemEval17-test,81.38,85.28,85.46,85.19
SemEval18,74.77,77.3,79.56,80.42
SentiStrength,68.89,72.87,73.22,70.12
Target-dependent,76.67,78.31,78.91,79.98
VADER,77.5,81.7,83.72,81.63
archeage,83.53,82.71,85.39,83.99
debate08,79.33,80.17,80.38,75.5
hobbit,84.86,87.73,85.82,92.71
iphone,79.32,77.82,79.32,73.3
irony,69.29,66.67,57.14,42.38
movie,81.82,83.6,85.21,83.79
ntua,75.54,76.59,84.89,62.61
person,70.62,73.58,78.36,73.57
sanders,76.15,79.9,80.07,77.86
sarcasm,56.43,58.93,51.79,51.96
sentiment140,67.68,74.11,79.95,69.09
