,accuracy,accuracy,accuracy,accuracy
Embedding,BERTweet_base_transformers_STATIC,Bert: bert-base-uncased / STATIC_AVG,Roberta: roberta-base / STATIC_AVG,TFIDF
Data_Set,,,,
HCR,73.11,75.16,74.42,78.83
Narr-KDML-2012,71.48,73.51,74.83,79.06
STS-gold,72.32,73.75,75.02,80.53
SemEval13,73.69,74.44,74.44,77.27
SemEval15-Task11,85.36,85.36,85.36,88.78
SemEval16,73.84,76.32,76.62,81.32
SemEval17-test,73.34,77.85,78.73,83.76
SemEval18,69.72,73.16,74.61,78.43
SentiStrength,65.44,69.2,68.24,70.25
Target-dependent,71.04,74.73,76.38,80.39
VADER,72.05,74.36,75.12,80.22
archeage,80.15,80.03,81.32,84.51
debate08,76.55,76.28,75.71,76.7
hobbit,79.31,79.31,80.85,92.91
iphone,75.73,77.08,78.2,78.39
irony,66.19,64.76,66.19,66.19
movie,82.0,82.0,82.0,83.42
ntua,76.96,74.1,83.07,69.75
person,71.07,72.66,70.85,76.54
sanders,75.49,74.76,74.19,79.57
sarcasm,60.54,64.64,50.71,60.54
sentiment140,71.85,74.65,79.95,77.41
