,f1_macro,f1_macro,f1_macro,f1_macro
Embedding,BERTweet_base_transformers_STATIC,Bert: bert-base-uncased / STATIC_AVG,Roberta: roberta-base / STATIC_AVG,TFIDF
Data_Set,,,,
HCR,70.08,72.16,71.0,70.34
Narr-KDML-2012,82.11,84.29,86.22,80.42
STS-gold,82.53,84.82,85.74,81.18
SemEval13,76.69,77.76,79.21,72.7
SemEval15-Task11,72.35,74.74,69.86,59.82
SemEval16,79.78,80.12,81.53,78.95
SemEval17-test,85.29,85.26,86.85,84.6
SemEval18,79.8,83.1,84.93,81.18
SentiStrength,73.64,76.38,76.76,69.93
Target-dependent,79.28,79.86,81.62,78.18
VADER,83.17,85.45,86.57,79.28
archeage,85.94,85.41,87.29,85.22
debate08,77.71,80.85,82.85,75.24
hobbit,91.1,94.08,93.59,84.17
iphone,77.62,78.03,78.37,73.46
irony,51.78,54.29,60.8,35.43
movie,69.59,75.55,75.48,67.52
ntua,91.08,87.87,88.85,74.95
person,70.61,74.23,74.91,74.05
sanders,82.01,82.17,82.56,84.35
sarcasm,52.87,59.87,51.78,47.63
sentiment140,75.68,85.46,83.22,79.81
