,accuracy,accuracy,accuracy,accuracy
Embedding,BERTweet_base_transformers_STATIC,Bert: bert-base-uncased / STATIC_AVG,Roberta: roberta-base / STATIC_AVG,TFIDF
Data_Set,,,,
HCR,75.68,79.09,76.52,76.94
Narr-KDML-2012,82.89,85.09,86.88,81.5
STS-gold,85.35,86.87,87.91,84.51
SemEval13,81.36,82.32,83.67,79.69
SemEval15-Task11,89.41,89.73,88.16,86.91
SemEval16,84.07,84.27,85.34,83.95
SemEval17-test,86.18,86.18,87.73,85.66
SemEval18,79.93,83.16,84.99,81.33
SentiStrength,74.62,77.15,77.5,71.12
Target-dependent,79.29,79.9,81.63,78.2
VADER,85.65,87.54,88.63,82.84
archeage,86.27,85.8,87.6,85.68
debate08,79.12,82.42,84.1,77.07
hobbit,92.34,94.82,94.44,87.17
iphone,81.95,81.75,81.94,78.94
irony,66.19,65.95,70.71,51.9
movie,84.31,86.99,86.63,84.85
ntua,91.32,88.15,89.18,75.87
person,77.21,79.95,79.95,80.42
sanders,82.1,82.35,82.68,84.47
sarcasm,54.82,64.82,54.82,50.54
sentiment140,75.78,85.48,83.27,79.92
