accuracy,f1_macro,Classifier_Model,Embedding,Data_Set
71.15,68.14,XGboost,W2VEdin,SemEval17-test
82.07,80.09,XGboost,W2VAraque,SemEval17-test
85.05,83.75,XGboost,GloveWP,SemEval17-test
66.05,59.37,XGboost,GloveTW,SemEval17-test
87.16,86.09,XGboost,FastText,SemEval17-test
72.44,69.43,XGboost,SSWE,SemEval17-test
84.87,83.67,XGboost,Emo2Vec,SemEval17-test
82.95,81.38,XGboost,DeepMoji,SemEval17-test
85.58,84.37,XGboost,EWE,SemEval17-test
87.32,86.31,XGboost,W2V-GN,SemEval17-test
85.33,83.94,XGboost,Roberta: roberta-base / STATIC_AVG,SemEval17-test
85.19,83.79,XGboost,TFIDF,SemEval17-test
84.76,83.25,XGboost,Bert: bert-base-uncased / STATIC_AVG,SemEval17-test
81.38,79.23,XGboost,BERTweet_base_transformers_STATIC,SemEval17-test
65.28,64.94,XGboost,W2VEdin,sanders
75.97,75.72,XGboost,W2VAraque,sanders
79.33,79.12,XGboost,GloveWP,sanders
55.47,55.0,XGboost,GloveTW,sanders
79.81,79.6,XGboost,FastText,sanders
72.38,72.03,XGboost,SSWE,sanders
81.21,81.04,XGboost,Emo2Vec,sanders
81.61,81.39,XGboost,DeepMoji,sanders
80.06,79.84,XGboost,EWE,sanders
80.71,80.51,XGboost,W2V-GN,sanders
79.65,79.38,XGboost,Roberta: roberta-base / STATIC_AVG,sanders
77.86,77.56,XGboost,TFIDF,sanders
79.5,79.19,XGboost,Bert: bert-base-uncased / STATIC_AVG,sanders
76.15,75.79,XGboost,BERTweet_base_transformers_STATIC,sanders
74.9,61.52,XGboost,W2VEdin,SemEval16
81.01,73.62,XGboost,W2VAraque,SemEval16
83.46,77.17,XGboost,GloveWP,SemEval16
71.35,52.16,XGboost,GloveTW,SemEval16
84.96,79.33,XGboost,FastText,SemEval16
75.88,65.14,XGboost,SSWE,SemEval16
84.09,79.04,XGboost,Emo2Vec,SemEval16
82.29,75.97,XGboost,DeepMoji,SemEval16
84.29,78.33,XGboost,EWE,SemEval16
84.31,78.67,XGboost,W2V-GN,SemEval16
83.54,76.84,XGboost,Roberta: roberta-base / STATIC_AVG,SemEval16
83.47,76.43,XGboost,TFIDF,SemEval16
82.33,75.1,XGboost,Bert: bert-base-uncased / STATIC_AVG,SemEval16
79.64,69.86,XGboost,BERTweet_base_transformers_STATIC,SemEval16
60.04,57.93,XGboost,W2VEdin,ntua
75.2,73.57,XGboost,W2VAraque,ntua
82.37,81.55,XGboost,GloveWP,ntua
59.31,57.0,XGboost,GloveTW,ntua
68.73,66.91,XGboost,FastText,ntua
85.99,85.42,XGboost,SSWE,ntua
76.2,75.25,XGboost,Emo2Vec,ntua
89.95,89.47,XGboost,DeepMoji,ntua
71.24,69.66,XGboost,EWE,ntua
75.22,74.12,XGboost,W2V-GN,ntua
82.75,82.05,XGboost,Roberta: roberta-base / STATIC_AVG,ntua
62.61,60.93,XGboost,TFIDF,ntua
76.59,75.17,XGboost,Bert: bert-base-uncased / STATIC_AVG,ntua
75.54,73.87,XGboost,BERTweet_base_transformers_STATIC,ntua
67.56,67.25,XGboost,W2VEdin,SemEval18
71.0,70.49,XGboost,W2VAraque,SemEval18
76.22,75.94,XGboost,GloveWP,SemEval18
60.14,58.68,XGboost,GloveTW,SemEval18
78.16,77.94,XGboost,FastText,SemEval18
74.34,74.14,XGboost,SSWE,SemEval18
80.58,80.42,XGboost,Emo2Vec,SemEval18
78.05,77.78,XGboost,DeepMoji,SemEval18
76.17,75.9,XGboost,EWE,SemEval18
78.16,77.9,XGboost,W2V-GN,SemEval18
79.02,78.75,XGboost,Roberta: roberta-base / STATIC_AVG,SemEval18
80.42,79.92,XGboost,TFIDF,SemEval18
77.84,77.57,XGboost,Bert: bert-base-uncased / STATIC_AVG,SemEval18
74.77,74.33,XGboost,BERTweet_base_transformers_STATIC,SemEval18
69.18,58.41,XGboost,W2VEdin,STS-gold
84.96,81.37,XGboost,W2VAraque,STS-gold
81.81,77.0,XGboost,GloveWP,STS-gold
67.01,55.25,XGboost,GloveTW,STS-gold
84.07,79.72,XGboost,FastText,STS-gold
73.3,66.14,XGboost,SSWE,STS-gold
86.92,84.42,XGboost,Emo2Vec,STS-gold
86.09,82.73,XGboost,DeepMoji,STS-gold
83.88,79.74,XGboost,EWE,STS-gold
83.97,79.78,XGboost,W2V-GN,STS-gold
81.32,75.01,XGboost,Roberta: roberta-base / STATIC_AVG,STS-gold
81.61,76.91,XGboost,TFIDF,STS-gold
81.12,75.02,XGboost,Bert: bert-base-uncased / STATIC_AVG,STS-gold
77.83,69.28,XGboost,BERTweet_base_transformers_STATIC,STS-gold
72.27,56.59,XGboost,W2VEdin,SemEval13
79.58,71.18,XGboost,W2VAraque,SemEval13
79.26,70.13,XGboost,GloveWP,SemEval13
70.15,54.05,XGboost,GloveTW,SemEval13
80.4,71.94,XGboost,FastText,SemEval13
76.79,66.62,XGboost,SSWE,SemEval13
87.83,84.35,XGboost,Emo2Vec,SemEval13
81.68,74.7,XGboost,DeepMoji,SemEval13
80.45,71.78,XGboost,EWE,SemEval13
81.02,72.81,XGboost,W2V-GN,SemEval13
79.95,70.23,XGboost,Roberta: roberta-base / STATIC_AVG,SemEval13
78.8,68.47,XGboost,TFIDF,SemEval13
79.19,68.52,XGboost,Bert: bert-base-uncased / STATIC_AVG,SemEval13
77.23,63.52,XGboost,BERTweet_base_transformers_STATIC,SemEval13
67.66,51.29,XGboost,W2VEdin,person
76.08,66.93,XGboost,W2VAraque,person
79.27,71.55,XGboost,GloveWP,person
62.17,46.98,XGboost,GloveTW,person
78.82,71.29,XGboost,FastText,person
72.21,61.52,XGboost,SSWE,person
78.6,72.98,XGboost,Emo2Vec,person
77.24,68.76,XGboost,DeepMoji,person
79.5,72.1,XGboost,EWE,person
77.21,68.33,XGboost,W2V-GN,person
79.95,72.51,XGboost,Roberta: roberta-base / STATIC_AVG,person
73.57,66.27,XGboost,TFIDF,person
73.58,60.54,XGboost,Bert: bert-base-uncased / STATIC_AVG,person
70.62,54.26,XGboost,BERTweet_base_transformers_STATIC,person
67.87,54.36,XGboost,W2VEdin,VADER
83.53,79.41,XGboost,W2VAraque,VADER
83.13,78.77,XGboost,GloveWP,VADER
66.35,52.05,XGboost,GloveTW,VADER
85.51,81.87,XGboost,FastText,VADER
75.48,68.73,XGboost,SSWE,VADER
86.49,83.81,XGboost,Emo2Vec,VADER
85.87,82.68,XGboost,DeepMoji,VADER
84.03,79.96,XGboost,EWE,VADER
85.7,82.16,XGboost,W2V-GN,VADER
84.08,79.45,XGboost,Roberta: roberta-base / STATIC_AVG,VADER
81.63,75.91,XGboost,TFIDF,VADER
81.7,76.04,XGboost,Bert: bert-base-uncased / STATIC_AVG,VADER
77.5,69.48,XGboost,BERTweet_base_transformers_STATIC,VADER
72.46,69.2,XGboost,W2VEdin,debate08
75.44,72.16,XGboost,W2VAraque,debate08
80.38,77.75,XGboost,GloveWP,debate08
61.23,51.87,XGboost,GloveTW,debate08
79.12,76.48,XGboost,FastText,debate08
73.29,69.71,XGboost,SSWE,debate08
75.97,73.11,XGboost,Emo2Vec,debate08
76.08,73.29,XGboost,DeepMoji,debate08
77.7,74.75,XGboost,EWE,debate08
80.59,78.38,XGboost,W2V-GN,debate08
79.9,77.31,XGboost,Roberta: roberta-base / STATIC_AVG,debate08
75.5,72.54,XGboost,TFIDF,debate08
79.64,76.7,XGboost,Bert: bert-base-uncased / STATIC_AVG,debate08
79.33,76.33,XGboost,BERTweet_base_transformers_STATIC,debate08
59.73,59.68,XGboost,W2VEdin,Target-dependent
79.15,79.13,XGboost,W2VAraque,Target-dependent
79.98,79.97,XGboost,GloveWP,Target-dependent
54.86,54.78,XGboost,GloveTW,Target-dependent
80.93,80.92,XGboost,FastText,Target-dependent
65.99,65.97,XGboost,SSWE,Target-dependent
82.09,82.07,XGboost,Emo2Vec,Target-dependent
78.94,78.93,XGboost,DeepMoji,Target-dependent
80.24,80.24,XGboost,EWE,Target-dependent
80.33,80.32,XGboost,W2V-GN,Target-dependent
78.91,78.9,XGboost,Roberta: roberta-base / STATIC_AVG,Target-dependent
79.98,79.97,XGboost,TFIDF,Target-dependent
78.31,78.29,XGboost,Bert: bert-base-uncased / STATIC_AVG,Target-dependent
76.67,76.65,XGboost,BERTweet_base_transformers_STATIC,Target-dependent
72.54,62.89,XGboost,W2VEdin,iphone
80.64,74.83,XGboost,W2VAraque,iphone
81.38,75.1,XGboost,GloveWP,iphone
71.61,61.49,XGboost,GloveTW,iphone
81.0,75.54,XGboost,FastText,iphone
73.3,65.77,XGboost,SSWE,iphone
84.77,80.94,XGboost,Emo2Vec,iphone
80.63,74.78,XGboost,DeepMoji,iphone
79.5,73.28,XGboost,EWE,iphone
79.13,73.42,XGboost,W2V-GN,iphone
78.96,71.69,XGboost,Roberta: roberta-base / STATIC_AVG,iphone
73.3,65.9,XGboost,TFIDF,iphone
79.32,72.64,XGboost,Bert: bert-base-uncased / STATIC_AVG,iphone
79.32,72.56,XGboost,BERTweet_base_transformers_STATIC,iphone
75.32,74.07,XGboost,W2VEdin,archeage
83.88,83.24,XGboost,W2VAraque,archeage
82.71,82.06,XGboost,GloveWP,archeage
71.19,69.87,XGboost,GloveTW,archeage
85.62,85.08,XGboost,FastText,archeage
75.96,74.79,XGboost,SSWE,archeage
83.7,83.04,XGboost,Emo2Vec,archeage
83.35,82.61,XGboost,DeepMoji,archeage
84.17,83.7,XGboost,EWE,archeage
84.34,83.75,XGboost,W2V-GN,archeage
84.75,84.25,XGboost,Roberta: roberta-base / STATIC_AVG,archeage
83.99,83.56,XGboost,TFIDF,archeage
82.71,82.02,XGboost,Bert: bert-base-uncased / STATIC_AVG,archeage
83.53,82.88,XGboost,BERTweet_base_transformers_STATIC,archeage
70.88,63.87,XGboost,W2VEdin,hobbit
88.31,86.16,XGboost,W2VAraque,hobbit
85.04,81.82,XGboost,GloveWP,hobbit
66.47,55.64,XGboost,GloveTW,hobbit
81.6,77.25,XGboost,FastText,hobbit
67.81,58.76,XGboost,SSWE,hobbit
88.12,86.11,XGboost,Emo2Vec,hobbit
87.53,85.4,XGboost,DeepMoji,hobbit
90.99,89.31,XGboost,EWE,hobbit
82.96,79.57,XGboost,W2V-GN,hobbit
86.97,84.46,XGboost,Roberta: roberta-base / STATIC_AVG,hobbit
92.71,91.77,XGboost,TFIDF,hobbit
87.73,85.24,XGboost,Bert: bert-base-uncased / STATIC_AVG,hobbit
84.86,81.74,XGboost,BERTweet_base_transformers_STATIC,hobbit
79.5,45.92,XGboost,W2VEdin,movie
83.07,55.64,XGboost,W2VAraque,movie
82.17,54.7,XGboost,GloveWP,movie
75.58,46.93,XGboost,GloveTW,movie
84.85,61.87,XGboost,FastText,movie
81.81,58.96,XGboost,SSWE,movie
88.06,76.17,XGboost,Emo2Vec,movie
85.91,67.48,XGboost,DeepMoji,movie
84.85,61.59,XGboost,EWE,movie
85.56,64.5,XGboost,W2V-GN,movie
84.49,61.38,XGboost,Roberta: roberta-base / STATIC_AVG,movie
83.79,64.42,XGboost,TFIDF,movie
83.07,55.53,XGboost,Bert: bert-base-uncased / STATIC_AVG,movie
81.82,51.16,XGboost,BERTweet_base_transformers_STATIC,movie
57.65,56.96,XGboost,W2VEdin,sentiment140
79.91,79.87,XGboost,W2VAraque,sentiment140
75.49,75.24,XGboost,GloveWP,sentiment140
55.69,55.03,XGboost,GloveTW,sentiment140
81.33,81.25,XGboost,FastText,sentiment140
70.22,69.98,XGboost,SSWE,sentiment140
83.56,83.47,XGboost,Emo2Vec,sentiment140
77.44,77.4,XGboost,DeepMoji,sentiment140
77.15,77.05,XGboost,EWE,sentiment140
80.49,80.43,XGboost,W2V-GN,sentiment140
78.0,77.95,XGboost,Roberta: roberta-base / STATIC_AVG,sentiment140
69.09,68.8,XGboost,TFIDF,sentiment140
74.11,73.94,XGboost,Bert: bert-base-uncased / STATIC_AVG,sentiment140
67.68,67.55,XGboost,BERTweet_base_transformers_STATIC,sentiment140
46.25,44.26,XGboost,W2VEdin,sarcasm
58.93,56.77,XGboost,W2VAraque,sarcasm
63.21,61.94,XGboost,GloveWP,sarcasm
46.25,44.65,XGboost,GloveTW,sarcasm
66.25,65.06,XGboost,FastText,sarcasm
73.39,71.71,XGboost,SSWE,sarcasm
64.82,61.43,XGboost,Emo2Vec,sarcasm
57.5,56.51,XGboost,DeepMoji,sarcasm
70.54,69.41,XGboost,EWE,sarcasm
63.57,61.87,XGboost,W2V-GN,sarcasm
46.25,43.19,XGboost,Roberta: roberta-base / STATIC_AVG,sarcasm
51.96,49.32,XGboost,TFIDF,sarcasm
57.5,52.96,XGboost,Bert: bert-base-uncased / STATIC_AVG,sarcasm
56.43,52.32,XGboost,BERTweet_base_transformers_STATIC,sarcasm
72.22,58.58,XGboost,W2VEdin,HCR
75.36,61.49,XGboost,W2VAraque,HCR
76.36,64.37,XGboost,GloveWP,HCR
71.07,59.15,XGboost,GloveTW,HCR
76.99,65.49,XGboost,FastText,HCR
71.69,57.26,XGboost,SSWE,HCR
75.26,63.49,XGboost,Emo2Vec,HCR
76.57,64.4,XGboost,DeepMoji,HCR
77.41,66.73,XGboost,EWE,HCR
78.93,69.14,XGboost,W2V-GN,HCR
78.98,69.19,XGboost,Roberta: roberta-base / STATIC_AVG,HCR
78.93,71.02,XGboost,TFIDF,HCR
77.72,67.54,XGboost,Bert: bert-base-uncased / STATIC_AVG,HCR
76.26,63.32,XGboost,BERTweet_base_transformers_STATIC,HCR
84.43,56.44,XGboost,W2VEdin,SemEval15-Task11
87.23,57.46,XGboost,W2VAraque,SemEval15-Task11
86.6,56.34,XGboost,GloveWP,SemEval15-Task11
83.17,50.87,XGboost,GloveTW,SemEval15-Task11
85.05,48.79,XGboost,FastText,SemEval15-Task11
85.36,60.73,XGboost,SSWE,SemEval15-Task11
86.3,63.75,XGboost,Emo2Vec,SemEval15-Task11
87.24,63.28,XGboost,DeepMoji,SemEval15-Task11
86.31,56.35,XGboost,EWE,SemEval15-Task11
85.36,51.77,XGboost,W2V-GN,SemEval15-Task11
86.91,60.93,XGboost,Roberta: roberta-base / STATIC_AVG,SemEval15-Task11
88.78,72.27,XGboost,TFIDF,SemEval15-Task11
86.92,62.95,XGboost,Bert: bert-base-uncased / STATIC_AVG,SemEval15-Task11
85.98,55.91,XGboost,BERTweet_base_transformers_STATIC,SemEval15-Task11
60.96,56.95,XGboost,W2VEdin,Narr-KDML-2012
81.09,80.0,XGboost,W2VAraque,Narr-KDML-2012
80.2,79.02,XGboost,GloveWP,Narr-KDML-2012
57.86,51.98,XGboost,GloveTW,Narr-KDML-2012
81.08,79.66,XGboost,FastText,Narr-KDML-2012
72.71,71.28,XGboost,SSWE,Narr-KDML-2012
87.78,87.16,XGboost,Emo2Vec,Narr-KDML-2012
85.9,85.15,XGboost,DeepMoji,Narr-KDML-2012
83.05,81.93,XGboost,EWE,Narr-KDML-2012
82.72,81.72,XGboost,W2V-GN,Narr-KDML-2012
81.1,79.73,XGboost,Roberta: roberta-base / STATIC_AVG,Narr-KDML-2012
77.6,76.49,XGboost,TFIDF,Narr-KDML-2012
79.55,77.96,XGboost,Bert: bert-base-uncased / STATIC_AVG,Narr-KDML-2012
75.88,73.77,XGboost,BERTweet_base_transformers_STATIC,Narr-KDML-2012
65.0,53.85,XGboost,W2VEdin,irony
59.52,46.16,XGboost,W2VAraque,irony
67.62,54.98,XGboost,GloveWP,irony
55.95,48.96,XGboost,GloveTW,irony
58.57,42.49,XGboost,FastText,irony
55.0,43.94,XGboost,SSWE,irony
74.05,65.82,XGboost,Emo2Vec,irony
64.52,49.3,XGboost,DeepMoji,irony
61.9,46.16,XGboost,EWE,irony
72.38,63.3,XGboost,W2V-GN,irony
55.24,41.13,XGboost,Roberta: roberta-base / STATIC_AVG,irony
42.38,30.21,XGboost,TFIDF,irony
61.43,46.58,XGboost,Bert: bert-base-uncased / STATIC_AVG,irony
69.29,53.85,XGboost,BERTweet_base_transformers_STATIC,irony
57.89,54.81,XGboost,W2VEdin,SentiStrength
74.71,73.53,XGboost,W2VAraque,SentiStrength
72.7,71.24,XGboost,GloveWP,SentiStrength
56.75,53.02,XGboost,GloveTW,SentiStrength
74.97,73.8,XGboost,FastText,SentiStrength
66.89,65.2,XGboost,SSWE,SentiStrength
84.05,83.54,XGboost,Emo2Vec,SentiStrength
75.8,74.85,XGboost,DeepMoji,SentiStrength
73.96,72.62,XGboost,EWE,SentiStrength
76.58,75.52,XGboost,W2V-GN,SentiStrength
73.92,72.42,XGboost,Roberta: roberta-base / STATIC_AVG,SentiStrength
70.12,68.54,XGboost,TFIDF,SentiStrength
72.87,71.15,XGboost,Bert: bert-base-uncased / STATIC_AVG,SentiStrength
68.89,66.61,XGboost,BERTweet_base_transformers_STATIC,SentiStrength
