Data_Set,accuracy,f1_macro,Classifier_Model,Embedding
HCR,78.46,74.0,Reg_Logistica,RoBERTa-250K
Narr-KDML-2012,93.97,93.73,Reg_Logistica,RoBERTa-250K
STS-gold,93.51,92.51,Reg_Logistica,RoBERTa-250K
SemEval13,88.99,86.49,Reg_Logistica,RoBERTa-250K
SemEval15-Task11,87.84,73.93,Reg_Logistica,RoBERTa-250K
SemEval16,89.94,87.72,Reg_Logistica,RoBERTa-250K
SemEval17-test,91.79,91.29,Reg_Logistica,RoBERTa-250K
SemEval18,88.17,88.11,Reg_Logistica,RoBERTa-250K
SentiStrength,85.32,84.96,Reg_Logistica,RoBERTa-250K
Target-dependent,84.42,84.41,Reg_Logistica,RoBERTa-250K
VADER,91.13,89.73,Reg_Logistica,RoBERTa-250K
archeage,90.05,89.85,Reg_Logistica,RoBERTa-250K
debate08,85.36,84.4,Reg_Logistica,RoBERTa-250K
hobbit,87.54,85.91,Reg_Logistica,RoBERTa-250K
iphone,85.71,83.04,Reg_Logistica,RoBERTa-250K
irony,74.05,67.04,Reg_Logistica,RoBERTa-250K
movie,88.58,79.86,Reg_Logistica,RoBERTa-250K
ntua,90.3,90.1,Reg_Logistica,RoBERTa-250K
person,84.52,81.33,Reg_Logistica,RoBERTa-250K
sanders,88.55,88.48,Reg_Logistica,RoBERTa-250K
sarcasm,71.79,70.81,Reg_Logistica,RoBERTa-250K
sentiment140,89.42,89.36,Reg_Logistica,RoBERTa-250K
HCR,79.02,73.68,MLPClassifier,RoBERTa-250K
Narr-KDML-2012,93.75,93.49,MLPClassifier,RoBERTa-250K
STS-gold,93.15,91.97,MLPClassifier,RoBERTa-250K
SemEval13,88.68,85.71,MLPClassifier,RoBERTa-250K
SemEval15-Task11,88.9,73.49,MLPClassifier,RoBERTa-250K
SemEval16,90.27,87.65,MLPClassifier,RoBERTa-250K
SemEval17-test,91.77,91.18,MLPClassifier,RoBERTa-250K
SemEval18,88.58,88.52,MLPClassifier,RoBERTa-250K
SentiStrength,85.39,84.98,MLPClassifier,RoBERTa-250K
Target-dependent,84.44,84.42,MLPClassifier,RoBERTa-250K
VADER,91.35,89.85,MLPClassifier,RoBERTa-250K
archeage,90.51,90.29,MLPClassifier,RoBERTa-250K
debate08,86.41,85.34,MLPClassifier,RoBERTa-250K
hobbit,86.59,84.73,MLPClassifier,RoBERTa-250K
iphone,86.27,83.29,MLPClassifier,RoBERTa-250K
irony,73.01,64.29,MLPClassifier,RoBERTa-250K
movie,87.87,77.33,MLPClassifier,RoBERTa-250K
ntua,90.66,90.45,MLPClassifier,RoBERTa-250K
person,83.31,79.7,MLPClassifier,RoBERTa-250K
sanders,88.85,88.78,MLPClassifier,RoBERTa-250K
sarcasm,67.68,66.1,MLPClassifier,RoBERTa-250K
sentiment140,88.21,88.14,MLPClassifier,RoBERTa-250K
HCR,80.5,72.17,XGboost,RoBERTa-250K
Narr-KDML-2012,91.77,91.4,XGboost,RoBERTa-250K
STS-gold,91.49,89.71,XGboost,RoBERTa-250K
SemEval13,88.24,84.38,XGboost,RoBERTa-250K
SemEval15-Task11,89.1,67.08,XGboost,RoBERTa-250K
SemEval16,89.55,86.31,XGboost,RoBERTa-250K
SemEval17-test,90.91,90.21,XGboost,RoBERTa-250K
SemEval18,86.82,86.7,XGboost,RoBERTa-250K
SentiStrength,85.02,84.43,XGboost,RoBERTa-250K
Target-dependent,83.79,83.78,XGboost,RoBERTa-250K
VADER,90.16,88.04,XGboost,RoBERTa-250K
archeage,90.45,90.22,XGboost,RoBERTa-250K
debate08,85.36,83.73,XGboost,RoBERTa-250K
hobbit,84.09,80.82,XGboost,RoBERTa-250K
iphone,80.65,75.66,XGboost,RoBERTa-250K
irony,58.33,42.02,XGboost,RoBERTa-250K
movie,86.63,69.41,XGboost,RoBERTa-250K
ntua,89.22,88.92,XGboost,RoBERTa-250K
person,82.7,77.13,XGboost,RoBERTa-250K
sanders,86.35,86.24,XGboost,RoBERTa-250K
sarcasm,70.36,68.13,XGboost,RoBERTa-250K
sentiment140,86.63,86.58,XGboost,RoBERTa-250K
HCR,76.41,72.52,SVM,RoBERTa-250K
Narr-KDML-2012,92.74,92.56,SVM,RoBERTa-250K
STS-gold,92.08,91.02,SVM,RoBERTa-250K
SemEval13,86.23,84.03,SVM,RoBERTa-250K
SemEval15-Task11,86.93,75.94,SVM,RoBERTa-250K
SemEval16,88.74,86.64,SVM,RoBERTa-250K
SemEval17-test,91.02,90.51,SVM,RoBERTa-250K
SemEval18,87.14,87.01,SVM,RoBERTa-250K
SentiStrength,85.8,85.55,SVM,RoBERTa-250K
Target-dependent,85.52,85.5,SVM,RoBERTa-250K
VADER,89.85,88.49,SVM,RoBERTa-250K
archeage,88.59,88.42,SVM,RoBERTa-250K
debate08,83.79,82.77,SVM,RoBERTa-250K
hobbit,77.38,76.46,SVM,RoBERTa-250K
iphone,79.89,78.5,SVM,RoBERTa-250K
irony,46.67,31.0,SVM,RoBERTa-250K
movie,79.52,73.4,SVM,RoBERTa-250K
ntua,87.08,86.71,SVM,RoBERTa-250K
person,72.66,71.47,SVM,RoBERTa-250K
sanders,85.86,85.73,SVM,RoBERTa-250K
sarcasm,65.0,56.14,SVM,RoBERTa-250K
sentiment140,88.03,87.95,SVM,RoBERTa-250K
HCR,76.47,59.01,Random_Forest,RoBERTa-250K
Narr-KDML-2012,90.93,90.38,Random_Forest,RoBERTa-250K
STS-gold,86.56,82.32,Random_Forest,RoBERTa-250K
SemEval13,83.39,74.51,Random_Forest,RoBERTa-250K
SemEval15-Task11,85.46,46.63,Random_Forest,RoBERTa-250K
SemEval16,85.11,78.0,Random_Forest,RoBERTa-250K
SemEval17-test,88.14,86.88,Random_Forest,RoBERTa-250K
SemEval18,85.38,85.11,Random_Forest,RoBERTa-250K
SentiStrength,83.2,82.31,Random_Forest,RoBERTa-250K
Target-dependent,83.2,83.18,Random_Forest,RoBERTa-250K
VADER,86.6,82.44,Random_Forest,RoBERTa-250K
archeage,88.88,88.5,Random_Forest,RoBERTa-250K
debate08,81.3,77.86,Random_Forest,RoBERTa-250K
hobbit,79.69,72.38,Random_Forest,RoBERTa-250K
iphone,81.95,75.33,Random_Forest,RoBERTa-250K
irony,66.59,41.46,Random_Forest,RoBERTa-250K
movie,82.48,47.52,Random_Forest,RoBERTa-250K
ntua,87.67,87.25,Random_Forest,RoBERTa-250K
person,76.32,60.38,Random_Forest,RoBERTa-250K
sanders,86.22,86.01,Random_Forest,RoBERTa-250K
sarcasm,68.45,65.85,Random_Forest,RoBERTa-250K
sentiment140,88.96,88.9,Random_Forest,RoBERTa-250K
