accuracy,f1_macro,Classifier_Model,Embedding,Data_Set
85.78,81.32,Reg_Logistica,Roberta: ./Seed/RoBERTa-250-12-LM / CONTEXT_CONCAT,ntua
82.41,65.24,Random_Forest,Roberta: ./Seed/RoBERTa-250-12-LM / CONTEXT_CONCAT,ntua
81.003,77.543,SVM,Roberta: ./Seed/RoBERTa-250-12-LM / CONTEXT_CONCAT,ntua
85.933,80.59,MLPClassifier,Roberta: ./Seed/RoBERTa-250-12-LM / CONTEXT_CONCAT,ntua
85.45,76.833,XGboost,Roberta: ./Seed/RoBERTa-250-12-LM / CONTEXT_CONCAT,ntua
88.973,87.803,Reg_Logistica,Roberta: ./Seed/RoBERTa-250-12-LM / CONTEXT_CONCAT,Target-dependent
84.567,80.187,Random_Forest,Roberta: ./Seed/RoBERTa-250-12-LM / CONTEXT_CONCAT,Target-dependent
87.943,86.85,SVM,Roberta: ./Seed/RoBERTa-250-12-LM / CONTEXT_CONCAT,Target-dependent
88.893,87.537,MLPClassifier,Roberta: ./Seed/RoBERTa-250-12-LM / CONTEXT_CONCAT,Target-dependent
87.84,85.957,XGboost,Roberta: ./Seed/RoBERTa-250-12-LM / CONTEXT_CONCAT,Target-dependent
84.327,80.417,Reg_Logistica,Roberta: ./Seed/RoBERTa-250-12-LM / CONTEXT_CONCAT,irony
77.637,63.813,Random_Forest,Roberta: ./Seed/RoBERTa-250-12-LM / CONTEXT_CONCAT,irony
73.88,67.223,SVM,Roberta: ./Seed/RoBERTa-250-12-LM / CONTEXT_CONCAT,irony
84.21,79.14,MLPClassifier,Roberta: ./Seed/RoBERTa-250-12-LM / CONTEXT_CONCAT,irony
78.707,70.903,XGboost,Roberta: ./Seed/RoBERTa-250-12-LM / CONTEXT_CONCAT,irony
86.4,85.37,Reg_Logistica,Roberta: ./Seed/RoBERTa-250-12-LM / CONTEXT_CONCAT,iphone
83.417,80.773,Random_Forest,Roberta: ./Seed/RoBERTa-250-12-LM / CONTEXT_CONCAT,iphone
84.277,83.687,SVM,Roberta: ./Seed/RoBERTa-250-12-LM / CONTEXT_CONCAT,iphone
86.783,85.65,MLPClassifier,Roberta: ./Seed/RoBERTa-250-12-LM / CONTEXT_CONCAT,iphone
84.163,82.263,XGboost,Roberta: ./Seed/RoBERTa-250-12-LM / CONTEXT_CONCAT,iphone
89.84,88.55,Reg_Logistica,Roberta: ./Seed/RoBERTa-250-12-LM / CONTEXT_CONCAT,STS-gold
85.22,81.493,Random_Forest,Roberta: ./Seed/RoBERTa-250-12-LM / CONTEXT_CONCAT,STS-gold
86.35,85.41,SVM,Roberta: ./Seed/RoBERTa-250-12-LM / CONTEXT_CONCAT,STS-gold
90.113,88.657,MLPClassifier,Roberta: ./Seed/RoBERTa-250-12-LM / CONTEXT_CONCAT,STS-gold
87.12,84.763,XGboost,Roberta: ./Seed/RoBERTa-250-12-LM / CONTEXT_CONCAT,STS-gold
80.46,78.18,Reg_Logistica,Roberta: ./Seed/RoBERTa-250-12-LM / CONTEXT_CONCAT,VADER
75.94,67.6,Random_Forest,Roberta: ./Seed/RoBERTa-250-12-LM / CONTEXT_CONCAT,VADER
77.087,72.383,SVM,Roberta: ./Seed/RoBERTa-250-12-LM / CONTEXT_CONCAT,VADER
80.147,77.497,MLPClassifier,Roberta: ./Seed/RoBERTa-250-12-LM / CONTEXT_CONCAT,VADER
80.34,76.113,XGboost,Roberta: ./Seed/RoBERTa-250-12-LM / CONTEXT_CONCAT,VADER
82.943,80.267,Reg_Logistica,Roberta: ./Seed/RoBERTa-250-12-LM / CONTEXT_CONCAT,debate08
79.55,70.05,Random_Forest,Roberta: ./Seed/RoBERTa-250-12-LM / CONTEXT_CONCAT,debate08
72.83,67.24,SVM,Roberta: ./Seed/RoBERTa-250-12-LM / CONTEXT_CONCAT,debate08
82.613,79.82,MLPClassifier,Roberta: ./Seed/RoBERTa-250-12-LM / CONTEXT_CONCAT,debate08
76.773,70.777,XGboost,Roberta: ./Seed/RoBERTa-250-12-LM / CONTEXT_CONCAT,debate08
87.777,87.413,Reg_Logistica,Roberta: ./Seed/RoBERTa-250-12-LM / CONTEXT_CONCAT,sentiment140
85.583,84.343,Random_Forest,Roberta: ./Seed/RoBERTa-250-12-LM / CONTEXT_CONCAT,sentiment140
85.893,85.483,SVM,Roberta: ./Seed/RoBERTa-250-12-LM / CONTEXT_CONCAT,sentiment140
87.88,87.467,MLPClassifier,Roberta: ./Seed/RoBERTa-250-12-LM / CONTEXT_CONCAT,sentiment140
86.113,85.517,XGboost,Roberta: ./Seed/RoBERTa-250-12-LM / CONTEXT_CONCAT,sentiment140
87.707,86.553,Reg_Logistica,Roberta: ./Seed/RoBERTa-250-12-LM / CONTEXT_CONCAT,person
84.18,78.607,Random_Forest,Roberta: ./Seed/RoBERTa-250-12-LM / CONTEXT_CONCAT,person
82.37,81.873,SVM,Roberta: ./Seed/RoBERTa-250-12-LM / CONTEXT_CONCAT,person
87.303,85.973,MLPClassifier,Roberta: ./Seed/RoBERTa-250-12-LM / CONTEXT_CONCAT,person
86.5,84.53,XGboost,Roberta: ./Seed/RoBERTa-250-12-LM / CONTEXT_CONCAT,person
90.49,89.353,Reg_Logistica,Roberta: ./Seed/RoBERTa-250-12-LM / CONTEXT_CONCAT,SemEval17-test
86.813,83.983,Random_Forest,Roberta: ./Seed/RoBERTa-250-12-LM / CONTEXT_CONCAT,SemEval17-test
87.883,87.19,SVM,Roberta: ./Seed/RoBERTa-250-12-LM / CONTEXT_CONCAT,SemEval17-test
90.717,89.437,MLPClassifier,Roberta: ./Seed/RoBERTa-250-12-LM / CONTEXT_CONCAT,SemEval17-test
87.777,85.757,XGboost,Roberta: ./Seed/RoBERTa-250-12-LM / CONTEXT_CONCAT,SemEval17-test
89.573,88.497,Reg_Logistica,Roberta: ./Seed/RoBERTa-250-12-LM / CONTEXT_CONCAT,hobbit
84.833,80.79,Random_Forest,Roberta: ./Seed/RoBERTa-250-12-LM / CONTEXT_CONCAT,hobbit
85.273,84.457,SVM,Roberta: ./Seed/RoBERTa-250-12-LM / CONTEXT_CONCAT,hobbit
89.39,88.203,MLPClassifier,Roberta: ./Seed/RoBERTa-250-12-LM / CONTEXT_CONCAT,hobbit
88.233,86.36,XGboost,Roberta: ./Seed/RoBERTa-250-12-LM / CONTEXT_CONCAT,hobbit
85.297,82.727,Reg_Logistica,Roberta: ./Seed/RoBERTa-250-12-LM / CONTEXT_CONCAT,archeage
81.47,72.6,Random_Forest,Roberta: ./Seed/RoBERTa-250-12-LM / CONTEXT_CONCAT,archeage
75.427,69.977,SVM,Roberta: ./Seed/RoBERTa-250-12-LM / CONTEXT_CONCAT,archeage
84.667,81.28,MLPClassifier,Roberta: ./Seed/RoBERTa-250-12-LM / CONTEXT_CONCAT,archeage
79.897,74.15,XGboost,Roberta: ./Seed/RoBERTa-250-12-LM / CONTEXT_CONCAT,archeage
88.4,87.397,Reg_Logistica,Roberta: ./Seed/RoBERTa-250-12-LM / CONTEXT_CONCAT,SemEval13
84.907,81.577,Random_Forest,Roberta: ./Seed/RoBERTa-250-12-LM / CONTEXT_CONCAT,SemEval13
87.59,86.68,SVM,Roberta: ./Seed/RoBERTa-250-12-LM / CONTEXT_CONCAT,SemEval13
88.287,87.093,MLPClassifier,Roberta: ./Seed/RoBERTa-250-12-LM / CONTEXT_CONCAT,SemEval13
87.647,86.123,XGboost,Roberta: ./Seed/RoBERTa-250-12-LM / CONTEXT_CONCAT,SemEval13
86.42,83.073,Reg_Logistica,Roberta: ./Seed/RoBERTa-250-12-LM / CONTEXT_CONCAT,SentiStrength
82.33,69.107,Random_Forest,Roberta: ./Seed/RoBERTa-250-12-LM / CONTEXT_CONCAT,SentiStrength
83.037,80.573,SVM,Roberta: ./Seed/RoBERTa-250-12-LM / CONTEXT_CONCAT,SentiStrength
86.44,82.477,MLPClassifier,Roberta: ./Seed/RoBERTa-250-12-LM / CONTEXT_CONCAT,SentiStrength
85.67,79.19,XGboost,Roberta: ./Seed/RoBERTa-250-12-LM / CONTEXT_CONCAT,SentiStrength
87.81,86.93,Reg_Logistica,Roberta: ./Seed/RoBERTa-250-12-LM / CONTEXT_CONCAT,SemEval18
84.5,81.73,Random_Forest,Roberta: ./Seed/RoBERTa-250-12-LM / CONTEXT_CONCAT,SemEval18
87.227,86.4,SVM,Roberta: ./Seed/RoBERTa-250-12-LM / CONTEXT_CONCAT,SemEval18
88.08,87.037,MLPClassifier,Roberta: ./Seed/RoBERTa-250-12-LM / CONTEXT_CONCAT,SemEval18
87.13,85.813,XGboost,Roberta: ./Seed/RoBERTa-250-12-LM / CONTEXT_CONCAT,SemEval18
91.09,90.523,Reg_Logistica,Roberta: ./Seed/RoBERTa-250-12-LM / CONTEXT_CONCAT,Narr-KDML-2012
88.023,86.43,Random_Forest,Roberta: ./Seed/RoBERTa-250-12-LM / CONTEXT_CONCAT,Narr-KDML-2012
89.91,89.353,SVM,Roberta: ./Seed/RoBERTa-250-12-LM / CONTEXT_CONCAT,Narr-KDML-2012
91.253,90.653,MLPClassifier,Roberta: ./Seed/RoBERTa-250-12-LM / CONTEXT_CONCAT,Narr-KDML-2012
89.583,88.713,XGboost,Roberta: ./Seed/RoBERTa-250-12-LM / CONTEXT_CONCAT,Narr-KDML-2012
88.807,85.29,Reg_Logistica,Roberta: ./Seed/RoBERTa-250-12-LM / CONTEXT_CONCAT,movie
83.65,69.35,Random_Forest,Roberta: ./Seed/RoBERTa-250-12-LM / CONTEXT_CONCAT,movie
81.327,78.857,SVM,Roberta: ./Seed/RoBERTa-250-12-LM / CONTEXT_CONCAT,movie
88.243,84.083,MLPClassifier,Roberta: ./Seed/RoBERTa-250-12-LM / CONTEXT_CONCAT,movie
86.647,79.717,XGboost,Roberta: ./Seed/RoBERTa-250-12-LM / CONTEXT_CONCAT,movie
88.777,82.997,Reg_Logistica,Roberta: ./Seed/RoBERTa-250-12-LM / CONTEXT_CONCAT,SemEval15-Task11
83.8,65.037,Random_Forest,Roberta: ./Seed/RoBERTa-250-12-LM / CONTEXT_CONCAT,SemEval15-Task11
84.11,79.99,SVM,Roberta: ./Seed/RoBERTa-250-12-LM / CONTEXT_CONCAT,SemEval15-Task11
88.973,82.59,MLPClassifier,Roberta: ./Seed/RoBERTa-250-12-LM / CONTEXT_CONCAT,SemEval15-Task11
87.857,78.537,XGboost,Roberta: ./Seed/RoBERTa-250-12-LM / CONTEXT_CONCAT,SemEval15-Task11
81.283,79.35,Reg_Logistica,Roberta: ./Seed/RoBERTa-250-12-LM / CONTEXT_CONCAT,sarcasm
74.937,66.507,Random_Forest,Roberta: ./Seed/RoBERTa-250-12-LM / CONTEXT_CONCAT,sarcasm
71.68,68.023,SVM,Roberta: ./Seed/RoBERTa-250-12-LM / CONTEXT_CONCAT,sarcasm
78.867,76.443,MLPClassifier,Roberta: ./Seed/RoBERTa-250-12-LM / CONTEXT_CONCAT,sarcasm
79.05,75.36,XGboost,Roberta: ./Seed/RoBERTa-250-12-LM / CONTEXT_CONCAT,sarcasm
83.573,77.447,Reg_Logistica,Roberta: ./Seed/RoBERTa-250-12-LM / CONTEXT_CONCAT,HCR
81.573,62.843,Random_Forest,Roberta: ./Seed/RoBERTa-250-12-LM / CONTEXT_CONCAT,HCR
82.953,77.987,SVM,Roberta: ./Seed/RoBERTa-250-12-LM / CONTEXT_CONCAT,HCR
84.013,76.973,MLPClassifier,Roberta: ./Seed/RoBERTa-250-12-LM / CONTEXT_CONCAT,HCR
84.463,74.343,XGboost,Roberta: ./Seed/RoBERTa-250-12-LM / CONTEXT_CONCAT,HCR
82.727,77.74,Reg_Logistica,Roberta: ./Seed/RoBERTa-250-12-LM / CONTEXT_CONCAT,sanders
80.87,67.27,Random_Forest,Roberta: ./Seed/RoBERTa-250-12-LM / CONTEXT_CONCAT,sanders
79.263,72.603,SVM,Roberta: ./Seed/RoBERTa-250-12-LM / CONTEXT_CONCAT,sanders
81.42,75.647,MLPClassifier,Roberta: ./Seed/RoBERTa-250-12-LM / CONTEXT_CONCAT,sanders
81.937,73.817,XGboost,Roberta: ./Seed/RoBERTa-250-12-LM / CONTEXT_CONCAT,sanders
90.957,89.863,Reg_Logistica,Roberta: ./Seed/RoBERTa-250-12-LM / CONTEXT_CONCAT,SemEval16
86.733,82.9,Random_Forest,Roberta: ./Seed/RoBERTa-250-12-LM / CONTEXT_CONCAT,SemEval16
89.617,88.537,SVM,Roberta: ./Seed/RoBERTa-250-12-LM / CONTEXT_CONCAT,SemEval16
90.447,89.14,MLPClassifier,Roberta: ./Seed/RoBERTa-250-12-LM / CONTEXT_CONCAT,SemEval16
89.223,87.533,XGboost,Roberta: ./Seed/RoBERTa-250-12-LM / CONTEXT_CONCAT,SemEval16
