accuracy,f1_macro,Classifier_Model,Embedding,Data_Set
87.987,81.123,Reg_Logistica,Roberta: ./Seed/RoBERTa-50-12-LM / CONTEXT_CONCAT,SemEval18
84.773,60.52,Random_Forest,Roberta: ./Seed/RoBERTa-50-12-LM / CONTEXT_CONCAT,SemEval18
83.663,77.533,SVM,Roberta: ./Seed/RoBERTa-50-12-LM / CONTEXT_CONCAT,SemEval18
89.023,80.923,MLPClassifier,Roberta: ./Seed/RoBERTa-50-12-LM / CONTEXT_CONCAT,SemEval18
87.227,75.38,XGboost,Roberta: ./Seed/RoBERTa-50-12-LM / CONTEXT_CONCAT,SemEval18
80.89,76.37,Reg_Logistica,Roberta: ./Seed/RoBERTa-50-12-LM / CONTEXT_CONCAT,irony
74.677,57.707,Random_Forest,Roberta: ./Seed/RoBERTa-50-12-LM / CONTEXT_CONCAT,irony
68.053,61.143,SVM,Roberta: ./Seed/RoBERTa-50-12-LM / CONTEXT_CONCAT,irony
80.86,75.41,MLPClassifier,Roberta: ./Seed/RoBERTa-50-12-LM / CONTEXT_CONCAT,irony
79.637,73.493,XGboost,Roberta: ./Seed/RoBERTa-50-12-LM / CONTEXT_CONCAT,irony
78.967,78.26,Reg_Logistica,Roberta: ./Seed/RoBERTa-50-12-LM / CONTEXT_CONCAT,sarcasm
73.807,72.04,Random_Forest,Roberta: ./Seed/RoBERTa-50-12-LM / CONTEXT_CONCAT,sarcasm
69.82,62.017,SVM,Roberta: ./Seed/RoBERTa-50-12-LM / CONTEXT_CONCAT,sarcasm
78.683,78.28,MLPClassifier,Roberta: ./Seed/RoBERTa-50-12-LM / CONTEXT_CONCAT,sarcasm
66.497,65.27,XGboost,Roberta: ./Seed/RoBERTa-50-12-LM / CONTEXT_CONCAT,sarcasm
88.0,87.067,Reg_Logistica,Roberta: ./Seed/RoBERTa-50-12-LM / CONTEXT_CONCAT,Target-dependent
85.033,82.703,Random_Forest,Roberta: ./Seed/RoBERTa-50-12-LM / CONTEXT_CONCAT,Target-dependent
85.9,85.387,SVM,Roberta: ./Seed/RoBERTa-50-12-LM / CONTEXT_CONCAT,Target-dependent
88.03,86.99,MLPClassifier,Roberta: ./Seed/RoBERTa-50-12-LM / CONTEXT_CONCAT,Target-dependent
86.807,85.367,XGboost,Roberta: ./Seed/RoBERTa-50-12-LM / CONTEXT_CONCAT,Target-dependent
85.59,81.74,Reg_Logistica,Roberta: ./Seed/RoBERTa-50-12-LM / CONTEXT_CONCAT,person
80.82,64.04,Random_Forest,Roberta: ./Seed/RoBERTa-50-12-LM / CONTEXT_CONCAT,person
78.26,75.9,SVM,Roberta: ./Seed/RoBERTa-50-12-LM / CONTEXT_CONCAT,person
86.18,81.77,MLPClassifier,Roberta: ./Seed/RoBERTa-50-12-LM / CONTEXT_CONCAT,person
83.323,75.07,XGboost,Roberta: ./Seed/RoBERTa-50-12-LM / CONTEXT_CONCAT,person
83.623,82.777,Reg_Logistica,Roberta: ./Seed/RoBERTa-50-12-LM / CONTEXT_CONCAT,SemEval17-test
77.95,75.19,Random_Forest,Roberta: ./Seed/RoBERTa-50-12-LM / CONTEXT_CONCAT,SemEval17-test
78.443,74.043,SVM,Roberta: ./Seed/RoBERTa-50-12-LM / CONTEXT_CONCAT,SemEval17-test
83.827,83.027,MLPClassifier,Roberta: ./Seed/RoBERTa-50-12-LM / CONTEXT_CONCAT,SemEval17-test
77.32,75.877,XGboost,Roberta: ./Seed/RoBERTa-50-12-LM / CONTEXT_CONCAT,SemEval17-test
90.1,88.58,Reg_Logistica,Roberta: ./Seed/RoBERTa-50-12-LM / CONTEXT_CONCAT,SemEval16
86.443,81.66,Random_Forest,Roberta: ./Seed/RoBERTa-50-12-LM / CONTEXT_CONCAT,SemEval16
88.187,86.777,SVM,Roberta: ./Seed/RoBERTa-50-12-LM / CONTEXT_CONCAT,SemEval16
90.107,88.29,MLPClassifier,Roberta: ./Seed/RoBERTa-50-12-LM / CONTEXT_CONCAT,SemEval16
88.577,86.403,XGboost,Roberta: ./Seed/RoBERTa-50-12-LM / CONTEXT_CONCAT,SemEval16
89.43,88.52,Reg_Logistica,Roberta: ./Seed/RoBERTa-50-12-LM / CONTEXT_CONCAT,SemEval13
85.843,82.297,Random_Forest,Roberta: ./Seed/RoBERTa-50-12-LM / CONTEXT_CONCAT,SemEval13
87.143,86.327,SVM,Roberta: ./Seed/RoBERTa-50-12-LM / CONTEXT_CONCAT,SemEval13
89.937,88.903,MLPClassifier,Roberta: ./Seed/RoBERTa-50-12-LM / CONTEXT_CONCAT,SemEval13
88.443,87.03,XGboost,Roberta: ./Seed/RoBERTa-50-12-LM / CONTEXT_CONCAT,SemEval13
89.32,87.617,Reg_Logistica,Roberta: ./Seed/RoBERTa-50-12-LM / CONTEXT_CONCAT,archeage
84.827,78.44,Random_Forest,Roberta: ./Seed/RoBERTa-50-12-LM / CONTEXT_CONCAT,archeage
87.03,85.567,SVM,Roberta: ./Seed/RoBERTa-50-12-LM / CONTEXT_CONCAT,archeage
89.18,87.247,MLPClassifier,Roberta: ./Seed/RoBERTa-50-12-LM / CONTEXT_CONCAT,archeage
88.35,85.673,XGboost,Roberta: ./Seed/RoBERTa-50-12-LM / CONTEXT_CONCAT,archeage
86.177,83.03,Reg_Logistica,Roberta: ./Seed/RoBERTa-50-12-LM / CONTEXT_CONCAT,Narr-KDML-2012
78.67,65.723,Random_Forest,Roberta: ./Seed/RoBERTa-50-12-LM / CONTEXT_CONCAT,Narr-KDML-2012
70.177,64.537,SVM,Roberta: ./Seed/RoBERTa-50-12-LM / CONTEXT_CONCAT,Narr-KDML-2012
85.507,81.47,MLPClassifier,Roberta: ./Seed/RoBERTa-50-12-LM / CONTEXT_CONCAT,Narr-KDML-2012
82.23,77.873,XGboost,Roberta: ./Seed/RoBERTa-50-12-LM / CONTEXT_CONCAT,Narr-KDML-2012
87.73,85.65,Reg_Logistica,Roberta: ./Seed/RoBERTa-50-12-LM / CONTEXT_CONCAT,HCR
82.377,73.83,Random_Forest,Roberta: ./Seed/RoBERTa-50-12-LM / CONTEXT_CONCAT,HCR
82.587,80.883,SVM,Roberta: ./Seed/RoBERTa-50-12-LM / CONTEXT_CONCAT,HCR
87.687,85.19,MLPClassifier,Roberta: ./Seed/RoBERTa-50-12-LM / CONTEXT_CONCAT,HCR
85.683,81.697,XGboost,Roberta: ./Seed/RoBERTa-50-12-LM / CONTEXT_CONCAT,HCR
90.14,89.003,Reg_Logistica,Roberta: ./Seed/RoBERTa-50-12-LM / CONTEXT_CONCAT,VADER
84.027,79.57,Random_Forest,Roberta: ./Seed/RoBERTa-50-12-LM / CONTEXT_CONCAT,VADER
88.393,87.273,SVM,Roberta: ./Seed/RoBERTa-50-12-LM / CONTEXT_CONCAT,VADER
90.073,88.81,MLPClassifier,Roberta: ./Seed/RoBERTa-50-12-LM / CONTEXT_CONCAT,VADER
88.487,86.543,XGboost,Roberta: ./Seed/RoBERTa-50-12-LM / CONTEXT_CONCAT,VADER
91.827,91.273,Reg_Logistica,Roberta: ./Seed/RoBERTa-50-12-LM / CONTEXT_CONCAT,sentiment140
88.007,85.993,Random_Forest,Roberta: ./Seed/RoBERTa-50-12-LM / CONTEXT_CONCAT,sentiment140
90.423,89.873,SVM,Roberta: ./Seed/RoBERTa-50-12-LM / CONTEXT_CONCAT,sentiment140
91.5,90.89,MLPClassifier,Roberta: ./Seed/RoBERTa-50-12-LM / CONTEXT_CONCAT,sentiment140
89.663,88.807,XGboost,Roberta: ./Seed/RoBERTa-50-12-LM / CONTEXT_CONCAT,sentiment140
88.18,82.853,Reg_Logistica,Roberta: ./Seed/RoBERTa-50-12-LM / CONTEXT_CONCAT,SemEval15-Task11
81.563,61.98,Random_Forest,Roberta: ./Seed/RoBERTa-50-12-LM / CONTEXT_CONCAT,SemEval15-Task11
78.02,73.19,SVM,Roberta: ./Seed/RoBERTa-50-12-LM / CONTEXT_CONCAT,SemEval15-Task11
87.817,81.0,MLPClassifier,Roberta: ./Seed/RoBERTa-50-12-LM / CONTEXT_CONCAT,SemEval15-Task11
84.767,75.883,XGboost,Roberta: ./Seed/RoBERTa-50-12-LM / CONTEXT_CONCAT,SemEval15-Task11
89.023,84.35,Reg_Logistica,Roberta: ./Seed/RoBERTa-50-12-LM / CONTEXT_CONCAT,debate08
83.643,67.66,Random_Forest,Roberta: ./Seed/RoBERTa-50-12-LM / CONTEXT_CONCAT,debate08
86.16,81.33,SVM,Roberta: ./Seed/RoBERTa-50-12-LM / CONTEXT_CONCAT,debate08
89.087,83.35,MLPClassifier,Roberta: ./Seed/RoBERTa-50-12-LM / CONTEXT_CONCAT,debate08
88.117,81.203,XGboost,Roberta: ./Seed/RoBERTa-50-12-LM / CONTEXT_CONCAT,debate08
86.56,83.737,Reg_Logistica,Roberta: ./Seed/RoBERTa-50-12-LM / CONTEXT_CONCAT,hobbit
78.993,67.82,Random_Forest,Roberta: ./Seed/RoBERTa-50-12-LM / CONTEXT_CONCAT,hobbit
71.74,65.95,SVM,Roberta: ./Seed/RoBERTa-50-12-LM / CONTEXT_CONCAT,hobbit
85.427,81.673,MLPClassifier,Roberta: ./Seed/RoBERTa-50-12-LM / CONTEXT_CONCAT,hobbit
82.687,79.0,XGboost,Roberta: ./Seed/RoBERTa-50-12-LM / CONTEXT_CONCAT,hobbit
88.643,88.383,Reg_Logistica,Roberta: ./Seed/RoBERTa-50-12-LM / CONTEXT_CONCAT,SentiStrength
85.557,84.897,Random_Forest,Roberta: ./Seed/RoBERTa-50-12-LM / CONTEXT_CONCAT,SentiStrength
86.973,86.733,SVM,Roberta: ./Seed/RoBERTa-50-12-LM / CONTEXT_CONCAT,SentiStrength
88.93,88.643,MLPClassifier,Roberta: ./Seed/RoBERTa-50-12-LM / CONTEXT_CONCAT,SentiStrength
86.37,85.967,XGboost,Roberta: ./Seed/RoBERTa-50-12-LM / CONTEXT_CONCAT,SentiStrength
86.13,83.85,Reg_Logistica,Roberta: ./Seed/RoBERTa-50-12-LM / CONTEXT_CONCAT,sanders
82.717,74.467,Random_Forest,Roberta: ./Seed/RoBERTa-50-12-LM / CONTEXT_CONCAT,sanders
84.103,82.107,SVM,Roberta: ./Seed/RoBERTa-50-12-LM / CONTEXT_CONCAT,sanders
87.057,84.51,MLPClassifier,Roberta: ./Seed/RoBERTa-50-12-LM / CONTEXT_CONCAT,sanders
86.3,82.563,XGboost,Roberta: ./Seed/RoBERTa-50-12-LM / CONTEXT_CONCAT,sanders
88.2,86.89,Reg_Logistica,Roberta: ./Seed/RoBERTa-50-12-LM / CONTEXT_CONCAT,iphone
84.043,80.227,Random_Forest,Roberta: ./Seed/RoBERTa-50-12-LM / CONTEXT_CONCAT,iphone
85.62,84.71,SVM,Roberta: ./Seed/RoBERTa-50-12-LM / CONTEXT_CONCAT,iphone
88.273,86.817,MLPClassifier,Roberta: ./Seed/RoBERTa-50-12-LM / CONTEXT_CONCAT,iphone
86.513,84.397,XGboost,Roberta: ./Seed/RoBERTa-50-12-LM / CONTEXT_CONCAT,iphone
88.93,88.403,Reg_Logistica,Roberta: ./Seed/RoBERTa-50-12-LM / CONTEXT_CONCAT,STS-gold
84.243,82.227,Random_Forest,Roberta: ./Seed/RoBERTa-50-12-LM / CONTEXT_CONCAT,STS-gold
88.553,88.067,SVM,Roberta: ./Seed/RoBERTa-50-12-LM / CONTEXT_CONCAT,STS-gold
89.303,88.733,MLPClassifier,Roberta: ./Seed/RoBERTa-50-12-LM / CONTEXT_CONCAT,STS-gold
87.567,86.717,XGboost,Roberta: ./Seed/RoBERTa-50-12-LM / CONTEXT_CONCAT,STS-gold
88.07,87.96,Reg_Logistica,Roberta: ./Seed/RoBERTa-50-12-LM / CONTEXT_CONCAT,ntua
85.657,85.287,Random_Forest,Roberta: ./Seed/RoBERTa-50-12-LM / CONTEXT_CONCAT,ntua
85.557,85.33,SVM,Roberta: ./Seed/RoBERTa-50-12-LM / CONTEXT_CONCAT,ntua
88.367,88.237,MLPClassifier,Roberta: ./Seed/RoBERTa-50-12-LM / CONTEXT_CONCAT,ntua
84.537,84.257,XGboost,Roberta: ./Seed/RoBERTa-50-12-LM / CONTEXT_CONCAT,ntua
87.513,84.433,Reg_Logistica,Roberta: ./Seed/RoBERTa-50-12-LM / CONTEXT_CONCAT,movie
83.07,70.573,Random_Forest,Roberta: ./Seed/RoBERTa-50-12-LM / CONTEXT_CONCAT,movie
83.473,81.353,SVM,Roberta: ./Seed/RoBERTa-50-12-LM / CONTEXT_CONCAT,movie
88.183,84.54,MLPClassifier,Roberta: ./Seed/RoBERTa-50-12-LM / CONTEXT_CONCAT,movie
85.83,79.41,XGboost,Roberta: ./Seed/RoBERTa-50-12-LM / CONTEXT_CONCAT,movie
