Data_Set,accuracy,f1_macro,Classifier_Model,Embedding
HCR,79.19,74.67,Reg_Logistica,RoBERTa-50K
Narr-KDML-2012,94.54,94.32,Reg_Logistica,RoBERTa-50K
STS-gold,92.77,91.65,Reg_Logistica,RoBERTa-50K
SemEval13,89.13,86.69,Reg_Logistica,RoBERTa-50K
SemEval15-Task11,89.42,77.69,Reg_Logistica,RoBERTa-50K
SemEval16,89.74,87.48,Reg_Logistica,RoBERTa-50K
SemEval17-test,91.89,91.39,Reg_Logistica,RoBERTa-50K
SemEval18,87.74,87.67,Reg_Logistica,RoBERTa-50K
SentiStrength,86.28,85.89,Reg_Logistica,RoBERTa-50K
Target-dependent,84.31,84.3,Reg_Logistica,RoBERTa-50K
VADER,91.71,90.42,Reg_Logistica,RoBERTa-50K
archeage,89.7,89.47,Reg_Logistica,RoBERTa-50K
debate08,85.94,84.94,Reg_Logistica,RoBERTa-50K
hobbit,89.46,87.96,Reg_Logistica,RoBERTa-50K
iphone,85.15,82.58,Reg_Logistica,RoBERTa-50K
irony,78.33,71.86,Reg_Logistica,RoBERTa-50K
movie,86.8,78.01,Reg_Logistica,RoBERTa-50K
ntua,89.95,89.79,Reg_Logistica,RoBERTa-50K
person,85.66,82.91,Reg_Logistica,RoBERTa-50K
sanders,89.46,89.4,Reg_Logistica,RoBERTa-50K
sarcasm,73.04,72.0,Reg_Logistica,RoBERTa-50K
sentiment140,90.82,90.78,Reg_Logistica,RoBERTa-50K
HCR,80.83,75.82,MLPClassifier,RoBERTa-50K
Narr-KDML-2012,94.08,93.83,MLPClassifier,RoBERTa-50K
STS-gold,92.89,91.67,MLPClassifier,RoBERTa-50K
SemEval13,89.0,86.21,MLPClassifier,RoBERTa-50K
SemEval15-Task11,90.05,75.23,MLPClassifier,RoBERTa-50K
SemEval16,90.01,87.32,MLPClassifier,RoBERTa-50K
SemEval17-test,91.7,91.12,MLPClassifier,RoBERTa-50K
SemEval18,88.31,88.25,MLPClassifier,RoBERTa-50K
SentiStrength,86.6,86.18,MLPClassifier,RoBERTa-50K
Target-dependent,84.74,84.74,MLPClassifier,RoBERTa-50K
VADER,91.89,90.5,MLPClassifier,RoBERTa-50K
archeage,90.14,89.91,MLPClassifier,RoBERTa-50K
debate08,85.4,84.24,MLPClassifier,RoBERTa-50K
hobbit,87.87,85.76,MLPClassifier,RoBERTa-50K
iphone,84.96,82.08,MLPClassifier,RoBERTa-50K
irony,76.67,68.09,MLPClassifier,RoBERTa-50K
movie,88.17,78.21,MLPClassifier,RoBERTa-50K
ntua,90.19,89.99,MLPClassifier,RoBERTa-50K
person,85.73,82.46,MLPClassifier,RoBERTa-50K
sanders,90.14,90.08,MLPClassifier,RoBERTa-50K
sarcasm,73.51,72.9,MLPClassifier,RoBERTa-50K
sentiment140,90.16,90.11,MLPClassifier,RoBERTa-50K
HCR,81.45,73.59,XGboost,RoBERTa-50K
Narr-KDML-2012,92.26,91.92,XGboost,RoBERTa-50K
STS-gold,91.45,89.61,XGboost,RoBERTa-50K
SemEval13,87.62,83.73,XGboost,RoBERTa-50K
SemEval15-Task11,90.34,73.59,XGboost,RoBERTa-50K
SemEval16,89.55,86.3,XGboost,RoBERTa-50K
SemEval17-test,90.91,90.2,XGboost,RoBERTa-50K
SemEval18,86.5,86.33,XGboost,RoBERTa-50K
SentiStrength,84.75,84.21,XGboost,RoBERTa-50K
Target-dependent,84.51,84.51,XGboost,RoBERTa-50K
VADER,89.39,87.19,XGboost,RoBERTa-50K
archeage,89.81,89.56,XGboost,RoBERTa-50K
debate08,84.62,82.83,XGboost,RoBERTa-50K
hobbit,83.34,79.58,XGboost,RoBERTa-50K
iphone,83.65,79.67,XGboost,RoBERTa-50K
irony,73.81,67.22,XGboost,RoBERTa-50K
movie,84.84,66.22,XGboost,RoBERTa-50K
ntua,84.55,84.13,XGboost,RoBERTa-50K
person,80.62,74.48,XGboost,RoBERTa-50K
sanders,87.9,87.8,XGboost,RoBERTa-50K
sarcasm,56.43,54.6,XGboost,RoBERTa-50K
sentiment140,86.63,86.61,XGboost,RoBERTa-50K
HCR,77.78,74.05,SVM,RoBERTa-50K
Narr-KDML-2012,92.58,92.39,SVM,RoBERTa-50K
STS-gold,92.08,90.97,SVM,RoBERTa-50K
SemEval13,85.93,83.83,SVM,RoBERTa-50K
SemEval15-Task11,85.38,73.14,SVM,RoBERTa-50K
SemEval16,88.26,86.16,SVM,RoBERTa-50K
SemEval17-test,91.15,90.64,SVM,RoBERTa-50K
SemEval18,87.52,87.37,SVM,RoBERTa-50K
SentiStrength,86.06,85.86,SVM,RoBERTa-50K
Target-dependent,85.41,85.39,SVM,RoBERTa-50K
VADER,89.63,88.38,SVM,RoBERTa-50K
archeage,89.23,89.04,SVM,RoBERTa-50K
debate08,83.47,82.47,SVM,RoBERTa-50K
hobbit,77.4,76.21,SVM,RoBERTa-50K
iphone,79.71,78.38,SVM,RoBERTa-50K
irony,46.67,31.0,SVM,RoBERTa-50K
movie,78.09,72.09,SVM,RoBERTa-50K
ntua,85.63,85.3,SVM,RoBERTa-50K
person,71.28,70.22,SVM,RoBERTa-50K
sanders,86.27,86.11,SVM,RoBERTa-50K
sarcasm,60.71,49.02,SVM,RoBERTa-50K
sentiment140,88.04,88.01,SVM,RoBERTa-50K
HCR,76.57,59.14,Random_Forest,RoBERTa-50K
Narr-KDML-2012,89.84,89.22,Random_Forest,RoBERTa-50K
STS-gold,85.82,80.95,Random_Forest,RoBERTa-50K
SemEval13,82.5,72.89,Random_Forest,RoBERTa-50K
SemEval15-Task11,85.57,47.21,Random_Forest,RoBERTa-50K
SemEval16,84.94,77.78,Random_Forest,RoBERTa-50K
SemEval17-test,88.52,87.34,Random_Forest,RoBERTa-50K
SemEval18,85.19,84.88,Random_Forest,RoBERTa-50K
SentiStrength,81.64,80.64,Random_Forest,RoBERTa-50K
Target-dependent,82.94,82.92,Random_Forest,RoBERTa-50K
VADER,85.7,81.05,Random_Forest,RoBERTa-50K
archeage,89.06,88.67,Random_Forest,RoBERTa-50K
debate08,80.01,76.07,Random_Forest,RoBERTa-50K
hobbit,80.91,74.07,Random_Forest,RoBERTa-50K
iphone,82.26,75.68,Random_Forest,RoBERTa-50K
irony,67.22,42.27,Random_Forest,RoBERTa-50K
movie,82.36,46.96,Random_Forest,RoBERTa-50K
ntua,86.35,85.77,Random_Forest,RoBERTa-50K
person,77.45,62.44,Random_Forest,RoBERTa-50K
sanders,86.46,86.24,Random_Forest,RoBERTa-50K
sarcasm,65.65,62.9,Random_Forest,RoBERTa-50K
sentiment140,89.79,89.77,Random_Forest,RoBERTa-50K
