Data_Set,accuracy,f1_macro,Classifier_Model,Embedding
HCR,80.0,75.7,Reg_Logistica,RoBERTa\_InData
Narr-KDML-2012,93.7,93.4,Reg_Logistica,RoBERTa\_InData
STS-gold,93.5,92.4,Reg_Logistica,RoBERTa\_InData
SemEval13,89.1,86.6,Reg_Logistica,RoBERTa\_InData
SemEval15-Task11,87.6,73.8,Reg_Logistica,RoBERTa\_InData
SemEval16,90.7,88.6,Reg_Logistica,RoBERTa\_InData
SemEval17-test,91.8,91.3,Reg_Logistica,RoBERTa\_InData
SemEval18,88.0,87.9,Reg_Logistica,RoBERTa\_InData
SentiStrength,86.3,85.9,Reg_Logistica,RoBERTa\_InData
Target-dependent,84.7,84.6,Reg_Logistica,RoBERTa\_InData
VADER,91.2,89.8,Reg_Logistica,RoBERTa\_InData
archeage,90.8,90.6,Reg_Logistica,RoBERTa\_InData
debate08,87.8,86.9,Reg_Logistica,RoBERTa\_InData
hobbit,88.6,87.3,Reg_Logistica,RoBERTa\_InData
iphone,85.9,83.5,Reg_Logistica,RoBERTa\_InData
irony,70.8,63.5,Reg_Logistica,RoBERTa\_InData
movie,90.2,83.6,Reg_Logistica,RoBERTa\_InData
ntua,88.4,88.2,Reg_Logistica,RoBERTa\_InData
person,85.6,82.8,Reg_Logistica,RoBERTa\_InData
sanders,90.2,90.1,Reg_Logistica,RoBERTa\_InData
sarcasm,66.8,65.0,Reg_Logistica,RoBERTa\_InData
sentiment140,90.1,90.0,Reg_Logistica,RoBERTa\_InData
HCR,80.4,75.5,MLPClassifier,RoBERTa\_InData
Narr-KDML-2012,93.3,93.0,MLPClassifier,RoBERTa\_InData
STS-gold,92.7,91.4,MLPClassifier,RoBERTa\_InData
SemEval13,89.1,86.2,MLPClassifier,RoBERTa\_InData
SemEval15-Task11,89.3,74.2,MLPClassifier,RoBERTa\_InData
SemEval16,90.6,88.0,MLPClassifier,RoBERTa\_InData
SemEval17-test,91.9,91.3,MLPClassifier,RoBERTa\_InData
SemEval18,87.7,87.6,MLPClassifier,RoBERTa\_InData
SentiStrength,86.1,85.7,MLPClassifier,RoBERTa\_InData
Target-dependent,84.8,84.7,MLPClassifier,RoBERTa\_InData
VADER,91.2,89.7,MLPClassifier,RoBERTa\_InData
archeage,90.4,90.2,MLPClassifier,RoBERTa\_InData
debate08,87.1,86.1,MLPClassifier,RoBERTa\_InData
hobbit,89.5,88.0,MLPClassifier,RoBERTa\_InData
iphone,86.5,83.7,MLPClassifier,RoBERTa\_InData
irony,68.1,57.2,MLPClassifier,RoBERTa\_InData
movie,90.7,82.9,MLPClassifier,RoBERTa\_InData
ntua,88.9,88.6,MLPClassifier,RoBERTa\_InData
person,85.0,81.6,MLPClassifier,RoBERTa\_InData
sanders,89.8,89.8,MLPClassifier,RoBERTa\_InData
sarcasm,65.8,63.8,MLPClassifier,RoBERTa\_InData
sentiment140,89.0,88.9,MLPClassifier,RoBERTa\_InData
HCR,81.6,73.6,XGboost,RoBERTa\_InData
Narr-KDML-2012,91.6,91.2,XGboost,RoBERTa\_InData
STS-gold,91.1,89.2,XGboost,RoBERTa\_InData
SemEval13,87.5,83.4,XGboost,RoBERTa\_InData
SemEval15-Task11,88.1,65.2,XGboost,RoBERTa\_InData
SemEval16,90.1,87.1,XGboost,RoBERTa\_InData
SemEval17-test,91.4,90.7,XGboost,RoBERTa\_InData
SemEval18,86.8,86.6,XGboost,RoBERTa\_InData
SentiStrength,84.5,83.9,XGboost,RoBERTa\_InData
Target-dependent,84.7,84.7,XGboost,RoBERTa\_InData
VADER,89.6,87.4,XGboost,RoBERTa\_InData
archeage,89.6,89.3,XGboost,RoBERTa\_InData
debate08,87.3,85.9,XGboost,RoBERTa\_InData
hobbit,83.6,80.1,XGboost,RoBERTa\_InData
iphone,84.0,80.2,XGboost,RoBERTa\_InData
irony,62.5,49.4,XGboost,RoBERTa\_InData
movie,86.5,67.5,XGboost,RoBERTa\_InData
ntua,82.6,81.9,XGboost,RoBERTa\_InData
person,82.5,76.1,XGboost,RoBERTa\_InData
sanders,88.2,88.1,XGboost,RoBERTa\_InData
sarcasm,63.5,61.6,XGboost,RoBERTa\_InData
sentiment140,87.8,87.8,XGboost,RoBERTa\_InData
HCR,78.1,74.2,SVM,RoBERTa\_InData
Narr-KDML-2012,92.1,91.9,SVM,RoBERTa\_InData
STS-gold,91.5,90.3,SVM,RoBERTa\_InData
SemEval13,86.1,83.9,SVM,RoBERTa\_InData
SemEval15-Task11,86.2,72.4,SVM,RoBERTa\_InData
SemEval16,89.3,87.4,SVM,RoBERTa\_InData
SemEval17-test,91.6,91.1,SVM,RoBERTa\_InData
SemEval18,88.0,87.8,SVM,RoBERTa\_InData
SentiStrength,85.9,85.7,SVM,RoBERTa\_InData
Target-dependent,86.3,86.3,SVM,RoBERTa\_InData
VADER,89.9,88.6,SVM,RoBERTa\_InData
archeage,89.0,88.7,SVM,RoBERTa\_InData
debate08,85.7,84.7,SVM,RoBERTa\_InData
hobbit,71.3,70.5,SVM,RoBERTa\_InData
iphone,78.6,77.2,SVM,RoBERTa\_InData
irony,46.7,31.0,SVM,RoBERTa\_InData
movie,72.1,66.5,SVM,RoBERTa\_InData
ntua,81.2,80.8,SVM,RoBERTa\_InData
person,65.5,64.9,SVM,RoBERTa\_InData
sanders,85.5,85.3,SVM,RoBERTa\_InData
sarcasm,64.0,54.2,SVM,RoBERTa\_InData
sentiment140,87.6,87.6,SVM,RoBERTa\_InData
HCR,76.8,59.5,Random_Forest,RoBERTa\_InData
Narr-KDML-2012,89.7,89.0,Random_Forest,RoBERTa\_InData
STS-gold,85.9,81.1,Random_Forest,RoBERTa\_InData
SemEval13,82.3,72.5,Random_Forest,RoBERTa\_InData
SemEval15-Task11,85.8,48.6,Random_Forest,RoBERTa\_InData
SemEval16,86.3,80.4,Random_Forest,RoBERTa\_InData
SemEval17-test,88.9,87.8,Random_Forest,RoBERTa\_InData
SemEval18,85.3,85.0,Random_Forest,RoBERTa\_InData
SentiStrength,82.4,81.4,Random_Forest,RoBERTa\_InData
Target-dependent,82.8,82.8,Random_Forest,RoBERTa\_InData
VADER,85.3,80.5,Random_Forest,RoBERTa\_InData
archeage,89.7,89.3,Random_Forest,RoBERTa\_InData
debate08,83.4,80.4,Random_Forest,RoBERTa\_InData
hobbit,80.3,73.2,Random_Forest,RoBERTa\_InData
iphone,82.3,76.2,Random_Forest,RoBERTa\_InData
irony,66.3,41.9,Random_Forest,RoBERTa\_InData
movie,82.2,46.0,Random_Forest,RoBERTa\_InData
ntua,83.3,82.5,Random_Forest,RoBERTa\_InData
person,76.9,61.8,Random_Forest,RoBERTa\_InData
sanders,86.6,86.4,Random_Forest,RoBERTa\_InData
sarcasm,63.6,59.5,Random_Forest,RoBERTa\_InData
sentiment140,88.6,88.5,Random_Forest,RoBERTa\_InData
