accuracy,f1_macro,Classifier_Model,Embedding,Data_Set
60.04,57.93,XGboost,W2VEdin,ntua
75.2,73.57,XGboost,W2VAraque,ntua
82.37,81.55,XGboost,GloveWP,ntua
59.31,57.0,XGboost,GloveTW,ntua
68.73,66.91,XGboost,FastText,ntua
85.99,85.42,XGboost,SSWE,ntua
76.2,75.25,XGboost,Emo2Vec,ntua
89.95,89.47,XGboost,DeepMoji,ntua
71.24,69.66,XGboost,EWE,ntua
75.22,74.12,XGboost,W2V-GN,ntua
82.75,82.05,XGboost,Roberta: roberta-base / STATIC_AVG,ntua
62.61,60.93,XGboost,TFIDF,ntua
76.59,75.17,XGboost,Bert: bert-base-uncased / STATIC_AVG,ntua
75.54,73.87,XGboost,BERTweet_base_transformers_STATIC,ntua
