accuracy,f1_macro,Classifier_Model,Embedding,Data_Set
70.88,63.87,XGboost,W2VEdin,hobbit
88.31,86.16,XGboost,W2VAraque,hobbit
85.04,81.82,XGboost,GloveWP,hobbit
66.47,55.64,XGboost,GloveTW,hobbit
81.6,77.25,XGboost,FastText,hobbit
67.81,58.76,XGboost,SSWE,hobbit
88.12,86.11,XGboost,Emo2Vec,hobbit
87.53,85.4,XGboost,DeepMoji,hobbit
90.99,89.31,XGboost,EWE,hobbit
82.96,79.57,XGboost,W2V-GN,hobbit
86.97,84.46,XGboost,Roberta: roberta-base / STATIC_AVG,hobbit
92.71,91.77,XGboost,TFIDF,hobbit
87.73,85.24,XGboost,Bert: bert-base-uncased / STATIC_AVG,hobbit
84.86,81.74,XGboost,BERTweet_base_transformers_STATIC,hobbit
