accuracy,f1_macro,Classifier_Model,Embedding,Data_Set
46.25,44.26,XGboost,W2VEdin,sarcasm
58.93,56.77,XGboost,W2VAraque,sarcasm
63.21,61.94,XGboost,GloveWP,sarcasm
46.25,44.65,XGboost,GloveTW,sarcasm
66.25,65.06,XGboost,FastText,sarcasm
73.39,71.71,XGboost,SSWE,sarcasm
64.82,61.43,XGboost,Emo2Vec,sarcasm
57.5,56.51,XGboost,DeepMoji,sarcasm
70.54,69.41,XGboost,EWE,sarcasm
63.57,61.87,XGboost,W2V-GN,sarcasm
46.25,43.19,XGboost,Roberta: roberta-base / STATIC_AVG,sarcasm
51.96,49.32,XGboost,TFIDF,sarcasm
57.5,52.96,XGboost,Bert: bert-base-uncased / STATIC_AVG,sarcasm
56.43,52.32,XGboost,BERTweet_base_transformers_STATIC,sarcasm
