accuracy,f1_macro,Classifier_Model,Embedding,Data_Set
72.54,62.89,XGboost,W2VEdin,iphone
80.64,74.83,XGboost,W2VAraque,iphone
81.38,75.1,XGboost,GloveWP,iphone
71.61,61.49,XGboost,GloveTW,iphone
81.0,75.54,XGboost,FastText,iphone
73.3,65.77,XGboost,SSWE,iphone
84.77,80.94,XGboost,Emo2Vec,iphone
80.63,74.78,XGboost,DeepMoji,iphone
79.5,73.28,XGboost,EWE,iphone
79.13,73.42,XGboost,W2V-GN,iphone
78.96,71.69,XGboost,Roberta: roberta-base / STATIC_AVG,iphone
73.3,65.9,XGboost,TFIDF,iphone
79.32,72.64,XGboost,Bert: bert-base-uncased / STATIC_AVG,iphone
79.32,72.56,XGboost,BERTweet_base_transformers_STATIC,iphone
