accuracy,f1_macro,Classifier_Model,Embedding,Data_Set
65.28,64.94,XGboost,W2VEdin,sanders
75.97,75.72,XGboost,W2VAraque,sanders
79.33,79.12,XGboost,GloveWP,sanders
55.47,55.0,XGboost,GloveTW,sanders
79.81,79.6,XGboost,FastText,sanders
72.38,72.03,XGboost,SSWE,sanders
81.21,81.04,XGboost,Emo2Vec,sanders
81.61,81.39,XGboost,DeepMoji,sanders
80.06,79.84,XGboost,EWE,sanders
80.71,80.51,XGboost,W2V-GN,sanders
79.65,79.38,XGboost,Roberta: roberta-base / STATIC_AVG,sanders
77.86,77.56,XGboost,TFIDF,sanders
79.5,79.19,XGboost,Bert: bert-base-uncased / STATIC_AVG,sanders
76.15,75.79,XGboost,BERTweet_base_transformers_STATIC,sanders
