accuracy,f1_macro,Classifier_Model,Embedding,Data_Set
57.89,54.81,XGboost,W2VEdin,SentiStrength
74.71,73.53,XGboost,W2VAraque,SentiStrength
72.7,71.24,XGboost,GloveWP,SentiStrength
56.75,53.02,XGboost,GloveTW,SentiStrength
74.97,73.8,XGboost,FastText,SentiStrength
66.89,65.2,XGboost,SSWE,SentiStrength
84.05,83.54,XGboost,Emo2Vec,SentiStrength
75.8,74.85,XGboost,DeepMoji,SentiStrength
73.96,72.62,XGboost,EWE,SentiStrength
76.58,75.52,XGboost,W2V-GN,SentiStrength
73.92,72.42,XGboost,Roberta: roberta-base / STATIC_AVG,SentiStrength
70.12,68.54,XGboost,TFIDF,SentiStrength
72.87,71.15,XGboost,Bert: bert-base-uncased / STATIC_AVG,SentiStrength
68.89,66.61,XGboost,BERTweet_base_transformers_STATIC,SentiStrength
