accuracy,f1_macro,Classifier_Model,Embedding,Data_Set
72.22,58.58,XGboost,W2VEdin,HCR
75.36,61.49,XGboost,W2VAraque,HCR
76.36,64.37,XGboost,GloveWP,HCR
71.07,59.15,XGboost,GloveTW,HCR
76.99,65.49,XGboost,FastText,HCR
71.69,57.26,XGboost,SSWE,HCR
75.26,63.49,XGboost,Emo2Vec,HCR
76.57,64.4,XGboost,DeepMoji,HCR
77.41,66.73,XGboost,EWE,HCR
78.93,69.14,XGboost,W2V-GN,HCR
78.98,69.19,XGboost,Roberta: roberta-base / STATIC_AVG,HCR
78.93,71.02,XGboost,TFIDF,HCR
77.72,67.54,XGboost,Bert: bert-base-uncased / STATIC_AVG,HCR
76.26,63.32,XGboost,BERTweet_base_transformers_STATIC,HCR
