accuracy,f1_macro,Classifier_Model,Embedding,Data_Set
72.27,56.59,XGboost,W2VEdin,SemEval13
79.58,71.18,XGboost,W2VAraque,SemEval13
79.26,70.13,XGboost,GloveWP,SemEval13
70.15,54.05,XGboost,GloveTW,SemEval13
80.4,71.94,XGboost,FastText,SemEval13
76.79,66.62,XGboost,SSWE,SemEval13
87.83,84.35,XGboost,Emo2Vec,SemEval13
81.68,74.7,XGboost,DeepMoji,SemEval13
80.45,71.78,XGboost,EWE,SemEval13
81.02,72.81,XGboost,W2V-GN,SemEval13
79.95,70.23,XGboost,Roberta: roberta-base / STATIC_AVG,SemEval13
78.8,68.47,XGboost,TFIDF,SemEval13
79.19,68.52,XGboost,Bert: bert-base-uncased / STATIC_AVG,SemEval13
77.23,63.52,XGboost,BERTweet_base_transformers_STATIC,SemEval13
