accuracy,f1_macro,Classifier_Model,Embedding,Data_Set
67.66,51.29,XGboost,W2VEdin,person
76.08,66.93,XGboost,W2VAraque,person
79.27,71.55,XGboost,GloveWP,person
62.17,46.98,XGboost,GloveTW,person
78.82,71.29,XGboost,FastText,person
72.21,61.52,XGboost,SSWE,person
78.6,72.98,XGboost,Emo2Vec,person
77.24,68.76,XGboost,DeepMoji,person
79.5,72.1,XGboost,EWE,person
77.21,68.33,XGboost,W2V-GN,person
79.95,72.51,XGboost,Roberta: roberta-base / STATIC_AVG,person
73.57,66.27,XGboost,TFIDF,person
73.58,60.54,XGboost,Bert: bert-base-uncased / STATIC_AVG,person
70.62,54.26,XGboost,BERTweet_base_transformers_STATIC,person
