accuracy,f1_macro,Classifier_Model,Embedding,Data_Set
84.43,56.44,XGboost,W2VEdin,SemEval15-Task11
87.23,57.46,XGboost,W2VAraque,SemEval15-Task11
86.6,56.34,XGboost,GloveWP,SemEval15-Task11
83.17,50.87,XGboost,GloveTW,SemEval15-Task11
85.05,48.79,XGboost,FastText,SemEval15-Task11
85.36,60.73,XGboost,SSWE,SemEval15-Task11
86.3,63.75,XGboost,Emo2Vec,SemEval15-Task11
87.24,63.28,XGboost,DeepMoji,SemEval15-Task11
86.31,56.35,XGboost,EWE,SemEval15-Task11
85.36,51.77,XGboost,W2V-GN,SemEval15-Task11
86.91,60.93,XGboost,Roberta: roberta-base / STATIC_AVG,SemEval15-Task11
88.78,72.27,XGboost,TFIDF,SemEval15-Task11
86.92,62.95,XGboost,Bert: bert-base-uncased / STATIC_AVG,SemEval15-Task11
85.98,55.91,XGboost,BERTweet_base_transformers_STATIC,SemEval15-Task11
