accuracy,f1_macro,Classifier_Model,Embedding,Data_Set
69.18,58.41,XGboost,W2VEdin,STS-gold
84.96,81.37,XGboost,W2VAraque,STS-gold
81.81,77.0,XGboost,GloveWP,STS-gold
67.01,55.25,XGboost,GloveTW,STS-gold
84.07,79.72,XGboost,FastText,STS-gold
73.3,66.14,XGboost,SSWE,STS-gold
86.92,84.42,XGboost,Emo2Vec,STS-gold
86.09,82.73,XGboost,DeepMoji,STS-gold
83.88,79.74,XGboost,EWE,STS-gold
83.97,79.78,XGboost,W2V-GN,STS-gold
81.32,75.01,XGboost,Roberta: roberta-base / STATIC_AVG,STS-gold
81.61,76.91,XGboost,TFIDF,STS-gold
81.12,75.02,XGboost,Bert: bert-base-uncased / STATIC_AVG,STS-gold
77.83,69.28,XGboost,BERTweet_base_transformers_STATIC,STS-gold
