accuracy,f1_macro,Classifier_Model,Embedding,Data_Set
59.73,59.68,XGboost,W2VEdin,Target-dependent
79.15,79.13,XGboost,W2VAraque,Target-dependent
79.98,79.97,XGboost,GloveWP,Target-dependent
54.86,54.78,XGboost,GloveTW,Target-dependent
80.93,80.92,XGboost,FastText,Target-dependent
65.99,65.97,XGboost,SSWE,Target-dependent
82.09,82.07,XGboost,Emo2Vec,Target-dependent
78.94,78.93,XGboost,DeepMoji,Target-dependent
80.24,80.24,XGboost,EWE,Target-dependent
80.33,80.32,XGboost,W2V-GN,Target-dependent
78.91,78.9,XGboost,Roberta: roberta-base / STATIC_AVG,Target-dependent
79.98,79.97,XGboost,TFIDF,Target-dependent
78.31,78.29,XGboost,Bert: bert-base-uncased / STATIC_AVG,Target-dependent
76.67,76.65,XGboost,BERTweet_base_transformers_STATIC,Target-dependent
