accuracy,f1_macro,Classifier_Model,Embedding,Data_Set
74.9,61.52,XGboost,W2VEdin,SemEval16
81.01,73.62,XGboost,W2VAraque,SemEval16
83.46,77.17,XGboost,GloveWP,SemEval16
71.35,52.16,XGboost,GloveTW,SemEval16
84.96,79.33,XGboost,FastText,SemEval16
75.88,65.14,XGboost,SSWE,SemEval16
84.09,79.04,XGboost,Emo2Vec,SemEval16
82.29,75.97,XGboost,DeepMoji,SemEval16
84.29,78.33,XGboost,EWE,SemEval16
84.31,78.67,XGboost,W2V-GN,SemEval16
83.54,76.84,XGboost,Roberta: roberta-base / STATIC_AVG,SemEval16
83.47,76.43,XGboost,TFIDF,SemEval16
82.33,75.1,XGboost,Bert: bert-base-uncased / STATIC_AVG,SemEval16
79.64,69.86,XGboost,BERTweet_base_transformers_STATIC,SemEval16
