accuracy,f1_macro,Classifier_Model,Embedding,Data_Set
67.56,67.25,XGboost,W2VEdin,SemEval18
71.0,70.49,XGboost,W2VAraque,SemEval18
76.22,75.94,XGboost,GloveWP,SemEval18
60.14,58.68,XGboost,GloveTW,SemEval18
78.16,77.94,XGboost,FastText,SemEval18
74.34,74.14,XGboost,SSWE,SemEval18
80.58,80.42,XGboost,Emo2Vec,SemEval18
78.05,77.78,XGboost,DeepMoji,SemEval18
76.17,75.9,XGboost,EWE,SemEval18
78.16,77.9,XGboost,W2V-GN,SemEval18
79.02,78.75,XGboost,Roberta: roberta-base / STATIC_AVG,SemEval18
80.42,79.92,XGboost,TFIDF,SemEval18
77.84,77.57,XGboost,Bert: bert-base-uncased / STATIC_AVG,SemEval18
74.77,74.33,XGboost,BERTweet_base_transformers_STATIC,SemEval18
