accuracy,f1_macro,Classifier_Model,Embedding,Data_Set
75.32,74.07,XGboost,W2VEdin,archeage
83.88,83.24,XGboost,W2VAraque,archeage
82.71,82.06,XGboost,GloveWP,archeage
71.19,69.87,XGboost,GloveTW,archeage
85.62,85.08,XGboost,FastText,archeage
75.96,74.79,XGboost,SSWE,archeage
83.7,83.04,XGboost,Emo2Vec,archeage
83.35,82.61,XGboost,DeepMoji,archeage
84.17,83.7,XGboost,EWE,archeage
84.34,83.75,XGboost,W2V-GN,archeage
84.75,84.25,XGboost,Roberta: roberta-base / STATIC_AVG,archeage
83.99,83.56,XGboost,TFIDF,archeage
82.71,82.02,XGboost,Bert: bert-base-uncased / STATIC_AVG,archeage
83.53,82.88,XGboost,BERTweet_base_transformers_STATIC,archeage
