accuracy,f1_macro,Classifier_Model,Embedding,Data_Set
72.46,69.2,XGboost,W2VEdin,debate08
75.44,72.16,XGboost,W2VAraque,debate08
80.38,77.75,XGboost,GloveWP,debate08
61.23,51.87,XGboost,GloveTW,debate08
79.12,76.48,XGboost,FastText,debate08
73.29,69.71,XGboost,SSWE,debate08
75.97,73.11,XGboost,Emo2Vec,debate08
76.08,73.29,XGboost,DeepMoji,debate08
77.7,74.75,XGboost,EWE,debate08
80.59,78.38,XGboost,W2V-GN,debate08
79.9,77.31,XGboost,Roberta: roberta-base / STATIC_AVG,debate08
75.5,72.54,XGboost,TFIDF,debate08
79.64,76.7,XGboost,Bert: bert-base-uncased / STATIC_AVG,debate08
79.33,76.33,XGboost,BERTweet_base_transformers_STATIC,debate08
