accuracy,f1_macro,Classifier_Model,Embedding,Data_Set
57.65,56.96,XGboost,W2VEdin,sentiment140
79.91,79.87,XGboost,W2VAraque,sentiment140
75.49,75.24,XGboost,GloveWP,sentiment140
55.69,55.03,XGboost,GloveTW,sentiment140
81.33,81.25,XGboost,FastText,sentiment140
70.22,69.98,XGboost,SSWE,sentiment140
83.56,83.47,XGboost,Emo2Vec,sentiment140
77.44,77.4,XGboost,DeepMoji,sentiment140
77.15,77.05,XGboost,EWE,sentiment140
80.49,80.43,XGboost,W2V-GN,sentiment140
78.0,77.95,XGboost,Roberta: roberta-base / STATIC_AVG,sentiment140
69.09,68.8,XGboost,TFIDF,sentiment140
74.11,73.94,XGboost,Bert: bert-base-uncased / STATIC_AVG,sentiment140
67.68,67.55,XGboost,BERTweet_base_transformers_STATIC,sentiment140
