accuracy,f1_macro,Classifier_Model,Embedding,Data_Set
60.96,56.95,XGboost,W2VEdin,Narr-KDML-2012
81.09,80.0,XGboost,W2VAraque,Narr-KDML-2012
80.2,79.02,XGboost,GloveWP,Narr-KDML-2012
57.86,51.98,XGboost,GloveTW,Narr-KDML-2012
81.08,79.66,XGboost,FastText,Narr-KDML-2012
72.71,71.28,XGboost,SSWE,Narr-KDML-2012
87.78,87.16,XGboost,Emo2Vec,Narr-KDML-2012
85.9,85.15,XGboost,DeepMoji,Narr-KDML-2012
83.05,81.93,XGboost,EWE,Narr-KDML-2012
82.72,81.72,XGboost,W2V-GN,Narr-KDML-2012
81.1,79.73,XGboost,Roberta: roberta-base / STATIC_AVG,Narr-KDML-2012
77.6,76.49,XGboost,TFIDF,Narr-KDML-2012
79.55,77.96,XGboost,Bert: bert-base-uncased / STATIC_AVG,Narr-KDML-2012
75.88,73.77,XGboost,BERTweet_base_transformers_STATIC,Narr-KDML-2012
