accuracy,f1_macro,Classifier_Model,Embedding,Data_Set
79.5,45.92,XGboost,W2VEdin,movie
83.07,55.64,XGboost,W2VAraque,movie
82.17,54.7,XGboost,GloveWP,movie
75.58,46.93,XGboost,GloveTW,movie
84.85,61.87,XGboost,FastText,movie
81.81,58.96,XGboost,SSWE,movie
88.06,76.17,XGboost,Emo2Vec,movie
85.91,67.48,XGboost,DeepMoji,movie
84.85,61.59,XGboost,EWE,movie
85.56,64.5,XGboost,W2V-GN,movie
84.49,61.38,XGboost,Roberta: roberta-base / STATIC_AVG,movie
83.79,64.42,XGboost,TFIDF,movie
83.07,55.53,XGboost,Bert: bert-base-uncased / STATIC_AVG,movie
81.82,51.16,XGboost,BERTweet_base_transformers_STATIC,movie
