accuracy,f1_macro,Classifier_Model,Embedding,Data_Set
65.0,53.85,XGboost,W2VEdin,irony
59.52,46.16,XGboost,W2VAraque,irony
67.62,54.98,XGboost,GloveWP,irony
55.95,48.96,XGboost,GloveTW,irony
58.57,42.49,XGboost,FastText,irony
55.0,43.94,XGboost,SSWE,irony
74.05,65.82,XGboost,Emo2Vec,irony
64.52,49.3,XGboost,DeepMoji,irony
61.9,46.16,XGboost,EWE,irony
72.38,63.3,XGboost,W2V-GN,irony
55.24,41.13,XGboost,Roberta: roberta-base / STATIC_AVG,irony
42.38,30.21,XGboost,TFIDF,irony
61.43,46.58,XGboost,Bert: bert-base-uncased / STATIC_AVG,irony
69.29,53.85,XGboost,BERTweet_base_transformers_STATIC,irony
