accuracy,f1_macro,Classifier_Model,Embedding,Data_Set
67.87,54.36,XGboost,W2VEdin,VADER
83.53,79.41,XGboost,W2VAraque,VADER
83.13,78.77,XGboost,GloveWP,VADER
66.35,52.05,XGboost,GloveTW,VADER
85.51,81.87,XGboost,FastText,VADER
75.48,68.73,XGboost,SSWE,VADER
86.49,83.81,XGboost,Emo2Vec,VADER
85.87,82.68,XGboost,DeepMoji,VADER
84.03,79.96,XGboost,EWE,VADER
85.7,82.16,XGboost,W2V-GN,VADER
84.08,79.45,XGboost,Roberta: roberta-base / STATIC_AVG,VADER
81.63,75.91,XGboost,TFIDF,VADER
81.7,76.04,XGboost,Bert: bert-base-uncased / STATIC_AVG,VADER
77.5,69.48,XGboost,BERTweet_base_transformers_STATIC,VADER
