accuracy,f1_macro,Classifier_Model,Embedding,Data_Set
61.84,61.18,Reg_Logistica,W2VEdin,ntua
60.4,57.06,Random_Forest,W2VEdin,ntua
61.46,60.72,SVM,W2VEdin,ntua
65.04,63.96,MLPClassifier,W2VEdin,ntua
0.0,0.0,XGboost,W2VEdin,ntua
73.76,73.25,Reg_Logistica,W2VAraque,ntua
71.51,68.16,Random_Forest,W2VAraque,ntua
77.71,76.72,SVM,W2VAraque,ntua
78.47,77.86,MLPClassifier,W2VAraque,ntua
0.0,0.0,XGboost,W2VAraque,ntua
89.54,89.21,Reg_Logistica,GloveWP,ntua
84.88,83.96,Random_Forest,GloveWP,ntua
88.47,87.81,SVM,GloveWP,ntua
88.47,88.03,MLPClassifier,GloveWP,ntua
0.0,0.0,XGboost,GloveWP,ntua
57.16,56.08,Reg_Logistica,GloveTW,ntua
60.38,58.16,Random_Forest,GloveTW,ntua
56.48,55.8,SVM,GloveTW,ntua
63.23,62.59,MLPClassifier,GloveTW,ntua
0.0,0.0,XGboost,GloveTW,ntua
71.6,71.0,Reg_Logistica,FastText,ntua
70.15,65.49,Random_Forest,FastText,ntua
73.04,72.46,SVM,FastText,ntua
78.1,77.42,MLPClassifier,FastText,ntua
0.0,0.0,XGboost,FastText,ntua
90.28,89.74,Reg_Logistica,SSWE,ntua
88.88,88.23,Random_Forest,SSWE,ntua
89.59,88.8,SVM,SSWE,ntua
86.71,86.32,MLPClassifier,SSWE,ntua
0.0,0.0,XGboost,SSWE,ntua
80.21,79.87,Reg_Logistica,Emo2Vec,ntua
78.03,77.24,Random_Forest,Emo2Vec,ntua
80.56,80.2,SVM,Emo2Vec,ntua
78.78,78.09,MLPClassifier,Emo2Vec,ntua
0.0,0.0,XGboost,Emo2Vec,ntua
92.46,92.27,Reg_Logistica,DeepMoji,ntua
89.91,89.44,Random_Forest,DeepMoji,ntua
92.82,92.66,SVM,DeepMoji,ntua
90.33,90.02,MLPClassifier,DeepMoji,ntua
0.0,0.0,XGboost,DeepMoji,ntua
74.09,73.22,Reg_Logistica,EWE,ntua
68.69,65.26,Random_Forest,EWE,ntua
70.54,70.19,SVM,EWE,ntua
75.19,73.78,MLPClassifier,EWE,ntua
0.0,0.0,XGboost,EWE,ntua
79.52,79.2,Reg_Logistica,W2V-GN,ntua
74.07,71.96,Random_Forest,W2V-GN,ntua
79.15,78.79,SVM,W2V-GN,ntua
79.85,79.28,MLPClassifier,W2V-GN,ntua
0.0,0.0,XGboost,W2V-GN,ntua
73.7,72.77,Reg_Logistica,TFIDF,ntua
69.75,66.35,Random_Forest,TFIDF,ntua
74.4,71.55,SVM,TFIDF,ntua
75.87,74.95,MLPClassifier,TFIDF,ntua
62.61,60.93,XGboost,TFIDF,ntua
89.93,89.57,Reg_Logistica,Roberta: roberta-base / STATIC_AVG,ntua
83.08,81.91,Random_Forest,Roberta: roberta-base / STATIC_AVG,ntua
89.91,89.42,SVM,Roberta: roberta-base / STATIC_AVG,ntua
88.45,88.13,MLPClassifier,Roberta: roberta-base / STATIC_AVG,ntua
82.75,82.05,XGboost,Roberta: roberta-base / STATIC_AVG,ntua
73.74,73.46,Reg_Logistica,Bert: bert-base-uncased / STATIC_AVG,ntua
74.1,72.22,Random_Forest,Bert: bert-base-uncased / STATIC_AVG,ntua
83.47,83.15,SVM,Bert: bert-base-uncased / STATIC_AVG,ntua
88.15,87.87,MLPClassifier,Bert: bert-base-uncased / STATIC_AVG,ntua
76.59,75.17,XGboost,Bert: bert-base-uncased / STATIC_AVG,ntua
