accuracy,f1_macro,Classifier_Model,Embedding,Data_Set
59.9,57.14,Reg_Logistica,W2VEdin,HCR
73.43,53.78,Random_Forest,W2VEdin,HCR
65.61,62.68,SVM,W2VEdin,HCR
70.6,63.13,MLPClassifier,W2VEdin,HCR
0.0,0.0,XGboost,W2VEdin,HCR
68.86,64.9,Reg_Logistica,W2VAraque,HCR
74.0,50.74,Random_Forest,W2VAraque,HCR
73.95,69.17,SVM,W2VAraque,HCR
75.47,67.78,MLPClassifier,W2VAraque,HCR
0.0,0.0,XGboost,W2VAraque,HCR
71.9,68.56,Reg_Logistica,GloveWP,HCR
73.43,48.63,Random_Forest,GloveWP,HCR
72.58,68.96,SVM,GloveWP,HCR
76.31,68.93,MLPClassifier,GloveWP,HCR
0.0,0.0,XGboost,GloveWP,HCR
58.07,57.29,Reg_Logistica,GloveTW,HCR
68.66,59.2,Random_Forest,GloveTW,HCR
58.91,58.13,SVM,GloveTW,HCR
71.86,57.55,MLPClassifier,GloveTW,HCR
0.0,0.0,XGboost,GloveTW,HCR
68.92,66.04,Reg_Logistica,FastText,HCR
74.06,50.92,Random_Forest,FastText,HCR
72.64,69.78,SVM,FastText,HCR
76.15,69.63,MLPClassifier,FastText,HCR
0.0,0.0,XGboost,FastText,HCR
61.68,58.43,Reg_Logistica,SSWE,HCR
73.06,50.97,Random_Forest,SSWE,HCR
63.62,59.51,SVM,SSWE,HCR
68.08,58.01,MLPClassifier,SSWE,HCR
0.0,0.0,XGboost,SSWE,HCR
67.55,64.29,Reg_Logistica,Emo2Vec,HCR
74.58,56.23,Random_Forest,Emo2Vec,HCR
70.54,66.96,SVM,Emo2Vec,HCR
75.36,67.77,MLPClassifier,Emo2Vec,HCR
0.0,0.0,XGboost,Emo2Vec,HCR
68.34,64.59,Reg_Logistica,DeepMoji,HCR
74.58,52.36,Random_Forest,DeepMoji,HCR
73.21,68.79,SVM,DeepMoji,HCR
74.95,67.32,MLPClassifier,DeepMoji,HCR
0.0,0.0,XGboost,DeepMoji,HCR
73.0,69.58,Reg_Logistica,EWE,HCR
74.27,51.47,Random_Forest,EWE,HCR
71.59,68.26,SVM,EWE,HCR
77.2,71.09,MLPClassifier,EWE,HCR
0.0,0.0,XGboost,EWE,HCR
72.43,69.42,Reg_Logistica,W2V-GN,HCR
74.63,52.71,Random_Forest,W2V-GN,HCR
74.78,70.97,SVM,W2V-GN,HCR
77.09,70.74,MLPClassifier,W2V-GN,HCR
0.0,0.0,XGboost,W2V-GN,HCR
78.09,73.37,Reg_Logistica,TFIDF,HCR
78.83,66.45,Random_Forest,TFIDF,HCR
80.24,72.16,SVM,TFIDF,HCR
76.94,70.34,MLPClassifier,TFIDF,HCR
78.93,71.02,XGboost,TFIDF,HCR
74.36,71.24,Reg_Logistica,Roberta: roberta-base / STATIC_AVG,HCR
74.42,52.27,Random_Forest,Roberta: roberta-base / STATIC_AVG,HCR
78.3,74.55,SVM,Roberta: roberta-base / STATIC_AVG,HCR
77.09,72.01,MLPClassifier,Roberta: roberta-base / STATIC_AVG,HCR
78.98,69.19,XGboost,Roberta: roberta-base / STATIC_AVG,HCR
65.2,62.42,Reg_Logistica,Bert: bert-base-uncased / STATIC_AVG,HCR
75.16,55.54,Random_Forest,Bert: bert-base-uncased / STATIC_AVG,HCR
76.36,72.94,SVM,Bert: bert-base-uncased / STATIC_AVG,HCR
79.09,72.16,MLPClassifier,Bert: bert-base-uncased / STATIC_AVG,HCR
77.72,67.54,XGboost,Bert: bert-base-uncased / STATIC_AVG,HCR
