accuracy,f1_macro,Classifier_Model,Embedding,Data_Set
55.17,54.71,Reg_Logistica,W2VEdin,sentiment140
55.44,54.81,Random_Forest,W2VEdin,sentiment140
55.98,55.24,SVM,W2VEdin,sentiment140
55.74,55.45,MLPClassifier,W2VEdin,sentiment140
0.0,0.0,XGboost,W2VEdin,sentiment140
80.51,80.33,Reg_Logistica,W2VAraque,sentiment140
79.1,79.07,Random_Forest,W2VAraque,sentiment140
82.71,82.6,SVM,W2VAraque,sentiment140
79.92,79.84,MLPClassifier,W2VAraque,sentiment140
0.0,0.0,XGboost,W2VAraque,sentiment140
83.29,83.21,Reg_Logistica,GloveWP,sentiment140
75.2,75.06,Random_Forest,GloveWP,sentiment140
83.02,82.94,SVM,GloveWP,sentiment140
79.1,79.01,MLPClassifier,GloveWP,sentiment140
0.0,0.0,XGboost,GloveWP,sentiment140
54.05,53.0,Reg_Logistica,GloveTW,sentiment140
57.94,57.54,Random_Forest,GloveTW,sentiment140
49.86,46.73,SVM,GloveTW,sentiment140
51.53,51.16,MLPClassifier,GloveTW,sentiment140
0.0,0.0,XGboost,GloveTW,sentiment140
82.74,82.62,Reg_Logistica,FastText,sentiment140
77.98,77.8,Random_Forest,FastText,sentiment140
83.56,83.46,SVM,FastText,sentiment140
80.49,80.36,MLPClassifier,FastText,sentiment140
0.0,0.0,XGboost,FastText,sentiment140
74.94,74.78,Reg_Logistica,SSWE,sentiment140
70.49,70.28,Random_Forest,SSWE,sentiment140
71.88,71.52,SVM,SSWE,sentiment140
69.91,69.86,MLPClassifier,SSWE,sentiment140
0.0,0.0,XGboost,SSWE,sentiment140
84.13,84.08,Reg_Logistica,Emo2Vec,sentiment140
82.73,82.66,Random_Forest,Emo2Vec,sentiment140
85.24,85.18,SVM,Emo2Vec,sentiment140
82.72,82.62,MLPClassifier,Emo2Vec,sentiment140
0.0,0.0,XGboost,Emo2Vec,sentiment140
80.78,80.69,Reg_Logistica,DeepMoji,sentiment140
76.88,76.86,Random_Forest,DeepMoji,sentiment140
80.23,80.16,SVM,DeepMoji,sentiment140
76.33,76.23,MLPClassifier,DeepMoji,sentiment140
0.0,0.0,XGboost,DeepMoji,sentiment140
84.11,84.08,Reg_Logistica,EWE,sentiment140
79.39,79.28,Random_Forest,EWE,sentiment140
83.01,82.96,SVM,EWE,sentiment140
82.73,82.66,MLPClassifier,EWE,sentiment140
0.0,0.0,XGboost,EWE,sentiment140
84.94,84.89,Reg_Logistica,W2V-GN,sentiment140
81.62,81.58,Random_Forest,W2V-GN,sentiment140
85.22,85.18,SVM,W2V-GN,sentiment140
81.33,81.26,MLPClassifier,W2V-GN,sentiment140
0.0,0.0,XGboost,W2V-GN,sentiment140
80.2,80.1,Reg_Logistica,TFIDF,sentiment140
77.41,76.92,Random_Forest,TFIDF,sentiment140
81.59,81.46,SVM,TFIDF,sentiment140
79.92,79.81,MLPClassifier,TFIDF,sentiment140
69.09,68.8,XGboost,TFIDF,sentiment140
83.0,82.92,Reg_Logistica,Roberta: roberta-base / STATIC_AVG,sentiment140
78.57,78.51,Random_Forest,Roberta: roberta-base / STATIC_AVG,sentiment140
84.94,84.87,SVM,Roberta: roberta-base / STATIC_AVG,sentiment140
83.83,83.78,MLPClassifier,Roberta: roberta-base / STATIC_AVG,sentiment140
78.0,77.95,XGboost,Roberta: roberta-base / STATIC_AVG,sentiment140
76.06,75.95,Reg_Logistica,Bert: bert-base-uncased / STATIC_AVG,sentiment140
74.65,74.52,Random_Forest,Bert: bert-base-uncased / STATIC_AVG,sentiment140
81.06,80.96,SVM,Bert: bert-base-uncased / STATIC_AVG,sentiment140
85.48,85.46,MLPClassifier,Bert: bert-base-uncased / STATIC_AVG,sentiment140
74.11,73.94,XGboost,Bert: bert-base-uncased / STATIC_AVG,sentiment140
