accuracy,f1_macro,Classifier_Model,Embedding,Data_Set
73.7,72.77,Reg_Logistica,TFIDF,ntua
69.75,66.35,Random_Forest,TFIDF,ntua
74.4,71.55,SVM,TFIDF,ntua
75.87,74.95,MLPClassifier,TFIDF,ntua
62.61,60.93,XGboost,TFIDF,ntua
89.58,89.18,Reg_Logistica,Roberta: roberta-base / STATIC_AVG,ntua
83.07,81.84,Random_Forest,Roberta: roberta-base / STATIC_AVG,ntua
89.91,89.42,SVM,Roberta: roberta-base / STATIC_AVG,ntua
89.18,88.85,MLPClassifier,Roberta: roberta-base / STATIC_AVG,ntua
84.89,84.41,XGboost,Roberta: roberta-base / STATIC_AVG,ntua
73.74,73.46,Reg_Logistica,Bert: bert-base-uncased / STATIC_AVG,ntua
74.1,72.22,Random_Forest,Bert: bert-base-uncased / STATIC_AVG,ntua
83.47,83.15,SVM,Bert: bert-base-uncased / STATIC_AVG,ntua
88.15,87.87,MLPClassifier,Bert: bert-base-uncased / STATIC_AVG,ntua
76.59,75.17,XGboost,Bert: bert-base-uncased / STATIC_AVG,ntua
68.4,68.02,Reg_Logistica,BERTweet_base_transformers_STATIC,ntua
76.96,74.31,Random_Forest,BERTweet_base_transformers_STATIC,ntua
80.2,79.63,SVM,BERTweet_base_transformers_STATIC,ntua
91.32,91.08,MLPClassifier,BERTweet_base_transformers_STATIC,ntua
75.54,73.87,XGboost,BERTweet_base_transformers_STATIC,ntua
