accuracy,f1_macro,Classifier_Model,Embedding,Data_Set
80.2,80.1,Reg_Logistica,TFIDF,sentiment140
77.41,76.92,Random_Forest,TFIDF,sentiment140
81.59,81.46,SVM,TFIDF,sentiment140
79.92,79.81,MLPClassifier,TFIDF,sentiment140
69.09,68.8,XGboost,TFIDF,sentiment140
83.0,82.92,Reg_Logistica,Roberta: roberta-base / STATIC_AVG,sentiment140
79.95,79.87,Random_Forest,Roberta: roberta-base / STATIC_AVG,sentiment140
84.94,84.87,SVM,Roberta: roberta-base / STATIC_AVG,sentiment140
83.27,83.22,MLPClassifier,Roberta: roberta-base / STATIC_AVG,sentiment140
79.95,79.87,XGboost,Roberta: roberta-base / STATIC_AVG,sentiment140
76.06,75.95,Reg_Logistica,Bert: bert-base-uncased / STATIC_AVG,sentiment140
74.65,74.52,Random_Forest,Bert: bert-base-uncased / STATIC_AVG,sentiment140
81.06,80.96,SVM,Bert: bert-base-uncased / STATIC_AVG,sentiment140
85.48,85.46,MLPClassifier,Bert: bert-base-uncased / STATIC_AVG,sentiment140
74.11,73.94,XGboost,Bert: bert-base-uncased / STATIC_AVG,sentiment140
69.34,69.12,Reg_Logistica,BERTweet_base_transformers_STATIC,sentiment140
71.85,71.72,Random_Forest,BERTweet_base_transformers_STATIC,sentiment140
72.16,72.07,SVM,BERTweet_base_transformers_STATIC,sentiment140
75.78,75.68,MLPClassifier,BERTweet_base_transformers_STATIC,sentiment140
67.68,67.55,XGboost,BERTweet_base_transformers_STATIC,sentiment140
