accuracy,f1_macro,Classifier_Model,Embedding,Data_Set
83.65,81.18,Reg_Logistica,TFIDF,VADER
80.22,73.42,Random_Forest,TFIDF,VADER
83.27,78.48,SVM,TFIDF,VADER
82.84,79.28,MLPClassifier,TFIDF,VADER
81.63,75.91,XGboost,TFIDF,VADER
88.89,87.43,Reg_Logistica,Roberta: roberta-base / STATIC_AVG,VADER
75.12,59.73,Random_Forest,Roberta: roberta-base / STATIC_AVG,VADER
89.3,87.77,SVM,Roberta: roberta-base / STATIC_AVG,VADER
88.63,86.57,MLPClassifier,Roberta: roberta-base / STATIC_AVG,VADER
83.72,79.0,XGboost,Roberta: roberta-base / STATIC_AVG,VADER
80.39,78.28,Reg_Logistica,Bert: bert-base-uncased / STATIC_AVG,VADER
74.36,57.99,Random_Forest,Bert: bert-base-uncased / STATIC_AVG,VADER
87.51,85.76,SVM,Bert: bert-base-uncased / STATIC_AVG,VADER
87.54,85.45,MLPClassifier,Bert: bert-base-uncased / STATIC_AVG,VADER
81.7,76.04,XGboost,Bert: bert-base-uncased / STATIC_AVG,VADER
75.69,73.45,Reg_Logistica,BERTweet_base_transformers_STATIC,VADER
72.05,50.72,Random_Forest,BERTweet_base_transformers_STATIC,VADER
81.53,79.44,SVM,BERTweet_base_transformers_STATIC,VADER
85.65,83.17,MLPClassifier,BERTweet_base_transformers_STATIC,VADER
77.5,69.48,XGboost,BERTweet_base_transformers_STATIC,VADER
