accuracy,f1_macro,Classifier_Model,Embedding,Data_Set
69.44,57.21,Reg_Logistica,W2VEdin,SemEval15-Task11
84.73,47.28,Random_Forest,W2VEdin,SemEval15-Task11
81.61,70.99,SVM,W2VEdin,SemEval15-Task11
86.92,69.86,MLPClassifier,W2VEdin,SemEval15-Task11
0.0,0.0,XGboost,W2VEdin,SemEval15-Task11
79.74,65.1,Reg_Logistica,W2VAraque,SemEval15-Task11
85.36,46.05,Random_Forest,W2VAraque,SemEval15-Task11
87.54,66.33,SVM,W2VAraque,SemEval15-Task11
85.35,63.95,MLPClassifier,W2VAraque,SemEval15-Task11
0.0,0.0,XGboost,W2VAraque,SemEval15-Task11
81.32,66.39,Reg_Logistica,GloveWP,SemEval15-Task11
85.67,48.13,Random_Forest,GloveWP,SemEval15-Task11
83.2,65.74,SVM,GloveWP,SemEval15-Task11
85.04,65.3,MLPClassifier,GloveWP,SemEval15-Task11
0.0,0.0,XGboost,GloveWP,SemEval15-Task11
52.98,47.39,Reg_Logistica,GloveTW,SemEval15-Task11
76.0,50.13,Random_Forest,GloveTW,SemEval15-Task11
53.93,48.49,SVM,GloveTW,SemEval15-Task11
83.16,58.42,MLPClassifier,GloveTW,SemEval15-Task11
0.0,0.0,XGboost,GloveTW,SemEval15-Task11
74.81,61.94,Reg_Logistica,FastText,SemEval15-Task11
85.36,46.05,Random_Forest,FastText,SemEval15-Task11
81.95,68.13,SVM,FastText,SemEval15-Task11
87.54,70.42,MLPClassifier,FastText,SemEval15-Task11
0.0,0.0,XGboost,FastText,SemEval15-Task11
71.98,62.36,Reg_Logistica,SSWE,SemEval15-Task11
84.74,45.86,Random_Forest,SSWE,SemEval15-Task11
65.44,58.77,SVM,SSWE,SemEval15-Task11
83.51,62.26,MLPClassifier,SSWE,SemEval15-Task11
0.0,0.0,XGboost,SSWE,SemEval15-Task11
81.0,69.06,Reg_Logistica,Emo2Vec,SemEval15-Task11
85.98,49.87,Random_Forest,Emo2Vec,SemEval15-Task11
83.49,71.2,SVM,Emo2Vec,SemEval15-Task11
86.29,66.89,MLPClassifier,Emo2Vec,SemEval15-Task11
0.0,0.0,XGboost,Emo2Vec,SemEval15-Task11
83.49,69.96,Reg_Logistica,DeepMoji,SemEval15-Task11
85.98,49.54,Random_Forest,DeepMoji,SemEval15-Task11
87.85,73.15,SVM,DeepMoji,SemEval15-Task11
86.61,71.13,MLPClassifier,DeepMoji,SemEval15-Task11
0.0,0.0,XGboost,DeepMoji,SemEval15-Task11
85.08,73.19,Reg_Logistica,EWE,SemEval15-Task11
85.36,46.05,Random_Forest,EWE,SemEval15-Task11
88.8,75.02,SVM,EWE,SemEval15-Task11
86.64,70.27,MLPClassifier,EWE,SemEval15-Task11
0.0,0.0,XGboost,EWE,SemEval15-Task11
81.32,67.06,Reg_Logistica,W2V-GN,SemEval15-Task11
85.36,46.05,Random_Forest,W2V-GN,SemEval15-Task11
87.88,69.91,SVM,W2V-GN,SemEval15-Task11
84.43,66.98,MLPClassifier,W2V-GN,SemEval15-Task11
0.0,0.0,XGboost,W2V-GN,SemEval15-Task11
90.35,75.63,Reg_Logistica,TFIDF,SemEval15-Task11
88.78,66.89,Random_Forest,TFIDF,SemEval15-Task11
87.23,58.51,SVM,TFIDF,SemEval15-Task11
86.91,59.82,MLPClassifier,TFIDF,SemEval15-Task11
88.78,72.27,XGboost,TFIDF,SemEval15-Task11
86.6,74.79,Reg_Logistica,Roberta: roberta-base / STATIC_AVG,SemEval15-Task11
85.36,46.05,Random_Forest,Roberta: roberta-base / STATIC_AVG,SemEval15-Task11
90.34,78.48,SVM,Roberta: roberta-base / STATIC_AVG,SemEval15-Task11
87.85,69.78,MLPClassifier,Roberta: roberta-base / STATIC_AVG,SemEval15-Task11
86.91,60.93,XGboost,Roberta: roberta-base / STATIC_AVG,SemEval15-Task11
84.72,72.61,Reg_Logistica,Bert: bert-base-uncased / STATIC_AVG,SemEval15-Task11
85.36,46.05,Random_Forest,Bert: bert-base-uncased / STATIC_AVG,SemEval15-Task11
89.72,77.04,SVM,Bert: bert-base-uncased / STATIC_AVG,SemEval15-Task11
89.73,74.74,MLPClassifier,Bert: bert-base-uncased / STATIC_AVG,SemEval15-Task11
86.92,62.95,XGboost,Bert: bert-base-uncased / STATIC_AVG,SemEval15-Task11
