accuracy,f1_macro,Classifier_Model,Embedding,Data_Set
66.89,64.29,Reg_Logistica,W2VEdin,debate08
72.56,67.36,Random_Forest,W2VEdin,debate08
72.35,70.62,SVM,W2VEdin,debate08
70.72,68.87,MLPClassifier,W2VEdin,debate08
0.0,0.0,XGboost,W2VEdin,debate08
75.81,74.41,Reg_Logistica,W2VAraque,debate08
73.03,65.29,Random_Forest,W2VAraque,debate08
77.7,76.01,SVM,W2VAraque,debate08
75.55,73.51,MLPClassifier,W2VAraque,debate08
0.0,0.0,XGboost,W2VAraque,debate08
80.48,79.32,Reg_Logistica,GloveWP,debate08
78.7,73.4,Random_Forest,GloveWP,debate08
82.21,80.91,SVM,GloveWP,debate08
81.53,79.84,MLPClassifier,GloveWP,debate08
0.0,0.0,XGboost,GloveWP,debate08
52.89,51.66,Reg_Logistica,GloveTW,debate08
56.98,55.73,Random_Forest,GloveTW,debate08
57.35,55.93,SVM,GloveTW,debate08
63.06,51.83,MLPClassifier,GloveTW,debate08
0.0,0.0,XGboost,GloveTW,debate08
79.07,77.58,Reg_Logistica,FastText,debate08
75.76,69.71,Random_Forest,FastText,debate08
81.42,80.03,SVM,FastText,debate08
79.59,78.0,MLPClassifier,FastText,debate08
0.0,0.0,XGboost,FastText,debate08
70.67,68.92,Reg_Logistica,SSWE,debate08
74.24,69.15,Random_Forest,SSWE,debate08
72.4,70.26,SVM,SSWE,debate08
69.94,67.55,MLPClassifier,SSWE,debate08
0.0,0.0,XGboost,SSWE,debate08
76.28,75.05,Reg_Logistica,Emo2Vec,debate08
76.08,71.43,Random_Forest,Emo2Vec,debate08
75.76,74.28,SVM,Emo2Vec,debate08
74.55,72.15,MLPClassifier,Emo2Vec,debate08
0.0,0.0,XGboost,Emo2Vec,debate08
75.02,73.85,Reg_Logistica,DeepMoji,debate08
72.98,66.2,Random_Forest,DeepMoji,debate08
77.02,75.71,SVM,DeepMoji,debate08
75.45,73.43,MLPClassifier,DeepMoji,debate08
0.0,0.0,XGboost,DeepMoji,debate08
78.33,77.14,Reg_Logistica,EWE,debate08
75.71,69.69,Random_Forest,EWE,debate08
77.55,76.0,SVM,EWE,debate08
77.39,75.53,MLPClassifier,EWE,debate08
0.0,0.0,XGboost,EWE,debate08
81.58,80.34,Reg_Logistica,W2V-GN,debate08
78.86,74.12,Random_Forest,W2V-GN,debate08
83.79,82.5,SVM,W2V-GN,debate08
82.53,81.09,MLPClassifier,W2V-GN,debate08
0.0,0.0,XGboost,W2V-GN,debate08
78.59,77.02,Reg_Logistica,TFIDF,debate08
76.7,72.6,Random_Forest,TFIDF,debate08
79.22,76.57,SVM,TFIDF,debate08
77.07,75.24,MLPClassifier,TFIDF,debate08
75.5,72.54,XGboost,TFIDF,debate08
81.53,80.33,Reg_Logistica,Roberta: roberta-base / STATIC_AVG,debate08
76.28,70.61,Random_Forest,Roberta: roberta-base / STATIC_AVG,debate08
85.1,83.85,SVM,Roberta: roberta-base / STATIC_AVG,debate08
83.79,82.52,MLPClassifier,Roberta: roberta-base / STATIC_AVG,debate08
79.9,77.31,XGboost,Roberta: roberta-base / STATIC_AVG,debate08
73.5,71.71,Reg_Logistica,Bert: bert-base-uncased / STATIC_AVG,debate08
76.49,70.52,Random_Forest,Bert: bert-base-uncased / STATIC_AVG,debate08
84.15,82.7,SVM,Bert: bert-base-uncased / STATIC_AVG,debate08
82.37,80.66,MLPClassifier,Bert: bert-base-uncased / STATIC_AVG,debate08
79.64,76.7,XGboost,Bert: bert-base-uncased / STATIC_AVG,debate08
