accuracy,f1_macro,Classifier_Model,Embedding,Data_Set
56.74,55.52,Reg_Logistica,W2VEdin,VADER
66.18,50.14,Random_Forest,W2VEdin,VADER
57.08,56.03,SVM,W2VEdin,VADER
64.8,56.43,MLPClassifier,W2VEdin,VADER
0.0,0.0,XGboost,W2VEdin,VADER
83.91,82.1,Reg_Logistica,W2VAraque,VADER
78.03,67.23,Random_Forest,W2VAraque,VADER
85.3,83.38,SVM,W2VAraque,VADER
84.32,81.48,MLPClassifier,W2VAraque,VADER
0.0,0.0,XGboost,W2VAraque,VADER
84.87,83.02,Reg_Logistica,GloveWP,VADER
77.34,64.66,Random_Forest,GloveWP,VADER
84.51,82.62,SVM,GloveWP,VADER
85.63,82.94,MLPClassifier,GloveWP,VADER
0.0,0.0,XGboost,GloveWP,VADER
55.77,54.09,Reg_Logistica,GloveTW,VADER
58.13,52.46,Random_Forest,GloveTW,VADER
47.16,46.91,SVM,GloveTW,VADER
67.97,49.91,MLPClassifier,GloveTW,VADER
0.0,0.0,XGboost,GloveTW,VADER
86.13,84.47,Reg_Logistica,FastText,VADER
78.14,66.42,Random_Forest,FastText,VADER
87.01,85.33,SVM,FastText,VADER
85.94,83.42,MLPClassifier,FastText,VADER
0.0,0.0,XGboost,FastText,VADER
72.52,69.86,Reg_Logistica,SSWE,VADER
76.26,68.12,Random_Forest,SSWE,VADER
73.9,70.37,SVM,SSWE,VADER
72.45,67.0,MLPClassifier,SSWE,VADER
0.0,0.0,XGboost,SSWE,VADER
85.53,83.82,Reg_Logistica,Emo2Vec,VADER
86.06,82.82,Random_Forest,Emo2Vec,VADER
85.99,84.33,SVM,Emo2Vec,VADER
83.86,80.94,MLPClassifier,Emo2Vec,VADER
0.0,0.0,XGboost,Emo2Vec,VADER
85.37,83.69,Reg_Logistica,DeepMoji,VADER
80.27,71.97,Random_Forest,DeepMoji,VADER
86.65,85.01,SVM,DeepMoji,VADER
86.3,83.88,MLPClassifier,DeepMoji,VADER
0.0,0.0,XGboost,DeepMoji,VADER
87.32,85.71,Reg_Logistica,EWE,VADER
78.19,67.08,Random_Forest,EWE,VADER
86.44,84.82,SVM,EWE,VADER
86.06,83.4,MLPClassifier,EWE,VADER
0.0,0.0,XGboost,EWE,VADER
87.13,85.52,Reg_Logistica,W2V-GN,VADER
79.57,70.27,Random_Forest,W2V-GN,VADER
88.25,86.68,SVM,W2V-GN,VADER
87.3,85.0,MLPClassifier,W2V-GN,VADER
0.0,0.0,XGboost,W2V-GN,VADER
83.65,81.18,Reg_Logistica,TFIDF,VADER
80.22,73.42,Random_Forest,TFIDF,VADER
83.27,78.48,SVM,TFIDF,VADER
82.84,79.28,MLPClassifier,TFIDF,VADER
81.63,75.91,XGboost,TFIDF,VADER
88.92,87.45,Reg_Logistica,Roberta: roberta-base / STATIC_AVG,VADER
75.19,59.59,Random_Forest,Roberta: roberta-base / STATIC_AVG,VADER
89.32,87.8,SVM,Roberta: roberta-base / STATIC_AVG,VADER
88.89,86.95,MLPClassifier,Roberta: roberta-base / STATIC_AVG,VADER
84.08,79.45,XGboost,Roberta: roberta-base / STATIC_AVG,VADER
80.39,78.28,Reg_Logistica,Bert: bert-base-uncased / STATIC_AVG,VADER
74.36,57.99,Random_Forest,Bert: bert-base-uncased / STATIC_AVG,VADER
87.51,85.76,SVM,Bert: bert-base-uncased / STATIC_AVG,VADER
87.51,85.44,MLPClassifier,Bert: bert-base-uncased / STATIC_AVG,VADER
81.7,76.04,XGboost,Bert: bert-base-uncased / STATIC_AVG,VADER
