accuracy,f1_macro,Classifier_Model,Embedding,Data_Set
59.07,58.93,Reg_Logistica,W2VEdin,Target-dependent
60.05,60.02,Random_Forest,W2VEdin,Target-dependent
59.85,59.8,SVM,W2VEdin,Target-dependent
60.89,60.63,MLPClassifier,W2VEdin,Target-dependent
0.0,0.0,XGboost,W2VEdin,Target-dependent
81.08,81.06,Reg_Logistica,W2VAraque,Target-dependent
76.75,76.75,Random_Forest,W2VAraque,Target-dependent
81.4,81.39,SVM,W2VAraque,Target-dependent
80.24,80.24,MLPClassifier,W2VAraque,Target-dependent
0.0,0.0,XGboost,W2VAraque,Target-dependent
80.94,80.92,Reg_Logistica,GloveWP,Target-dependent
77.07,77.06,Random_Forest,GloveWP,Target-dependent
81.92,81.91,SVM,GloveWP,Target-dependent
79.09,79.08,MLPClassifier,GloveWP,Target-dependent
0.0,0.0,XGboost,GloveWP,Target-dependent
58.44,58.24,Reg_Logistica,GloveTW,Target-dependent
55.55,55.43,Random_Forest,GloveTW,Target-dependent
58.44,58.32,SVM,GloveTW,Target-dependent
56.39,55.96,MLPClassifier,GloveTW,Target-dependent
0.0,0.0,XGboost,GloveTW,Target-dependent
82.38,82.37,Reg_Logistica,FastText,Target-dependent
79.9,79.89,Random_Forest,FastText,Target-dependent
83.82,83.81,SVM,FastText,Target-dependent
79.81,79.8,MLPClassifier,FastText,Target-dependent
0.0,0.0,XGboost,FastText,Target-dependent
68.67,68.62,Reg_Logistica,SSWE,Target-dependent
66.86,66.83,Random_Forest,SSWE,Target-dependent
69.43,69.32,SVM,SSWE,Target-dependent
64.29,64.23,MLPClassifier,SSWE,Target-dependent
0.0,0.0,XGboost,SSWE,Target-dependent
82.41,82.39,Reg_Logistica,Emo2Vec,Target-dependent
81.11,81.08,Random_Forest,Emo2Vec,Target-dependent
82.75,82.73,SVM,Emo2Vec,Target-dependent
78.71,78.7,MLPClassifier,Emo2Vec,Target-dependent
0.0,0.0,XGboost,Emo2Vec,Target-dependent
81.94,81.91,Reg_Logistica,DeepMoji,Target-dependent
78.57,78.53,Random_Forest,DeepMoji,Target-dependent
83.13,83.1,SVM,DeepMoji,Target-dependent
79.18,79.15,MLPClassifier,DeepMoji,Target-dependent
0.0,0.0,XGboost,DeepMoji,Target-dependent
82.64,82.63,Reg_Logistica,EWE,Target-dependent
79.49,79.48,Random_Forest,EWE,Target-dependent
83.18,83.18,SVM,EWE,Target-dependent
80.67,80.67,MLPClassifier,EWE,Target-dependent
0.0,0.0,XGboost,EWE,Target-dependent
82.49,82.49,Reg_Logistica,W2V-GN,Target-dependent
80.16,80.15,Random_Forest,W2V-GN,Target-dependent
83.67,83.67,SVM,W2V-GN,Target-dependent
81.71,81.7,MLPClassifier,W2V-GN,Target-dependent
0.0,0.0,XGboost,W2V-GN,Target-dependent
81.63,81.61,Reg_Logistica,TFIDF,Target-dependent
80.39,80.38,Random_Forest,TFIDF,Target-dependent
82.35,82.33,SVM,TFIDF,Target-dependent
78.2,78.18,MLPClassifier,TFIDF,Target-dependent
79.98,79.97,XGboost,TFIDF,Target-dependent
83.07,83.06,Reg_Logistica,Roberta: roberta-base / STATIC_AVG,Target-dependent
76.38,76.35,Random_Forest,Roberta: roberta-base / STATIC_AVG,Target-dependent
84.42,84.42,SVM,Roberta: roberta-base / STATIC_AVG,Target-dependent
81.63,81.62,MLPClassifier,Roberta: roberta-base / STATIC_AVG,Target-dependent
78.91,78.9,XGboost,Roberta: roberta-base / STATIC_AVG,Target-dependent
76.92,76.9,Reg_Logistica,Bert: bert-base-uncased / STATIC_AVG,Target-dependent
74.73,74.71,Random_Forest,Bert: bert-base-uncased / STATIC_AVG,Target-dependent
83.44,83.43,SVM,Bert: bert-base-uncased / STATIC_AVG,Target-dependent
79.9,79.86,MLPClassifier,Bert: bert-base-uncased / STATIC_AVG,Target-dependent
78.31,78.29,XGboost,Bert: bert-base-uncased / STATIC_AVG,Target-dependent
