accuracy,f1_macro,Classifier_Model,Embedding,Data_Set
76.31,72.07,Reg_Logistica,TFIDF,iphone
78.39,67.98,Random_Forest,TFIDF,iphone
80.07,71.55,SVM,TFIDF,iphone
78.94,73.46,MLPClassifier,TFIDF,iphone
73.3,65.9,XGboost,TFIDF,iphone
77.64,75.56,Reg_Logistica,Roberta: roberta-base / STATIC_AVG,iphone
78.2,68.18,Random_Forest,Roberta: roberta-base / STATIC_AVG,iphone
80.08,78.0,SVM,Roberta: roberta-base / STATIC_AVG,iphone
81.94,78.37,MLPClassifier,Roberta: roberta-base / STATIC_AVG,iphone
79.32,72.93,XGboost,Roberta: roberta-base / STATIC_AVG,iphone
69.36,68.06,Reg_Logistica,Bert: bert-base-uncased / STATIC_AVG,iphone
77.08,66.01,Random_Forest,Bert: bert-base-uncased / STATIC_AVG,iphone
79.33,77.34,SVM,Bert: bert-base-uncased / STATIC_AVG,iphone
81.75,78.03,MLPClassifier,Bert: bert-base-uncased / STATIC_AVG,iphone
77.82,70.45,XGboost,Bert: bert-base-uncased / STATIC_AVG,iphone
69.18,67.73,Reg_Logistica,BERTweet_base_transformers_STATIC,iphone
75.73,63.16,Random_Forest,BERTweet_base_transformers_STATIC,iphone
74.64,72.92,SVM,BERTweet_base_transformers_STATIC,iphone
81.95,77.62,MLPClassifier,BERTweet_base_transformers_STATIC,iphone
79.32,72.56,XGboost,BERTweet_base_transformers_STATIC,iphone
