accuracy,f1_macro,Classifier_Model,Embedding,Data_Set
51.9,46.92,Reg_Logistica,W2VEdin,irony
65.95,45.15,Random_Forest,W2VEdin,irony
48.33,41.55,SVM,W2VEdin,irony
60.24,50.29,MLPClassifier,W2VEdin,irony
0.0,0.0,XGboost,W2VEdin,irony
65.71,57.73,Reg_Logistica,W2VAraque,irony
64.52,39.11,Random_Forest,W2VAraque,irony
63.1,48.35,SVM,W2VAraque,irony
63.1,49.79,MLPClassifier,W2VAraque,irony
0.0,0.0,XGboost,W2VAraque,irony
70.71,65.27,Reg_Logistica,GloveWP,irony
64.76,39.24,Random_Forest,GloveWP,irony
69.52,64.46,SVM,GloveWP,irony
75.71,68.78,MLPClassifier,GloveWP,irony
0.0,0.0,XGboost,GloveWP,irony
57.38,50.57,Reg_Logistica,GloveTW,irony
57.62,45.91,Random_Forest,GloveTW,irony
60.0,53.08,SVM,GloveTW,irony
55.95,46.84,MLPClassifier,GloveTW,irony
0.0,0.0,XGboost,GloveTW,irony
66.9,62.4,Reg_Logistica,FastText,irony
67.86,43.55,Random_Forest,FastText,irony
67.86,60.78,SVM,FastText,irony
74.52,63.98,MLPClassifier,FastText,irony
0.0,0.0,XGboost,FastText,irony
56.9,50.02,Reg_Logistica,SSWE,irony
60.0,37.38,Random_Forest,SSWE,irony
58.33,47.88,SVM,SSWE,irony
66.43,59.45,MLPClassifier,SSWE,irony
0.0,0.0,XGboost,SSWE,irony
78.57,73.34,Reg_Logistica,Emo2Vec,irony
69.05,50.77,Random_Forest,Emo2Vec,irony
77.14,71.85,SVM,Emo2Vec,irony
72.14,63.49,MLPClassifier,Emo2Vec,irony
0.0,0.0,XGboost,Emo2Vec,irony
63.1,57.43,Reg_Logistica,DeepMoji,irony
69.29,46.41,Random_Forest,DeepMoji,irony
64.52,57.69,SVM,DeepMoji,irony
69.76,62.39,MLPClassifier,DeepMoji,irony
0.0,0.0,XGboost,DeepMoji,irony
66.9,59.61,Reg_Logistica,EWE,irony
66.19,39.77,Random_Forest,EWE,irony
52.14,47.51,SVM,EWE,irony
70.0,60.89,MLPClassifier,EWE,irony
0.0,0.0,XGboost,EWE,irony
70.0,63.88,Reg_Logistica,W2V-GN,irony
67.86,43.55,Random_Forest,W2V-GN,irony
70.95,60.03,SVM,W2V-GN,irony
77.14,68.68,MLPClassifier,W2V-GN,irony
0.0,0.0,XGboost,W2V-GN,irony
57.86,36.27,Reg_Logistica,TFIDF,irony
66.19,39.77,Random_Forest,TFIDF,irony
64.52,39.11,SVM,TFIDF,irony
51.9,35.43,MLPClassifier,TFIDF,irony
42.38,30.21,XGboost,TFIDF,irony
62.62,56.27,Reg_Logistica,Roberta: roberta-base / STATIC_AVG,irony
66.19,39.77,Random_Forest,Roberta: roberta-base / STATIC_AVG,irony
70.48,61.16,SVM,Roberta: roberta-base / STATIC_AVG,irony
72.38,62.33,MLPClassifier,Roberta: roberta-base / STATIC_AVG,irony
55.24,41.13,XGboost,Roberta: roberta-base / STATIC_AVG,irony
60.95,56.53,Reg_Logistica,Bert: bert-base-uncased / STATIC_AVG,irony
66.19,39.77,Random_Forest,Bert: bert-base-uncased / STATIC_AVG,irony
63.33,56.21,SVM,Bert: bert-base-uncased / STATIC_AVG,irony
64.29,52.77,MLPClassifier,Bert: bert-base-uncased / STATIC_AVG,irony
61.43,46.58,XGboost,Bert: bert-base-uncased / STATIC_AVG,irony
