accuracy,f1_macro,Classifier_Model,Embedding,Data_Set
91.37,90.2,Reg_Logistica,TFIDF,hobbit
92.91,91.91,Random_Forest,TFIDF,hobbit
93.29,91.73,SVM,TFIDF,hobbit
87.17,84.17,MLPClassifier,TFIDF,hobbit
92.71,91.77,XGboost,TFIDF,hobbit
90.79,89.96,Reg_Logistica,Roberta: roberta-base / STATIC_AVG,hobbit
80.85,72.7,Random_Forest,Roberta: roberta-base / STATIC_AVG,hobbit
93.1,92.29,SVM,Roberta: roberta-base / STATIC_AVG,hobbit
94.44,93.59,MLPClassifier,Roberta: roberta-base / STATIC_AVG,hobbit
85.82,82.79,XGboost,Roberta: roberta-base / STATIC_AVG,hobbit
80.82,79.66,Reg_Logistica,Bert: bert-base-uncased / STATIC_AVG,hobbit
79.31,70.73,Random_Forest,Bert: bert-base-uncased / STATIC_AVG,hobbit
91.75,90.92,SVM,Bert: bert-base-uncased / STATIC_AVG,hobbit
94.82,94.08,MLPClassifier,Bert: bert-base-uncased / STATIC_AVG,hobbit
87.73,85.24,XGboost,Bert: bert-base-uncased / STATIC_AVG,hobbit
76.04,74.72,Reg_Logistica,BERTweet_base_transformers_STATIC,hobbit
79.31,69.69,Random_Forest,BERTweet_base_transformers_STATIC,hobbit
88.69,87.65,SVM,BERTweet_base_transformers_STATIC,hobbit
92.34,91.1,MLPClassifier,BERTweet_base_transformers_STATIC,hobbit
84.86,81.74,XGboost,BERTweet_base_transformers_STATIC,hobbit
