accuracy,f1_macro,Classifier_Model,Embedding,Data_Set
63.19,60.38,Reg_Logistica,W2VEdin,SemEval16
73.8,51.67,Random_Forest,W2VEdin,SemEval16
69.58,65.47,SVM,W2VEdin,SemEval16
73.76,64.14,MLPClassifier,W2VEdin,SemEval16
0.0,0.0,XGboost,W2VEdin,SemEval16
78.57,75.68,Reg_Logistica,W2VAraque,SemEval16
77.91,63.5,Random_Forest,W2VAraque,SemEval16
81.37,78.17,SVM,W2VAraque,SemEval16
80.65,75.19,MLPClassifier,W2VAraque,SemEval16
0.0,0.0,XGboost,W2VAraque,SemEval16
82.43,79.46,Reg_Logistica,GloveWP,SemEval16
80.0,67.55,Random_Forest,GloveWP,SemEval16
82.51,79.52,SVM,GloveWP,SemEval16
82.78,78.03,MLPClassifier,GloveWP,SemEval16
0.0,0.0,XGboost,GloveWP,SemEval16
51.23,50.95,Reg_Logistica,GloveTW,SemEval16
64.17,55.15,Random_Forest,GloveTW,SemEval16
49.77,49.69,SVM,GloveTW,SemEval16
73.31,52.73,MLPClassifier,GloveTW,SemEval16
0.0,0.0,XGboost,GloveTW,SemEval16
83.22,80.19,Reg_Logistica,FastText,SemEval16
80.41,67.94,Random_Forest,FastText,SemEval16
84.5,81.62,SVM,FastText,SemEval16
83.86,79.28,MLPClassifier,FastText,SemEval16
0.0,0.0,XGboost,FastText,SemEval16
70.87,67.13,Reg_Logistica,SSWE,SemEval16
76.61,61.36,Random_Forest,SSWE,SemEval16
71.89,68.06,SVM,SSWE,SemEval16
73.98,65.09,MLPClassifier,SSWE,SemEval16
0.0,0.0,XGboost,SSWE,SemEval16
82.29,79.39,Reg_Logistica,Emo2Vec,SemEval16
83.15,76.52,Random_Forest,Emo2Vec,SemEval16
82.28,79.53,SVM,Emo2Vec,SemEval16
80.39,75.33,MLPClassifier,Emo2Vec,SemEval16
0.0,0.0,XGboost,Emo2Vec,SemEval16
80.9,78.1,Reg_Logistica,DeepMoji,SemEval16
78.58,64.66,Random_Forest,DeepMoji,SemEval16
82.9,80.12,SVM,DeepMoji,SemEval16
81.79,76.52,MLPClassifier,DeepMoji,SemEval16
0.0,0.0,XGboost,DeepMoji,SemEval16
83.46,80.54,Reg_Logistica,EWE,SemEval16
80.68,69.08,Random_Forest,EWE,SemEval16
83.15,80.15,SVM,EWE,SemEval16
83.87,79.38,MLPClassifier,EWE,SemEval16
0.0,0.0,XGboost,EWE,SemEval16
83.69,80.72,Reg_Logistica,W2V-GN,SemEval16
80.5,68.73,Random_Forest,W2V-GN,SemEval16
84.5,81.58,SVM,W2V-GN,SemEval16
84.2,79.74,MLPClassifier,W2V-GN,SemEval16
0.0,0.0,XGboost,W2V-GN,SemEval16
84.18,81.04,Reg_Logistica,TFIDF,SemEval16
81.32,71.8,Random_Forest,TFIDF,SemEval16
85.85,81.68,SVM,TFIDF,SemEval16
83.95,78.95,MLPClassifier,TFIDF,SemEval16
83.47,76.43,XGboost,TFIDF,SemEval16
84.61,81.8,Reg_Logistica,Roberta: roberta-base / STATIC_AVG,SemEval16
76.6,57.05,Random_Forest,Roberta: roberta-base / STATIC_AVG,SemEval16
86.0,83.18,SVM,Roberta: roberta-base / STATIC_AVG,SemEval16
85.23,81.39,MLPClassifier,Roberta: roberta-base / STATIC_AVG,SemEval16
83.54,76.84,XGboost,Roberta: roberta-base / STATIC_AVG,SemEval16
79.54,76.55,Reg_Logistica,Bert: bert-base-uncased / STATIC_AVG,SemEval16
76.32,56.51,Random_Forest,Bert: bert-base-uncased / STATIC_AVG,SemEval16
85.27,82.48,SVM,Bert: bert-base-uncased / STATIC_AVG,SemEval16
84.27,80.12,MLPClassifier,Bert: bert-base-uncased / STATIC_AVG,SemEval16
82.33,75.1,XGboost,Bert: bert-base-uncased / STATIC_AVG,SemEval16
