accuracy,f1_macro,Classifier_Model,Embedding,Data_Set
78.59,77.02,Reg_Logistica,TFIDF,debate08
76.7,72.6,Random_Forest,TFIDF,debate08
79.22,76.57,SVM,TFIDF,debate08
77.07,75.24,MLPClassifier,TFIDF,debate08
75.5,72.54,XGboost,TFIDF,debate08
81.48,80.28,Reg_Logistica,Roberta: roberta-base / STATIC_AVG,debate08
75.71,69.72,Random_Forest,Roberta: roberta-base / STATIC_AVG,debate08
84.99,83.75,SVM,Roberta: roberta-base / STATIC_AVG,debate08
84.1,82.85,MLPClassifier,Roberta: roberta-base / STATIC_AVG,debate08
80.38,77.77,XGboost,Roberta: roberta-base / STATIC_AVG,debate08
73.55,71.78,Reg_Logistica,Bert: bert-base-uncased / STATIC_AVG,debate08
76.28,70.04,Random_Forest,Bert: bert-base-uncased / STATIC_AVG,debate08
84.15,82.7,SVM,Bert: bert-base-uncased / STATIC_AVG,debate08
82.42,80.85,MLPClassifier,Bert: bert-base-uncased / STATIC_AVG,debate08
80.17,77.39,XGboost,Bert: bert-base-uncased / STATIC_AVG,debate08
74.76,72.39,Reg_Logistica,BERTweet_base_transformers_STATIC,debate08
76.55,70.52,Random_Forest,BERTweet_base_transformers_STATIC,debate08
82.37,80.54,SVM,BERTweet_base_transformers_STATIC,debate08
79.12,77.71,MLPClassifier,BERTweet_base_transformers_STATIC,debate08
79.33,76.33,XGboost,BERTweet_base_transformers_STATIC,debate08
