accuracy,f1_macro,Classifier_Model,Embedding,Data_Set
84.18,81.04,Reg_Logistica,TFIDF,SemEval16
81.32,71.8,Random_Forest,TFIDF,SemEval16
85.85,81.68,SVM,TFIDF,SemEval16
83.95,78.95,MLPClassifier,TFIDF,SemEval16
83.47,76.43,XGboost,TFIDF,SemEval16
84.59,81.77,Reg_Logistica,Roberta: roberta-base / STATIC_AVG,SemEval16
76.62,57.24,Random_Forest,Roberta: roberta-base / STATIC_AVG,SemEval16
86.03,83.22,SVM,Roberta: roberta-base / STATIC_AVG,SemEval16
85.34,81.53,MLPClassifier,Roberta: roberta-base / STATIC_AVG,SemEval16
83.45,76.59,XGboost,Roberta: roberta-base / STATIC_AVG,SemEval16
79.54,76.55,Reg_Logistica,Bert: bert-base-uncased / STATIC_AVG,SemEval16
76.32,56.51,Random_Forest,Bert: bert-base-uncased / STATIC_AVG,SemEval16
85.27,82.48,SVM,Bert: bert-base-uncased / STATIC_AVG,SemEval16
84.27,80.12,MLPClassifier,Bert: bert-base-uncased / STATIC_AVG,SemEval16
82.33,75.1,XGboost,Bert: bert-base-uncased / STATIC_AVG,SemEval16
75.56,72.41,Reg_Logistica,BERTweet_base_transformers_STATIC,SemEval16
73.84,46.9,Random_Forest,BERTweet_base_transformers_STATIC,SemEval16
81.46,78.44,SVM,BERTweet_base_transformers_STATIC,SemEval16
84.07,79.78,MLPClassifier,BERTweet_base_transformers_STATIC,SemEval16
79.64,69.86,XGboost,BERTweet_base_transformers_STATIC,SemEval16
