accuracy,f1_macro,Classifier_Model,Embedding,Data_Set
78.73,74.35,Reg_Logistica,TFIDF,SemEval13
77.27,61.64,Random_Forest,TFIDF,SemEval13
80.52,72.24,SVM,TFIDF,SemEval13
79.69,72.7,MLPClassifier,TFIDF,SemEval13
78.8,68.47,XGboost,TFIDF,SemEval13
81.18,78.35,Reg_Logistica,Roberta: roberta-base / STATIC_AVG,SemEval13
74.44,48.99,Random_Forest,Roberta: roberta-base / STATIC_AVG,SemEval13
83.51,80.28,SVM,Roberta: roberta-base / STATIC_AVG,SemEval13
83.67,79.21,MLPClassifier,Roberta: roberta-base / STATIC_AVG,SemEval13
79.79,69.77,XGboost,Roberta: roberta-base / STATIC_AVG,SemEval13
72.77,70.19,Reg_Logistica,Bert: bert-base-uncased / STATIC_AVG,SemEval13
74.44,49.83,Random_Forest,Bert: bert-base-uncased / STATIC_AVG,SemEval13
81.59,78.67,SVM,Bert: bert-base-uncased / STATIC_AVG,SemEval13
82.32,77.76,MLPClassifier,Bert: bert-base-uncased / STATIC_AVG,SemEval13
79.19,68.52,XGboost,Bert: bert-base-uncased / STATIC_AVG,SemEval13
70.74,67.95,Reg_Logistica,BERTweet_base_transformers_STATIC,SemEval13
73.69,46.17,Random_Forest,BERTweet_base_transformers_STATIC,SemEval13
77.02,73.97,SVM,BERTweet_base_transformers_STATIC,SemEval13
81.36,76.69,MLPClassifier,BERTweet_base_transformers_STATIC,SemEval13
77.23,63.52,XGboost,BERTweet_base_transformers_STATIC,SemEval13
