accuracy,f1_macro,Classifier_Model,Embedding,Data_Set
67.46,66.77,Reg_Logistica,W2VEdin,SemEval18
65.79,65.08,Random_Forest,W2VEdin,SemEval18
70.84,70.32,SVM,W2VEdin,SemEval18
69.28,68.85,MLPClassifier,W2VEdin,SemEval18
0.0,0.0,XGboost,W2VEdin,SemEval18
75.68,75.43,Reg_Logistica,W2VAraque,SemEval18
72.3,71.21,Random_Forest,W2VAraque,SemEval18
75.79,75.44,SVM,W2VAraque,SemEval18
73.53,73.37,MLPClassifier,W2VAraque,SemEval18
0.0,0.0,XGboost,W2VAraque,SemEval18
78.75,78.62,Reg_Logistica,GloveWP,SemEval18
74.93,74.02,Random_Forest,GloveWP,SemEval18
78.48,78.31,SVM,GloveWP,SemEval18
75.96,75.77,MLPClassifier,GloveWP,SemEval18
0.0,0.0,XGboost,GloveWP,SemEval18
63.15,60.48,Reg_Logistica,GloveTW,SemEval18
58.85,57.78,Random_Forest,GloveTW,SemEval18
62.93,59.1,SVM,GloveTW,SemEval18
62.61,59.87,MLPClassifier,GloveTW,SemEval18
0.0,0.0,XGboost,GloveTW,SemEval18
80.1,79.91,Reg_Logistica,FastText,SemEval18
76.76,76.03,Random_Forest,FastText,SemEval18
80.69,80.51,SVM,FastText,SemEval18
78.59,78.47,MLPClassifier,FastText,SemEval18
0.0,0.0,XGboost,FastText,SemEval18
75.58,75.42,Reg_Logistica,SSWE,SemEval18
74.77,74.45,Random_Forest,SSWE,SemEval18
75.42,75.23,SVM,SSWE,SemEval18
71.38,71.2,MLPClassifier,SSWE,SemEval18
0.0,0.0,XGboost,SSWE,SemEval18
81.23,81.13,Reg_Logistica,Emo2Vec,SemEval18
80.1,79.85,Random_Forest,Emo2Vec,SemEval18
80.96,80.86,SVM,Emo2Vec,SemEval18
78.11,77.98,MLPClassifier,Emo2Vec,SemEval18
0.0,0.0,XGboost,Emo2Vec,SemEval18
77.94,77.71,Reg_Logistica,DeepMoji,SemEval18
75.63,74.86,Random_Forest,DeepMoji,SemEval18
78.97,78.74,SVM,DeepMoji,SemEval18
77.3,77.08,MLPClassifier,DeepMoji,SemEval18
0.0,0.0,XGboost,DeepMoji,SemEval18
80.53,80.42,Reg_Logistica,EWE,SemEval18
75.74,74.87,Random_Forest,EWE,SemEval18
80.26,80.03,SVM,EWE,SemEval18
77.41,77.29,MLPClassifier,EWE,SemEval18
0.0,0.0,XGboost,EWE,SemEval18
80.31,80.16,Reg_Logistica,W2V-GN,SemEval18
76.38,75.72,Random_Forest,W2V-GN,SemEval18
80.37,80.21,SVM,W2V-GN,SemEval18
77.3,77.19,MLPClassifier,W2V-GN,SemEval18
0.0,0.0,XGboost,W2V-GN,SemEval18
82.3,82.03,Reg_Logistica,TFIDF,SemEval18
78.43,77.59,Random_Forest,TFIDF,SemEval18
82.09,81.55,SVM,TFIDF,SemEval18
81.33,81.18,MLPClassifier,TFIDF,SemEval18
80.42,79.92,XGboost,TFIDF,SemEval18
84.89,84.78,Reg_Logistica,Roberta: roberta-base / STATIC_AVG,SemEval18
74.34,73.59,Random_Forest,Roberta: roberta-base / STATIC_AVG,SemEval18
86.5,86.4,SVM,Roberta: roberta-base / STATIC_AVG,SemEval18
84.56,84.49,MLPClassifier,Roberta: roberta-base / STATIC_AVG,SemEval18
79.02,78.75,XGboost,Roberta: roberta-base / STATIC_AVG,SemEval18
75.58,75.28,Reg_Logistica,Bert: bert-base-uncased / STATIC_AVG,SemEval18
73.16,72.1,Random_Forest,Bert: bert-base-uncased / STATIC_AVG,SemEval18
84.56,84.44,SVM,Bert: bert-base-uncased / STATIC_AVG,SemEval18
83.06,82.99,MLPClassifier,Bert: bert-base-uncased / STATIC_AVG,SemEval18
77.84,77.57,XGboost,Bert: bert-base-uncased / STATIC_AVG,SemEval18
