accuracy,f1_macro,Classifier_Model,Embedding,Data_Set
64.11,60.6,Reg_Logistica,W2VEdin,STS-gold
69.42,54.26,Random_Forest,W2VEdin,STS-gold
69.37,64.68,SVM,W2VEdin,STS-gold
69.86,61.99,MLPClassifier,W2VEdin,STS-gold
0.0,0.0,XGboost,W2VEdin,STS-gold
86.18,84.47,Reg_Logistica,W2VAraque,STS-gold
79.01,69.77,Random_Forest,W2VAraque,STS-gold
86.92,84.95,SVM,W2VAraque,STS-gold
86.09,83.66,MLPClassifier,W2VAraque,STS-gold
0.0,0.0,XGboost,W2VAraque,STS-gold
83.48,81.63,Reg_Logistica,GloveWP,STS-gold
76.45,63.93,Random_Forest,GloveWP,STS-gold
83.19,81.29,SVM,GloveWP,STS-gold
84.17,81.28,MLPClassifier,GloveWP,STS-gold
0.0,0.0,XGboost,GloveWP,STS-gold
66.67,60.36,Reg_Logistica,GloveTW,STS-gold
63.76,53.65,Random_Forest,GloveTW,STS-gold
68.34,61.27,SVM,GloveTW,STS-gold
69.71,56.06,MLPClassifier,GloveTW,STS-gold
0.0,0.0,XGboost,GloveTW,STS-gold
84.12,82.17,Reg_Logistica,FastText,STS-gold
76.06,63.03,Random_Forest,FastText,STS-gold
85.74,83.99,SVM,FastText,STS-gold
87.07,84.75,MLPClassifier,FastText,STS-gold
0.0,0.0,XGboost,FastText,STS-gold
71.78,69.53,Reg_Logistica,SSWE,STS-gold
73.89,63.19,Random_Forest,SSWE,STS-gold
71.53,69.27,SVM,SSWE,STS-gold
70.55,65.03,MLPClassifier,SSWE,STS-gold
0.0,0.0,XGboost,SSWE,STS-gold
85.4,83.67,Reg_Logistica,Emo2Vec,STS-gold
86.58,83.33,Random_Forest,Emo2Vec,STS-gold
86.23,84.56,SVM,Emo2Vec,STS-gold
85.01,82.31,MLPClassifier,Emo2Vec,STS-gold
0.0,0.0,XGboost,Emo2Vec,STS-gold
87.56,85.95,Reg_Logistica,DeepMoji,STS-gold
80.43,71.73,Random_Forest,DeepMoji,STS-gold
88.84,87.24,SVM,DeepMoji,STS-gold
88.0,85.84,MLPClassifier,DeepMoji,STS-gold
0.0,0.0,XGboost,DeepMoji,STS-gold
86.09,84.38,Reg_Logistica,EWE,STS-gold
77.58,65.98,Random_Forest,EWE,STS-gold
84.71,82.93,SVM,EWE,STS-gold
86.88,84.46,MLPClassifier,EWE,STS-gold
0.0,0.0,XGboost,EWE,STS-gold
85.25,83.57,Reg_Logistica,W2V-GN,STS-gold
76.94,64.55,Random_Forest,W2V-GN,STS-gold
85.94,84.12,SVM,W2V-GN,STS-gold
85.75,82.97,MLPClassifier,W2V-GN,STS-gold
0.0,0.0,XGboost,W2V-GN,STS-gold
84.42,81.73,Reg_Logistica,TFIDF,STS-gold
80.53,73.41,Random_Forest,TFIDF,STS-gold
83.97,79.56,SVM,TFIDF,STS-gold
84.51,81.18,MLPClassifier,TFIDF,STS-gold
81.61,76.91,XGboost,TFIDF,STS-gold
85.79,84.05,Reg_Logistica,Roberta: roberta-base / STATIC_AVG,STS-gold
74.04,57.3,Random_Forest,Roberta: roberta-base / STATIC_AVG,STS-gold
87.86,85.95,SVM,Roberta: roberta-base / STATIC_AVG,STS-gold
87.56,85.34,MLPClassifier,Roberta: roberta-base / STATIC_AVG,STS-gold
81.32,75.01,XGboost,Roberta: roberta-base / STATIC_AVG,STS-gold
78.81,76.25,Reg_Logistica,Bert: bert-base-uncased / STATIC_AVG,STS-gold
74.34,58.18,Random_Forest,Bert: bert-base-uncased / STATIC_AVG,STS-gold
86.92,84.94,SVM,Bert: bert-base-uncased / STATIC_AVG,STS-gold
87.02,84.87,MLPClassifier,Bert: bert-base-uncased / STATIC_AVG,STS-gold
81.12,75.02,XGboost,Bert: bert-base-uncased / STATIC_AVG,STS-gold
