accuracy,f1_macro,Classifier_Model,Embedding,Data_Set
58.04,56.65,Reg_Logistica,W2VEdin,hobbit
69.56,57.39,Random_Forest,W2VEdin,hobbit
65.13,62.24,SVM,W2VEdin,hobbit
68.39,61.54,MLPClassifier,W2VEdin,hobbit
0.0,0.0,XGboost,W2VEdin,hobbit
88.5,87.5,Reg_Logistica,W2VAraque,hobbit
85.83,81.06,Random_Forest,W2VAraque,hobbit
91.37,90.52,SVM,W2VAraque,hobbit
90.79,89.55,MLPClassifier,W2VAraque,hobbit
0.0,0.0,XGboost,W2VAraque,hobbit
88.32,86.79,Reg_Logistica,GloveWP,hobbit
79.89,71.38,Random_Forest,GloveWP,hobbit
85.24,83.89,SVM,GloveWP,hobbit
88.51,86.62,MLPClassifier,GloveWP,hobbit
0.0,0.0,XGboost,GloveWP,hobbit
60.33,55.52,Reg_Logistica,GloveTW,hobbit
67.26,56.01,Random_Forest,GloveTW,hobbit
60.92,58.01,SVM,GloveTW,hobbit
64.21,52.88,MLPClassifier,GloveTW,hobbit
0.0,0.0,XGboost,GloveTW,hobbit
76.82,75.42,Reg_Logistica,FastText,hobbit
79.3,70.42,Random_Forest,FastText,hobbit
83.51,82.25,SVM,FastText,hobbit
89.84,88.32,MLPClassifier,FastText,hobbit
0.0,0.0,XGboost,FastText,hobbit
64.95,61.54,Reg_Logistica,SSWE,hobbit
68.97,53.45,Random_Forest,SSWE,hobbit
62.84,60.2,SVM,SSWE,hobbit
68.59,63.12,MLPClassifier,SSWE,hobbit
0.0,0.0,XGboost,SSWE,hobbit
86.99,85.81,Reg_Logistica,Emo2Vec,hobbit
86.59,83.92,Random_Forest,Emo2Vec,hobbit
87.75,86.67,SVM,Emo2Vec,hobbit
88.33,86.6,MLPClassifier,Emo2Vec,hobbit
0.0,0.0,XGboost,Emo2Vec,hobbit
88.69,87.75,Reg_Logistica,DeepMoji,hobbit
84.47,79.65,Random_Forest,DeepMoji,hobbit
91.57,90.73,SVM,DeepMoji,hobbit
90.03,88.49,MLPClassifier,DeepMoji,hobbit
0.0,0.0,XGboost,DeepMoji,hobbit
91.56,90.61,Reg_Logistica,EWE,hobbit
86.58,82.74,Random_Forest,EWE,hobbit
90.22,89.26,SVM,EWE,hobbit
92.14,91.08,MLPClassifier,EWE,hobbit
0.0,0.0,XGboost,EWE,hobbit
84.47,83.17,Reg_Logistica,W2V-GN,hobbit
84.66,79.47,Random_Forest,W2V-GN,hobbit
89.66,88.56,SVM,W2V-GN,hobbit
90.03,88.61,MLPClassifier,W2V-GN,hobbit
0.0,0.0,XGboost,W2V-GN,hobbit
91.37,90.2,Reg_Logistica,TFIDF,hobbit
92.91,91.91,Random_Forest,TFIDF,hobbit
93.29,91.73,SVM,TFIDF,hobbit
87.17,84.17,MLPClassifier,TFIDF,hobbit
92.71,91.77,XGboost,TFIDF,hobbit
90.79,89.96,Reg_Logistica,Roberta: roberta-base / STATIC_AVG,hobbit
77.98,66.96,Random_Forest,Roberta: roberta-base / STATIC_AVG,hobbit
92.9,92.08,SVM,Roberta: roberta-base / STATIC_AVG,hobbit
95.01,94.27,MLPClassifier,Roberta: roberta-base / STATIC_AVG,hobbit
86.97,84.46,XGboost,Roberta: roberta-base / STATIC_AVG,hobbit
80.82,79.66,Reg_Logistica,Bert: bert-base-uncased / STATIC_AVG,hobbit
79.31,70.73,Random_Forest,Bert: bert-base-uncased / STATIC_AVG,hobbit
91.75,90.92,SVM,Bert: bert-base-uncased / STATIC_AVG,hobbit
94.82,94.08,MLPClassifier,Bert: bert-base-uncased / STATIC_AVG,hobbit
87.73,85.24,XGboost,Bert: bert-base-uncased / STATIC_AVG,hobbit
