accuracy,f1_macro,Classifier_Model,Embedding,Data_Set
78.09,73.37,Reg_Logistica,TFIDF,HCR
78.83,66.45,Random_Forest,TFIDF,HCR
80.24,72.16,SVM,TFIDF,HCR
76.94,70.34,MLPClassifier,TFIDF,HCR
78.93,71.02,XGboost,TFIDF,HCR
74.73,71.62,Reg_Logistica,Roberta: roberta-base / STATIC_AVG,HCR
74.42,52.57,Random_Forest,Roberta: roberta-base / STATIC_AVG,HCR
78.3,74.52,SVM,Roberta: roberta-base / STATIC_AVG,HCR
76.52,71.0,MLPClassifier,Roberta: roberta-base / STATIC_AVG,HCR
78.62,68.94,XGboost,Roberta: roberta-base / STATIC_AVG,HCR
65.2,62.42,Reg_Logistica,Bert: bert-base-uncased / STATIC_AVG,HCR
75.16,55.54,Random_Forest,Bert: bert-base-uncased / STATIC_AVG,HCR
76.36,72.94,SVM,Bert: bert-base-uncased / STATIC_AVG,HCR
79.09,72.16,MLPClassifier,Bert: bert-base-uncased / STATIC_AVG,HCR
77.72,67.54,XGboost,Bert: bert-base-uncased / STATIC_AVG,HCR
66.09,63.4,Reg_Logistica,BERTweet_base_transformers_STATIC,HCR
73.11,48.39,Random_Forest,BERTweet_base_transformers_STATIC,HCR
73.22,69.71,SVM,BERTweet_base_transformers_STATIC,HCR
75.68,70.08,MLPClassifier,BERTweet_base_transformers_STATIC,HCR
76.26,63.32,XGboost,BERTweet_base_transformers_STATIC,HCR
