accuracy,f1_macro,Classifier_Model,Embedding,Data_Set
61.96,58.04,Reg_Logistica,W2VEdin,person
68.57,44.21,Random_Forest,W2VEdin,person
63.31,60.71,SVM,W2VEdin,person
66.29,55.87,MLPClassifier,W2VEdin,person
0.0,0.0,XGboost,W2VEdin,person
73.11,70.55,Reg_Logistica,W2VAraque,person
72.68,48.43,Random_Forest,W2VAraque,person
74.93,71.59,SVM,W2VAraque,person
79.96,74.91,MLPClassifier,W2VAraque,person
0.0,0.0,XGboost,W2VAraque,person
81.32,78.36,Reg_Logistica,GloveWP,person
75.63,59.87,Random_Forest,GloveWP,person
76.75,74.31,SVM,GloveWP,person
81.55,76.94,MLPClassifier,GloveWP,person
0.0,0.0,XGboost,GloveWP,person
56.5,54.19,Reg_Logistica,GloveTW,person
60.36,45.71,Random_Forest,GloveTW,person
56.73,54.88,SVM,GloveTW,person
62.19,46.44,MLPClassifier,GloveTW,person
0.0,0.0,XGboost,GloveTW,person
77.21,74.63,Reg_Logistica,FastText,person
75.16,56.01,Random_Forest,FastText,person
76.77,74.86,SVM,FastText,person
83.84,80.34,MLPClassifier,FastText,person
0.0,0.0,XGboost,FastText,person
69.47,66.24,Reg_Logistica,SSWE,person
74.27,59.59,Random_Forest,SSWE,person
69.24,66.42,SVM,SSWE,person
70.16,62.11,MLPClassifier,SSWE,person
0.0,0.0,XGboost,SSWE,person
77.46,75.18,Reg_Logistica,Emo2Vec,person
79.05,70.66,Random_Forest,Emo2Vec,person
75.86,73.88,SVM,Emo2Vec,person
77.46,71.93,MLPClassifier,Emo2Vec,person
0.0,0.0,XGboost,Emo2Vec,person
74.93,72.75,Reg_Logistica,DeepMoji,person
71.97,47.76,Random_Forest,DeepMoji,person
77.44,74.82,SVM,DeepMoji,person
79.96,75.06,MLPClassifier,DeepMoji,person
0.0,0.0,XGboost,DeepMoji,person
80.17,77.56,Reg_Logistica,EWE,person
76.54,62.03,Random_Forest,EWE,person
74.69,73.03,SVM,EWE,person
82.69,77.96,MLPClassifier,EWE,person
0.0,0.0,XGboost,EWE,person
82.01,79.75,Reg_Logistica,W2V-GN,person
75.62,58.0,Random_Forest,W2V-GN,person
83.37,80.58,SVM,W2V-GN,person
84.05,80.3,MLPClassifier,W2V-GN,person
0.0,0.0,XGboost,W2V-GN,person
76.52,73.01,Reg_Logistica,TFIDF,person
76.54,70.17,Random_Forest,TFIDF,person
80.18,72.27,SVM,TFIDF,person
80.42,74.05,MLPClassifier,TFIDF,person
73.57,66.27,XGboost,TFIDF,person
77.21,75.24,Reg_Logistica,Roberta: roberta-base / STATIC_AVG,person
71.31,45.59,Random_Forest,Roberta: roberta-base / STATIC_AVG,person
80.4,77.3,SVM,Roberta: roberta-base / STATIC_AVG,person
80.41,75.7,MLPClassifier,Roberta: roberta-base / STATIC_AVG,person
79.95,72.51,XGboost,Roberta: roberta-base / STATIC_AVG,person
70.14,66.57,Reg_Logistica,Bert: bert-base-uncased / STATIC_AVG,person
72.66,48.29,Random_Forest,Bert: bert-base-uncased / STATIC_AVG,person
73.32,70.85,SVM,Bert: bert-base-uncased / STATIC_AVG,person
79.95,74.23,MLPClassifier,Bert: bert-base-uncased / STATIC_AVG,person
73.58,60.54,XGboost,Bert: bert-base-uncased / STATIC_AVG,person
