accuracy,f1_macro,Classifier_Model,Embedding,Data_Set
73.57,72.99,Reg_Logistica,TFIDF,SentiStrength
70.25,68.27,Random_Forest,TFIDF,SentiStrength
73.48,72.49,SVM,TFIDF,SentiStrength
71.12,69.93,MLPClassifier,TFIDF,SentiStrength
70.12,68.54,XGboost,TFIDF,SentiStrength
79.86,79.49,Reg_Logistica,Roberta: roberta-base / STATIC_AVG,SentiStrength
68.24,63.51,Random_Forest,Roberta: roberta-base / STATIC_AVG,SentiStrength
80.21,79.83,SVM,Roberta: roberta-base / STATIC_AVG,SentiStrength
77.5,76.76,MLPClassifier,Roberta: roberta-base / STATIC_AVG,SentiStrength
73.22,71.67,XGboost,Roberta: roberta-base / STATIC_AVG,SentiStrength
71.17,70.94,Reg_Logistica,Bert: bert-base-uncased / STATIC_AVG,SentiStrength
69.2,65.22,Random_Forest,Bert: bert-base-uncased / STATIC_AVG,SentiStrength
78.51,78.2,SVM,Bert: bert-base-uncased / STATIC_AVG,SentiStrength
77.15,76.38,MLPClassifier,Bert: bert-base-uncased / STATIC_AVG,SentiStrength
72.87,71.15,XGboost,Bert: bert-base-uncased / STATIC_AVG,SentiStrength
67.58,67.34,Reg_Logistica,BERTweet_base_transformers_STATIC,SentiStrength
65.44,60.27,Random_Forest,BERTweet_base_transformers_STATIC,SentiStrength
72.3,72.07,SVM,BERTweet_base_transformers_STATIC,SentiStrength
74.62,73.64,MLPClassifier,BERTweet_base_transformers_STATIC,SentiStrength
68.89,66.61,XGboost,BERTweet_base_transformers_STATIC,SentiStrength
