accuracy,f1_macro,Classifier_Model,Embedding,Data_Set
80.44,79.82,Reg_Logistica,TFIDF,Narr-KDML-2012
79.06,77.73,Random_Forest,TFIDF,Narr-KDML-2012
80.36,79.32,SVM,TFIDF,Narr-KDML-2012
81.5,80.42,MLPClassifier,TFIDF,Narr-KDML-2012
77.6,76.49,XGboost,TFIDF,Narr-KDML-2012
85.33,84.88,Reg_Logistica,Roberta: roberta-base / STATIC_AVG,Narr-KDML-2012
74.83,70.72,Random_Forest,Roberta: roberta-base / STATIC_AVG,Narr-KDML-2012
87.21,86.82,SVM,Roberta: roberta-base / STATIC_AVG,Narr-KDML-2012
86.88,86.22,MLPClassifier,Roberta: roberta-base / STATIC_AVG,Narr-KDML-2012
80.53,79.11,XGboost,Roberta: roberta-base / STATIC_AVG,Narr-KDML-2012
77.59,77.14,Reg_Logistica,Bert: bert-base-uncased / STATIC_AVG,Narr-KDML-2012
73.51,68.73,Random_Forest,Bert: bert-base-uncased / STATIC_AVG,Narr-KDML-2012
83.46,82.93,SVM,Bert: bert-base-uncased / STATIC_AVG,Narr-KDML-2012
85.09,84.29,MLPClassifier,Bert: bert-base-uncased / STATIC_AVG,Narr-KDML-2012
80.44,78.8,XGboost,Bert: bert-base-uncased / STATIC_AVG,Narr-KDML-2012
73.36,72.84,Reg_Logistica,BERTweet_base_transformers_STATIC,Narr-KDML-2012
71.48,65.43,Random_Forest,BERTweet_base_transformers_STATIC,Narr-KDML-2012
79.79,79.3,SVM,BERTweet_base_transformers_STATIC,Narr-KDML-2012
82.89,82.11,MLPClassifier,BERTweet_base_transformers_STATIC,Narr-KDML-2012
75.88,73.77,XGboost,BERTweet_base_transformers_STATIC,Narr-KDML-2012
