accuracy,f1_macro,Classifier_Model,Embedding,Data_Set
66.53,65.92,Reg_Logistica,W2VEdin,archeage
75.26,73.11,Random_Forest,W2VEdin,archeage
73.28,72.93,SVM,W2VEdin,archeage
75.84,74.82,MLPClassifier,W2VEdin,archeage
0.0,0.0,XGboost,W2VEdin,archeage
83.0,82.62,Reg_Logistica,W2VAraque,archeage
81.49,80.12,Random_Forest,W2VAraque,archeage
85.16,84.9,SVM,W2VAraque,archeage
82.95,82.54,MLPClassifier,W2VAraque,archeage
0.0,0.0,XGboost,W2VAraque,archeage
83.0,82.6,Reg_Logistica,GloveWP,archeage
81.26,79.81,Random_Forest,GloveWP,archeage
83.59,83.27,SVM,GloveWP,archeage
85.16,84.78,MLPClassifier,GloveWP,archeage
0.0,0.0,XGboost,GloveWP,archeage
72.01,71.0,Reg_Logistica,GloveTW,archeage
71.36,70.06,Random_Forest,GloveTW,archeage
74.39,73.68,SVM,GloveTW,archeage
74.16,72.9,MLPClassifier,GloveTW,archeage
0.0,0.0,XGboost,GloveTW,archeage
83.7,83.32,Reg_Logistica,FastText,archeage
83.41,82.34,Random_Forest,FastText,archeage
85.16,84.84,SVM,FastText,archeage
85.1,84.71,MLPClassifier,FastText,archeage
0.0,0.0,XGboost,FastText,archeage
74.91,74.43,Reg_Logistica,SSWE,archeage
76.25,74.42,Random_Forest,SSWE,archeage
75.21,74.66,SVM,SSWE,archeage
75.5,74.83,MLPClassifier,SSWE,archeage
0.0,0.0,XGboost,SSWE,archeage
82.07,81.59,Reg_Logistica,Emo2Vec,archeage
84.34,83.54,Random_Forest,Emo2Vec,archeage
83.3,82.78,SVM,Emo2Vec,archeage
83.53,83.06,MLPClassifier,Emo2Vec,archeage
0.0,0.0,XGboost,Emo2Vec,archeage
81.55,80.97,Reg_Logistica,DeepMoji,archeage
81.61,80.02,Random_Forest,DeepMoji,archeage
86.26,85.76,SVM,DeepMoji,archeage
84.4,83.85,MLPClassifier,DeepMoji,archeage
0.0,0.0,XGboost,DeepMoji,archeage
84.05,83.75,Reg_Logistica,EWE,archeage
83.35,82.43,Random_Forest,EWE,archeage
84.05,83.8,SVM,EWE,archeage
84.69,84.28,MLPClassifier,EWE,archeage
0.0,0.0,XGboost,EWE,archeage
83.18,82.84,Reg_Logistica,W2V-GN,archeage
82.07,80.86,Random_Forest,W2V-GN,archeage
85.45,85.14,SVM,W2V-GN,archeage
84.93,84.52,MLPClassifier,W2V-GN,archeage
0.0,0.0,XGboost,W2V-GN,archeage
86.5,86.11,Reg_Logistica,TFIDF,archeage
84.51,84.02,Random_Forest,TFIDF,archeage
87.54,87.11,SVM,TFIDF,archeage
85.68,85.22,MLPClassifier,TFIDF,archeage
83.99,83.56,XGboost,TFIDF,archeage
86.5,86.15,Reg_Logistica,Roberta: roberta-base / STATIC_AVG,archeage
82.48,81.43,Random_Forest,Roberta: roberta-base / STATIC_AVG,archeage
87.43,87.19,SVM,Roberta: roberta-base / STATIC_AVG,archeage
87.49,87.17,MLPClassifier,Roberta: roberta-base / STATIC_AVG,archeage
84.75,84.25,XGboost,Roberta: roberta-base / STATIC_AVG,archeage
77.24,76.66,Reg_Logistica,Bert: bert-base-uncased / STATIC_AVG,archeage
80.03,78.64,Random_Forest,Bert: bert-base-uncased / STATIC_AVG,archeage
86.61,86.37,SVM,Bert: bert-base-uncased / STATIC_AVG,archeage
85.8,85.41,MLPClassifier,Bert: bert-base-uncased / STATIC_AVG,archeage
82.71,82.02,XGboost,Bert: bert-base-uncased / STATIC_AVG,archeage
