accuracy,f1_macro,Classifier_Model,Embedding,Data_Set
54.64,50.32,Reg_Logistica,TFIDF,sarcasm
60.54,56.33,Random_Forest,TFIDF,sarcasm
54.64,51.68,SVM,TFIDF,sarcasm
50.54,47.63,MLPClassifier,TFIDF,sarcasm
51.96,49.32,XGboost,TFIDF,sarcasm
54.82,52.87,Reg_Logistica,Roberta: roberta-base / STATIC_AVG,sarcasm
50.71,43.03,Random_Forest,Roberta: roberta-base / STATIC_AVG,sarcasm
57.5,52.61,SVM,Roberta: roberta-base / STATIC_AVG,sarcasm
54.82,51.78,MLPClassifier,Roberta: roberta-base / STATIC_AVG,sarcasm
51.79,50.19,XGboost,Roberta: roberta-base / STATIC_AVG,sarcasm
67.68,66.16,Reg_Logistica,Bert: bert-base-uncased / STATIC_AVG,sarcasm
64.64,59.4,Random_Forest,Bert: bert-base-uncased / STATIC_AVG,sarcasm
70.54,69.29,SVM,Bert: bert-base-uncased / STATIC_AVG,sarcasm
64.82,59.87,MLPClassifier,Bert: bert-base-uncased / STATIC_AVG,sarcasm
58.93,53.87,XGboost,Bert: bert-base-uncased / STATIC_AVG,sarcasm
57.68,56.63,Reg_Logistica,BERTweet_base_transformers_STATIC,sarcasm
60.54,56.72,Random_Forest,BERTweet_base_transformers_STATIC,sarcasm
60.54,57.74,SVM,BERTweet_base_transformers_STATIC,sarcasm
54.82,52.87,MLPClassifier,BERTweet_base_transformers_STATIC,sarcasm
56.43,52.32,XGboost,BERTweet_base_transformers_STATIC,sarcasm
