accuracy,f1_macro,Classifier_Model,Embedding,Data_Set
90.35,75.63,Reg_Logistica,TFIDF,SemEval15-Task11
88.78,66.89,Random_Forest,TFIDF,SemEval15-Task11
87.23,58.51,SVM,TFIDF,SemEval15-Task11
86.91,59.82,MLPClassifier,TFIDF,SemEval15-Task11
88.78,72.27,XGboost,TFIDF,SemEval15-Task11
86.91,75.17,Reg_Logistica,Roberta: roberta-base / STATIC_AVG,SemEval15-Task11
85.36,46.05,Random_Forest,Roberta: roberta-base / STATIC_AVG,SemEval15-Task11
90.34,78.48,SVM,Roberta: roberta-base / STATIC_AVG,SemEval15-Task11
88.16,69.86,MLPClassifier,Roberta: roberta-base / STATIC_AVG,SemEval15-Task11
86.3,57.04,XGboost,Roberta: roberta-base / STATIC_AVG,SemEval15-Task11
84.72,72.61,Reg_Logistica,Bert: bert-base-uncased / STATIC_AVG,SemEval15-Task11
85.36,46.05,Random_Forest,Bert: bert-base-uncased / STATIC_AVG,SemEval15-Task11
89.72,77.04,SVM,Bert: bert-base-uncased / STATIC_AVG,SemEval15-Task11
89.73,74.74,MLPClassifier,Bert: bert-base-uncased / STATIC_AVG,SemEval15-Task11
86.92,62.95,XGboost,Bert: bert-base-uncased / STATIC_AVG,SemEval15-Task11
79.12,66.07,Reg_Logistica,BERTweet_base_transformers_STATIC,SemEval15-Task11
85.36,46.05,Random_Forest,BERTweet_base_transformers_STATIC,SemEval15-Task11
84.73,71.61,SVM,BERTweet_base_transformers_STATIC,SemEval15-Task11
89.41,72.35,MLPClassifier,BERTweet_base_transformers_STATIC,SemEval15-Task11
85.98,55.91,XGboost,BERTweet_base_transformers_STATIC,SemEval15-Task11
