accuracy,f1_macro,Classifier_Model,Embedding,Data_Set
62.02,61.73,Reg_Logistica,W2VEdin,Narr-KDML-2012
62.1,57.95,Random_Forest,W2VEdin,Narr-KDML-2012
62.92,62.85,SVM,W2VEdin,Narr-KDML-2012
63.57,59.96,MLPClassifier,W2VEdin,Narr-KDML-2012
0.0,0.0,XGboost,W2VEdin,Narr-KDML-2012
83.29,82.88,Reg_Logistica,W2VAraque,Narr-KDML-2012
79.7,77.64,Random_Forest,W2VAraque,Narr-KDML-2012
84.18,83.72,SVM,W2VAraque,Narr-KDML-2012
83.21,82.37,MLPClassifier,W2VAraque,Narr-KDML-2012
0.0,0.0,XGboost,W2VAraque,Narr-KDML-2012
84.35,83.79,Reg_Logistica,GloveWP,Narr-KDML-2012
76.85,74.01,Random_Forest,GloveWP,Narr-KDML-2012
83.94,83.5,SVM,GloveWP,Narr-KDML-2012
83.37,82.53,MLPClassifier,GloveWP,Narr-KDML-2012
0.0,0.0,XGboost,GloveWP,Narr-KDML-2012
57.94,57.52,Reg_Logistica,GloveTW,Narr-KDML-2012
55.34,54.62,Random_Forest,GloveTW,Narr-KDML-2012
56.64,56.04,SVM,GloveTW,Narr-KDML-2012
58.6,52.27,MLPClassifier,GloveTW,Narr-KDML-2012
0.0,0.0,XGboost,GloveTW,Narr-KDML-2012
82.64,82.27,Reg_Logistica,FastText,Narr-KDML-2012
79.3,76.45,Random_Forest,FastText,Narr-KDML-2012
84.03,83.76,SVM,FastText,Narr-KDML-2012
83.54,82.79,MLPClassifier,FastText,Narr-KDML-2012
0.0,0.0,XGboost,FastText,Narr-KDML-2012
74.25,73.74,Reg_Logistica,SSWE,Narr-KDML-2012
73.36,71.49,Random_Forest,SSWE,Narr-KDML-2012
74.09,73.55,SVM,SSWE,Narr-KDML-2012
71.81,70.39,MLPClassifier,SSWE,Narr-KDML-2012
0.0,0.0,XGboost,SSWE,Narr-KDML-2012
88.26,87.91,Reg_Logistica,Emo2Vec,Narr-KDML-2012
88.84,88.29,Random_Forest,Emo2Vec,Narr-KDML-2012
88.18,87.83,SVM,Emo2Vec,Narr-KDML-2012
87.69,87.14,MLPClassifier,Emo2Vec,Narr-KDML-2012
0.0,0.0,XGboost,Emo2Vec,Narr-KDML-2012
87.61,87.27,Reg_Logistica,DeepMoji,Narr-KDML-2012
83.94,82.57,Random_Forest,DeepMoji,Narr-KDML-2012
88.75,88.38,SVM,DeepMoji,Narr-KDML-2012
88.51,87.99,MLPClassifier,DeepMoji,Narr-KDML-2012
0.0,0.0,XGboost,DeepMoji,Narr-KDML-2012
84.43,83.95,Reg_Logistica,EWE,Narr-KDML-2012
76.69,73.6,Random_Forest,EWE,Narr-KDML-2012
83.78,83.42,SVM,EWE,Narr-KDML-2012
83.7,82.97,MLPClassifier,EWE,Narr-KDML-2012
0.0,0.0,XGboost,EWE,Narr-KDML-2012
84.19,83.75,Reg_Logistica,W2V-GN,Narr-KDML-2012
79.14,76.78,Random_Forest,W2V-GN,Narr-KDML-2012
84.51,84.08,SVM,W2V-GN,Narr-KDML-2012
85.0,84.25,MLPClassifier,W2V-GN,Narr-KDML-2012
0.0,0.0,XGboost,W2V-GN,Narr-KDML-2012
80.44,79.82,Reg_Logistica,TFIDF,Narr-KDML-2012
79.06,77.73,Random_Forest,TFIDF,Narr-KDML-2012
80.36,79.32,SVM,TFIDF,Narr-KDML-2012
81.5,80.42,MLPClassifier,TFIDF,Narr-KDML-2012
77.6,76.49,XGboost,TFIDF,Narr-KDML-2012
85.33,84.88,Reg_Logistica,Roberta: roberta-base / STATIC_AVG,Narr-KDML-2012
74.9,70.56,Random_Forest,Roberta: roberta-base / STATIC_AVG,Narr-KDML-2012
87.21,86.82,SVM,Roberta: roberta-base / STATIC_AVG,Narr-KDML-2012
87.12,86.49,MLPClassifier,Roberta: roberta-base / STATIC_AVG,Narr-KDML-2012
81.1,79.73,XGboost,Roberta: roberta-base / STATIC_AVG,Narr-KDML-2012
77.5,77.07,Reg_Logistica,Bert: bert-base-uncased / STATIC_AVG,Narr-KDML-2012
74.57,70.47,Random_Forest,Bert: bert-base-uncased / STATIC_AVG,Narr-KDML-2012
83.62,83.09,SVM,Bert: bert-base-uncased / STATIC_AVG,Narr-KDML-2012
85.33,84.59,MLPClassifier,Bert: bert-base-uncased / STATIC_AVG,Narr-KDML-2012
79.55,77.96,XGboost,Bert: bert-base-uncased / STATIC_AVG,Narr-KDML-2012
