accuracy,f1_macro,Classifier_Model,Embedding,Data_Set
86.5,86.11,Reg_Logistica,TFIDF,archeage
84.51,84.02,Random_Forest,TFIDF,archeage
87.54,87.11,SVM,TFIDF,archeage
85.68,85.22,MLPClassifier,TFIDF,archeage
83.99,83.56,XGboost,TFIDF,archeage
86.61,86.26,Reg_Logistica,Roberta: roberta-base / STATIC_AVG,archeage
81.32,80.23,Random_Forest,Roberta: roberta-base / STATIC_AVG,archeage
87.25,87.02,SVM,Roberta: roberta-base / STATIC_AVG,archeage
87.6,87.29,MLPClassifier,Roberta: roberta-base / STATIC_AVG,archeage
85.39,84.86,XGboost,Roberta: roberta-base / STATIC_AVG,archeage
77.24,76.66,Reg_Logistica,Bert: bert-base-uncased / STATIC_AVG,archeage
80.03,78.64,Random_Forest,Bert: bert-base-uncased / STATIC_AVG,archeage
86.61,86.37,SVM,Bert: bert-base-uncased / STATIC_AVG,archeage
85.8,85.41,MLPClassifier,Bert: bert-base-uncased / STATIC_AVG,archeage
82.71,82.02,XGboost,Bert: bert-base-uncased / STATIC_AVG,archeage
78.41,77.73,Reg_Logistica,BERTweet_base_transformers_STATIC,archeage
80.15,78.71,Random_Forest,BERTweet_base_transformers_STATIC,archeage
84.46,84.16,SVM,BERTweet_base_transformers_STATIC,archeage
86.27,85.94,MLPClassifier,BERTweet_base_transformers_STATIC,archeage
83.53,82.88,XGboost,BERTweet_base_transformers_STATIC,archeage
