accuracy,f1_macro,Classifier_Model,Embedding,Data_Set
51.96,50.9,Reg_Logistica,W2VEdin,sarcasm
61.61,60.4,Random_Forest,W2VEdin,sarcasm
59.11,56.9,SVM,W2VEdin,sarcasm
64.46,62.73,MLPClassifier,W2VEdin,sarcasm
0.0,0.0,XGboost,W2VEdin,sarcasm
70.36,68.0,Reg_Logistica,W2VAraque,sarcasm
61.79,56.93,Random_Forest,W2VAraque,sarcasm
71.79,69.97,SVM,W2VAraque,sarcasm
69.11,67.66,MLPClassifier,W2VAraque,sarcasm
0.0,0.0,XGboost,W2VAraque,sarcasm
67.32,66.17,Reg_Logistica,GloveWP,sarcasm
60.36,59.08,Random_Forest,GloveWP,sarcasm
68.75,67.75,SVM,GloveWP,sarcasm
58.93,55.15,MLPClassifier,GloveWP,sarcasm
0.0,0.0,XGboost,GloveWP,sarcasm
39.46,38.19,Reg_Logistica,GloveTW,sarcasm
46.43,44.96,Random_Forest,GloveTW,sarcasm
50.71,49.39,SVM,GloveTW,sarcasm
45.18,43.0,MLPClassifier,GloveTW,sarcasm
0.0,0.0,XGboost,GloveTW,sarcasm
64.46,62.88,Reg_Logistica,FastText,sarcasm
65.89,61.72,Random_Forest,FastText,sarcasm
61.61,60.22,SVM,FastText,sarcasm
60.36,57.69,MLPClassifier,FastText,sarcasm
0.0,0.0,XGboost,FastText,sarcasm
63.39,61.69,Reg_Logistica,SSWE,sarcasm
70.36,68.8,Random_Forest,SSWE,sarcasm
76.25,75.83,SVM,SSWE,sarcasm
66.25,64.47,MLPClassifier,SSWE,sarcasm
0.0,0.0,XGboost,SSWE,sarcasm
74.64,73.32,Reg_Logistica,Emo2Vec,sarcasm
71.79,69.65,Random_Forest,Emo2Vec,sarcasm
74.46,72.61,SVM,Emo2Vec,sarcasm
60.54,60.05,MLPClassifier,Emo2Vec,sarcasm
0.0,0.0,XGboost,Emo2Vec,sarcasm
60.36,57.75,Reg_Logistica,DeepMoji,sarcasm
61.96,57.82,Random_Forest,DeepMoji,sarcasm
63.21,59.74,SVM,DeepMoji,sarcasm
56.25,51.28,MLPClassifier,DeepMoji,sarcasm
0.0,0.0,XGboost,DeepMoji,sarcasm
71.61,70.84,Reg_Logistica,EWE,sarcasm
61.61,58.73,Random_Forest,EWE,sarcasm
68.75,67.55,SVM,EWE,sarcasm
64.82,63.77,MLPClassifier,EWE,sarcasm
0.0,0.0,XGboost,EWE,sarcasm
74.46,74.02,Reg_Logistica,W2V-GN,sarcasm
71.61,68.19,Random_Forest,W2V-GN,sarcasm
68.75,66.0,SVM,W2V-GN,sarcasm
70.36,69.43,MLPClassifier,W2V-GN,sarcasm
0.0,0.0,XGboost,W2V-GN,sarcasm
54.64,50.32,Reg_Logistica,TFIDF,sarcasm
60.54,56.33,Random_Forest,TFIDF,sarcasm
54.64,51.68,SVM,TFIDF,sarcasm
50.54,47.63,MLPClassifier,TFIDF,sarcasm
51.96,49.32,XGboost,TFIDF,sarcasm
56.25,54.23,Reg_Logistica,Roberta: roberta-base / STATIC_AVG,sarcasm
57.86,49.64,Random_Forest,Roberta: roberta-base / STATIC_AVG,sarcasm
56.07,50.28,SVM,Roberta: roberta-base / STATIC_AVG,sarcasm
54.82,51.78,MLPClassifier,Roberta: roberta-base / STATIC_AVG,sarcasm
46.25,43.19,XGboost,Roberta: roberta-base / STATIC_AVG,sarcasm
66.43,64.97,Reg_Logistica,Bert: bert-base-uncased / STATIC_AVG,sarcasm
66.07,62.27,Random_Forest,Bert: bert-base-uncased / STATIC_AVG,sarcasm
71.96,70.46,SVM,Bert: bert-base-uncased / STATIC_AVG,sarcasm
63.39,58.31,MLPClassifier,Bert: bert-base-uncased / STATIC_AVG,sarcasm
57.5,52.96,XGboost,Bert: bert-base-uncased / STATIC_AVG,sarcasm
