accuracy,f1_macro,Classifier_Model,Embedding,Data_Set
57.89,56.44,Reg_Logistica,W2VEdin,iphone
74.8,63.53,Random_Forest,W2VEdin,iphone
65.97,63.86,SVM,W2VEdin,iphone
74.42,69.14,MLPClassifier,W2VEdin,iphone
0.0,0.0,XGboost,W2VEdin,iphone
74.81,72.84,Reg_Logistica,W2VAraque,iphone
79.69,69.51,Random_Forest,W2VAraque,iphone
80.46,77.92,SVM,W2VAraque,iphone
80.45,76.42,MLPClassifier,W2VAraque,iphone
0.0,0.0,XGboost,W2VAraque,iphone
78.0,76.05,Reg_Logistica,GloveWP,iphone
78.38,68.87,Random_Forest,GloveWP,iphone
75.57,74.31,SVM,GloveWP,iphone
80.24,76.15,MLPClassifier,GloveWP,iphone
0.0,0.0,XGboost,GloveWP,iphone
52.43,51.21,Reg_Logistica,GloveTW,iphone
71.61,60.95,Random_Forest,GloveTW,iphone
64.29,61.22,SVM,GloveTW,iphone
71.05,61.31,MLPClassifier,GloveTW,iphone
0.0,0.0,XGboost,GloveTW,iphone
73.12,71.69,Reg_Logistica,FastText,iphone
77.62,67.83,Random_Forest,FastText,iphone
76.13,74.96,SVM,FastText,iphone
80.06,76.66,MLPClassifier,FastText,iphone
0.0,0.0,XGboost,FastText,iphone
65.03,61.94,Reg_Logistica,SSWE,iphone
75.19,65.11,Random_Forest,SSWE,iphone
68.81,66.75,SVM,SSWE,iphone
76.32,70.88,MLPClassifier,SSWE,iphone
0.0,0.0,XGboost,SSWE,iphone
79.88,77.97,Reg_Logistica,Emo2Vec,iphone
79.7,73.62,Random_Forest,Emo2Vec,iphone
81.57,79.92,SVM,Emo2Vec,iphone
80.65,76.43,MLPClassifier,Emo2Vec,iphone
0.0,0.0,XGboost,Emo2Vec,iphone
76.31,74.39,Reg_Logistica,DeepMoji,iphone
77.45,68.34,Random_Forest,DeepMoji,iphone
79.13,77.28,SVM,DeepMoji,iphone
81.4,77.57,MLPClassifier,DeepMoji,iphone
0.0,0.0,XGboost,DeepMoji,iphone
76.88,74.98,Reg_Logistica,EWE,iphone
77.82,67.29,Random_Forest,EWE,iphone
72.17,71.0,SVM,EWE,iphone
81.38,77.38,MLPClassifier,EWE,iphone
0.0,0.0,XGboost,EWE,iphone
74.62,72.53,Reg_Logistica,W2V-GN,iphone
78.19,68.46,Random_Forest,W2V-GN,iphone
78.0,75.96,SVM,W2V-GN,iphone
80.45,76.71,MLPClassifier,W2V-GN,iphone
0.0,0.0,XGboost,W2V-GN,iphone
76.31,72.07,Reg_Logistica,TFIDF,iphone
78.39,67.98,Random_Forest,TFIDF,iphone
80.07,71.55,SVM,TFIDF,iphone
78.94,73.46,MLPClassifier,TFIDF,iphone
73.3,65.9,XGboost,TFIDF,iphone
77.64,75.55,Reg_Logistica,Roberta: roberta-base / STATIC_AVG,iphone
76.31,64.87,Random_Forest,Roberta: roberta-base / STATIC_AVG,iphone
80.08,78.0,SVM,Roberta: roberta-base / STATIC_AVG,iphone
81.57,77.93,MLPClassifier,Roberta: roberta-base / STATIC_AVG,iphone
78.96,71.69,XGboost,Roberta: roberta-base / STATIC_AVG,iphone
69.36,68.06,Reg_Logistica,Bert: bert-base-uncased / STATIC_AVG,iphone
77.27,66.51,Random_Forest,Bert: bert-base-uncased / STATIC_AVG,iphone
79.14,77.18,SVM,Bert: bert-base-uncased / STATIC_AVG,iphone
81.75,78.07,MLPClassifier,Bert: bert-base-uncased / STATIC_AVG,iphone
79.32,72.64,XGboost,Bert: bert-base-uncased / STATIC_AVG,iphone
