accuracy,f1_macro,Classifier_Model,Embedding,Data_Set
84.42,81.73,Reg_Logistica,TFIDF,STS-gold
80.53,73.41,Random_Forest,TFIDF,STS-gold
83.97,79.56,SVM,TFIDF,STS-gold
84.51,81.18,MLPClassifier,TFIDF,STS-gold
81.61,76.91,XGboost,TFIDF,STS-gold
85.79,84.05,Reg_Logistica,Roberta: roberta-base / STATIC_AVG,STS-gold
75.02,59.66,Random_Forest,Roberta: roberta-base / STATIC_AVG,STS-gold
88.05,86.17,SVM,Roberta: roberta-base / STATIC_AVG,STS-gold
87.91,85.74,MLPClassifier,Roberta: roberta-base / STATIC_AVG,STS-gold
81.66,76.04,XGboost,Roberta: roberta-base / STATIC_AVG,STS-gold
78.86,76.3,Reg_Logistica,Bert: bert-base-uncased / STATIC_AVG,STS-gold
73.75,56.81,Random_Forest,Bert: bert-base-uncased / STATIC_AVG,STS-gold
86.97,84.99,SVM,Bert: bert-base-uncased / STATIC_AVG,STS-gold
86.87,84.82,MLPClassifier,Bert: bert-base-uncased / STATIC_AVG,STS-gold
81.61,75.87,XGboost,Bert: bert-base-uncased / STATIC_AVG,STS-gold
74.83,72.47,Reg_Logistica,BERTweet_base_transformers_STATIC,STS-gold
72.32,52.94,Random_Forest,BERTweet_base_transformers_STATIC,STS-gold
82.5,80.16,SVM,BERTweet_base_transformers_STATIC,STS-gold
85.35,82.53,MLPClassifier,BERTweet_base_transformers_STATIC,STS-gold
77.83,69.28,XGboost,BERTweet_base_transformers_STATIC,STS-gold
