accuracy,f1_macro,Classifier_Model,Embedding,Data_Set
57.93,57.59,Reg_Logistica,W2VEdin,SentiStrength
58.5,53.2,Random_Forest,W2VEdin,SentiStrength
59.2,59.06,SVM,W2VEdin,SentiStrength
58.63,57.53,MLPClassifier,W2VEdin,SentiStrength
0.0,0.0,XGboost,W2VEdin,SentiStrength
76.32,75.94,Reg_Logistica,W2VAraque,SentiStrength
71.17,67.93,Random_Forest,W2VAraque,SentiStrength
76.28,75.89,SVM,W2VAraque,SentiStrength
74.84,74.14,MLPClassifier,W2VAraque,SentiStrength
0.0,0.0,XGboost,W2VAraque,SentiStrength
76.06,75.68,Reg_Logistica,GloveWP,SentiStrength
67.89,63.68,Random_Forest,GloveWP,SentiStrength
75.1,74.9,SVM,GloveWP,SentiStrength
73.75,72.77,MLPClassifier,GloveWP,SentiStrength
0.0,0.0,XGboost,GloveWP,SentiStrength
55.53,55.38,Reg_Logistica,GloveTW,SentiStrength
55.09,52.07,Random_Forest,GloveTW,SentiStrength
56.93,56.73,SVM,GloveTW,SentiStrength
57.45,53.2,MLPClassifier,GloveTW,SentiStrength
0.0,0.0,XGboost,GloveTW,SentiStrength
75.58,75.25,Reg_Logistica,FastText,SentiStrength
71.3,67.7,Random_Forest,FastText,SentiStrength
76.98,76.69,SVM,FastText,SentiStrength
75.27,74.48,MLPClassifier,FastText,SentiStrength
0.0,0.0,XGboost,FastText,SentiStrength
69.2,68.75,Reg_Logistica,SSWE,SentiStrength
67.28,64.71,Random_Forest,SSWE,SentiStrength
68.02,67.63,SVM,SSWE,SentiStrength
63.65,62.32,MLPClassifier,SSWE,SentiStrength
0.0,0.0,XGboost,SSWE,SentiStrength
85.15,84.87,Reg_Logistica,Emo2Vec,SentiStrength
83.88,83.27,Random_Forest,Emo2Vec,SentiStrength
84.84,84.6,SVM,Emo2Vec,SentiStrength
80.73,80.13,MLPClassifier,Emo2Vec,SentiStrength
0.0,0.0,XGboost,Emo2Vec,SentiStrength
79.47,79.16,Reg_Logistica,DeepMoji,SentiStrength
73.61,70.98,Random_Forest,DeepMoji,SentiStrength
79.73,79.44,SVM,DeepMoji,SentiStrength
77.41,76.71,MLPClassifier,DeepMoji,SentiStrength
0.0,0.0,XGboost,DeepMoji,SentiStrength
80.12,79.79,Reg_Logistica,EWE,SentiStrength
69.86,66.36,Random_Forest,EWE,SentiStrength
77.76,77.59,SVM,EWE,SentiStrength
75.1,74.24,MLPClassifier,EWE,SentiStrength
0.0,0.0,XGboost,EWE,SentiStrength
77.5,77.16,Reg_Logistica,W2V-GN,SentiStrength
71.69,68.55,Random_Forest,W2V-GN,SentiStrength
77.98,77.69,SVM,W2V-GN,SentiStrength
75.71,74.93,MLPClassifier,W2V-GN,SentiStrength
0.0,0.0,XGboost,W2V-GN,SentiStrength
73.57,72.99,Reg_Logistica,TFIDF,SentiStrength
70.25,68.27,Random_Forest,TFIDF,SentiStrength
73.48,72.49,SVM,TFIDF,SentiStrength
71.12,69.93,MLPClassifier,TFIDF,SentiStrength
70.12,68.54,XGboost,TFIDF,SentiStrength
79.73,79.36,Reg_Logistica,Roberta: roberta-base / STATIC_AVG,SentiStrength
69.16,64.98,Random_Forest,Roberta: roberta-base / STATIC_AVG,SentiStrength
80.21,79.83,SVM,Roberta: roberta-base / STATIC_AVG,SentiStrength
77.28,76.52,MLPClassifier,Roberta: roberta-base / STATIC_AVG,SentiStrength
73.92,72.42,XGboost,Roberta: roberta-base / STATIC_AVG,SentiStrength
71.17,70.94,Reg_Logistica,Bert: bert-base-uncased / STATIC_AVG,SentiStrength
69.2,65.22,Random_Forest,Bert: bert-base-uncased / STATIC_AVG,SentiStrength
78.51,78.2,SVM,Bert: bert-base-uncased / STATIC_AVG,SentiStrength
77.15,76.38,MLPClassifier,Bert: bert-base-uncased / STATIC_AVG,SentiStrength
72.87,71.15,XGboost,Bert: bert-base-uncased / STATIC_AVG,SentiStrength
