accuracy,f1_macro,Classifier_Model,Embedding,Data_Set
81.63,81.61,Reg_Logistica,TFIDF,Target-dependent
80.39,80.38,Random_Forest,TFIDF,Target-dependent
82.35,82.33,SVM,TFIDF,Target-dependent
78.2,78.18,MLPClassifier,TFIDF,Target-dependent
79.98,79.97,XGboost,TFIDF,Target-dependent
83.07,83.06,Reg_Logistica,Roberta: roberta-base / STATIC_AVG,Target-dependent
76.38,76.35,Random_Forest,Roberta: roberta-base / STATIC_AVG,Target-dependent
84.42,84.42,SVM,Roberta: roberta-base / STATIC_AVG,Target-dependent
81.63,81.62,MLPClassifier,Roberta: roberta-base / STATIC_AVG,Target-dependent
78.91,78.9,XGboost,Roberta: roberta-base / STATIC_AVG,Target-dependent
76.92,76.9,Reg_Logistica,Bert: bert-base-uncased / STATIC_AVG,Target-dependent
74.73,74.71,Random_Forest,Bert: bert-base-uncased / STATIC_AVG,Target-dependent
83.44,83.43,SVM,Bert: bert-base-uncased / STATIC_AVG,Target-dependent
79.9,79.86,MLPClassifier,Bert: bert-base-uncased / STATIC_AVG,Target-dependent
78.31,78.29,XGboost,Bert: bert-base-uncased / STATIC_AVG,Target-dependent
72.71,72.68,Reg_Logistica,BERTweet_base_transformers_STATIC,Target-dependent
71.04,71.01,Random_Forest,BERTweet_base_transformers_STATIC,Target-dependent
79.78,79.74,SVM,BERTweet_base_transformers_STATIC,Target-dependent
79.29,79.28,MLPClassifier,BERTweet_base_transformers_STATIC,Target-dependent
76.67,76.65,XGboost,BERTweet_base_transformers_STATIC,Target-dependent
