accuracy,f1_macro,Classifier_Model,Embedding,Data_Set
58.27,56.73,Reg_Logistica,W2VEdin,SemEval13
73.0,48.72,Random_Forest,W2VEdin,SemEval13
59.75,58.27,SVM,W2VEdin,SemEval13
69.44,58.65,MLPClassifier,W2VEdin,SemEval13
0.0,0.0,XGboost,W2VEdin,SemEval13
77.25,74.39,Reg_Logistica,W2VAraque,SemEval13
75.45,55.81,Random_Forest,W2VAraque,SemEval13
79.19,75.95,SVM,W2VAraque,SemEval13
79.58,73.68,MLPClassifier,W2VAraque,SemEval13
0.0,0.0,XGboost,W2VAraque,SemEval13
78.78,75.75,Reg_Logistica,GloveWP,SemEval13
74.85,52.91,Random_Forest,GloveWP,SemEval13
78.53,75.83,SVM,GloveWP,SemEval13
79.99,74.06,MLPClassifier,GloveWP,SemEval13
0.0,0.0,XGboost,GloveWP,SemEval13
51.35,51.18,Reg_Logistica,GloveTW,SemEval13
66.54,53.77,Random_Forest,GloveTW,SemEval13
51.51,51.37,SVM,GloveTW,SemEval13
71.49,53.46,MLPClassifier,GloveTW,SemEval13
0.0,0.0,XGboost,GloveTW,SemEval13
78.42,75.71,Reg_Logistica,FastText,SemEval13
75.01,52.27,Random_Forest,FastText,SemEval13
79.49,76.82,SVM,FastText,SemEval13
81.34,76.03,MLPClassifier,FastText,SemEval13
0.0,0.0,XGboost,FastText,SemEval13
71.86,68.47,Reg_Logistica,SSWE,SemEval13
76.77,62.36,Random_Forest,SSWE,SemEval13
70.79,67.68,SVM,SSWE,SemEval13
72.68,64.68,MLPClassifier,SSWE,SemEval13
0.0,0.0,XGboost,SSWE,SemEval13
87.78,85.54,Reg_Logistica,Emo2Vec,SemEval13
87.44,83.2,Random_Forest,Emo2Vec,SemEval13
87.85,85.63,SVM,Emo2Vec,SemEval13
87.19,83.85,MLPClassifier,Emo2Vec,SemEval13
0.0,0.0,XGboost,Emo2Vec,SemEval13
80.11,77.42,Reg_Logistica,DeepMoji,SemEval13
76.89,59.64,Random_Forest,DeepMoji,SemEval13
81.64,78.85,SVM,DeepMoji,SemEval13
82.12,77.11,MLPClassifier,DeepMoji,SemEval13
0.0,0.0,XGboost,DeepMoji,SemEval13
79.67,76.61,Reg_Logistica,EWE,SemEval13
75.26,54.26,Random_Forest,EWE,SemEval13
78.39,75.52,SVM,EWE,SemEval13
80.2,74.29,MLPClassifier,EWE,SemEval13
0.0,0.0,XGboost,EWE,SemEval13
80.36,77.46,Reg_Logistica,W2V-GN,SemEval13
76.25,56.66,Random_Forest,W2V-GN,SemEval13
81.52,78.43,SVM,W2V-GN,SemEval13
81.8,76.4,MLPClassifier,W2V-GN,SemEval13
0.0,0.0,XGboost,W2V-GN,SemEval13
78.73,74.35,Reg_Logistica,TFIDF,SemEval13
77.27,61.64,Random_Forest,TFIDF,SemEval13
80.52,72.24,SVM,TFIDF,SemEval13
79.69,72.7,MLPClassifier,TFIDF,SemEval13
78.8,68.47,XGboost,TFIDF,SemEval13
81.11,78.24,Reg_Logistica,Roberta: roberta-base / STATIC_AVG,SemEval13
74.33,48.8,Random_Forest,Roberta: roberta-base / STATIC_AVG,SemEval13
83.6,80.4,SVM,Roberta: roberta-base / STATIC_AVG,SemEval13
83.24,78.73,MLPClassifier,Roberta: roberta-base / STATIC_AVG,SemEval13
79.95,70.23,XGboost,Roberta: roberta-base / STATIC_AVG,SemEval13
72.77,70.19,Reg_Logistica,Bert: bert-base-uncased / STATIC_AVG,SemEval13
74.44,49.83,Random_Forest,Bert: bert-base-uncased / STATIC_AVG,SemEval13
81.59,78.67,SVM,Bert: bert-base-uncased / STATIC_AVG,SemEval13
82.37,77.83,MLPClassifier,Bert: bert-base-uncased / STATIC_AVG,SemEval13
79.19,68.52,XGboost,Bert: bert-base-uncased / STATIC_AVG,SemEval13
