accuracy,f1_macro,Classifier_Model,Embedding,Data_Set
58.65,50.49,Reg_Logistica,W2VEdin,movie
81.64,44.95,Random_Forest,W2VEdin,movie
58.1,48.37,SVM,W2VEdin,movie
78.26,53.22,MLPClassifier,W2VEdin,movie
0.0,0.0,XGboost,W2VEdin,movie
78.62,70.68,Reg_Logistica,W2VAraque,movie
82.0,45.95,Random_Forest,W2VAraque,movie
83.78,73.55,SVM,W2VAraque,movie
86.8,75.65,MLPClassifier,W2VAraque,movie
0.0,0.0,XGboost,W2VAraque,movie
80.57,71.11,Reg_Logistica,GloveWP,movie
82.0,45.05,Random_Forest,GloveWP,movie
76.66,68.28,SVM,GloveWP,movie
84.31,71.04,MLPClassifier,GloveWP,movie
0.0,0.0,XGboost,GloveWP,movie
64.0,55.01,Reg_Logistica,GloveTW,movie
72.9,46.04,Random_Forest,GloveTW,movie
63.29,53.39,SVM,GloveTW,movie
78.26,51.09,MLPClassifier,GloveTW,movie
0.0,0.0,XGboost,GloveTW,movie
77.72,68.56,Reg_Logistica,FastText,movie
82.0,45.05,Random_Forest,FastText,movie
76.65,68.39,SVM,FastText,movie
87.53,76.83,MLPClassifier,FastText,movie
0.0,0.0,XGboost,FastText,movie
70.95,61.8,Reg_Logistica,SSWE,movie
82.0,49.4,Random_Forest,SSWE,movie
70.6,61.27,SVM,SSWE,movie
80.39,61.15,MLPClassifier,SSWE,movie
0.0,0.0,XGboost,SSWE,movie
81.64,73.85,Reg_Logistica,Emo2Vec,movie
86.63,70.09,Random_Forest,Emo2Vec,movie
82.0,74.45,SVM,Emo2Vec,movie
85.75,74.75,MLPClassifier,Emo2Vec,movie
0.0,0.0,XGboost,Emo2Vec,movie
78.08,70.14,Reg_Logistica,DeepMoji,movie
82.36,47.79,Random_Forest,DeepMoji,movie
81.29,72.98,SVM,DeepMoji,movie
86.46,75.38,MLPClassifier,DeepMoji,movie
0.0,0.0,XGboost,DeepMoji,movie
81.64,73.23,Reg_Logistica,EWE,movie
82.0,45.05,Random_Forest,EWE,movie
75.95,67.23,SVM,EWE,movie
88.05,78.09,MLPClassifier,EWE,movie
0.0,0.0,XGboost,EWE,movie
79.51,71.37,Reg_Logistica,W2V-GN,movie
82.36,46.96,Random_Forest,W2V-GN,movie
82.9,73.42,SVM,W2V-GN,movie
85.39,73.08,MLPClassifier,W2V-GN,movie
0.0,0.0,XGboost,W2V-GN,movie
84.31,70.61,Reg_Logistica,TFIDF,movie
83.42,53.21,Random_Forest,TFIDF,movie
84.67,58.15,SVM,TFIDF,movie
84.85,67.52,MLPClassifier,TFIDF,movie
83.79,64.42,XGboost,TFIDF,movie
82.53,74.01,Reg_Logistica,Roberta: roberta-base / STATIC_AVG,movie
82.0,45.05,Random_Forest,Roberta: roberta-base / STATIC_AVG,movie
85.38,73.86,SVM,Roberta: roberta-base / STATIC_AVG,movie
86.99,76.01,MLPClassifier,Roberta: roberta-base / STATIC_AVG,movie
84.49,61.38,XGboost,Roberta: roberta-base / STATIC_AVG,movie
75.06,65.61,Reg_Logistica,Bert: bert-base-uncased / STATIC_AVG,movie
81.82,45.0,Random_Forest,Bert: bert-base-uncased / STATIC_AVG,movie
83.96,73.72,SVM,Bert: bert-base-uncased / STATIC_AVG,movie
86.99,75.55,MLPClassifier,Bert: bert-base-uncased / STATIC_AVG,movie
83.07,55.53,XGboost,Bert: bert-base-uncased / STATIC_AVG,movie
