accuracy,f1_macro,Classifier_Model,Embedding,Data_Set
82.3,82.03,Reg_Logistica,TFIDF,SemEval18
78.43,77.59,Random_Forest,TFIDF,SemEval18
82.09,81.55,SVM,TFIDF,SemEval18
81.33,81.18,MLPClassifier,TFIDF,SemEval18
80.42,79.92,XGboost,TFIDF,SemEval18
84.78,84.67,Reg_Logistica,Roberta: roberta-base / STATIC_AVG,SemEval18
74.61,73.85,Random_Forest,Roberta: roberta-base / STATIC_AVG,SemEval18
86.5,86.4,SVM,Roberta: roberta-base / STATIC_AVG,SemEval18
84.99,84.93,MLPClassifier,Roberta: roberta-base / STATIC_AVG,SemEval18
79.56,79.29,XGboost,Roberta: roberta-base / STATIC_AVG,SemEval18
75.53,75.22,Reg_Logistica,Bert: bert-base-uncased / STATIC_AVG,SemEval18
73.16,72.09,Random_Forest,Bert: bert-base-uncased / STATIC_AVG,SemEval18
84.56,84.44,SVM,Bert: bert-base-uncased / STATIC_AVG,SemEval18
83.16,83.1,MLPClassifier,Bert: bert-base-uncased / STATIC_AVG,SemEval18
77.3,77.02,XGboost,Bert: bert-base-uncased / STATIC_AVG,SemEval18
74.56,74.22,Reg_Logistica,BERTweet_base_transformers_STATIC,SemEval18
69.72,68.06,Random_Forest,BERTweet_base_transformers_STATIC,SemEval18
79.02,78.75,SVM,BERTweet_base_transformers_STATIC,SemEval18
79.93,79.8,MLPClassifier,BERTweet_base_transformers_STATIC,SemEval18
74.77,74.33,XGboost,BERTweet_base_transformers_STATIC,SemEval18
