accuracy,f1_macro,Classifier_Model,Embedding,Data_Set
81.86,81.58,Reg_Logistica,TFIDF,sanders
79.57,79.19,Random_Forest,TFIDF,sanders
83.33,82.99,SVM,TFIDF,sanders
84.47,84.35,MLPClassifier,TFIDF,sanders
77.86,77.56,XGboost,TFIDF,sanders
80.39,80.08,Reg_Logistica,Roberta: roberta-base / STATIC_AVG,sanders
74.19,73.38,Random_Forest,Roberta: roberta-base / STATIC_AVG,sanders
83.41,83.25,SVM,Roberta: roberta-base / STATIC_AVG,sanders
82.68,82.56,MLPClassifier,Roberta: roberta-base / STATIC_AVG,sanders
80.07,79.83,XGboost,Roberta: roberta-base / STATIC_AVG,sanders
70.19,69.61,Reg_Logistica,Bert: bert-base-uncased / STATIC_AVG,sanders
74.76,74.09,Random_Forest,Bert: bert-base-uncased / STATIC_AVG,sanders
81.37,81.2,SVM,Bert: bert-base-uncased / STATIC_AVG,sanders
82.35,82.17,MLPClassifier,Bert: bert-base-uncased / STATIC_AVG,sanders
79.9,79.62,XGboost,Bert: bert-base-uncased / STATIC_AVG,sanders
69.94,69.27,Reg_Logistica,BERTweet_base_transformers_STATIC,sanders
75.49,74.77,Random_Forest,BERTweet_base_transformers_STATIC,sanders
78.03,77.57,SVM,BERTweet_base_transformers_STATIC,sanders
82.1,82.01,MLPClassifier,BERTweet_base_transformers_STATIC,sanders
76.15,75.79,XGboost,BERTweet_base_transformers_STATIC,sanders
