accuracy,f1_macro,Classifier_Model,Embedding,Data_Set
84.31,70.61,Reg_Logistica,TFIDF,movie
83.42,53.21,Random_Forest,TFIDF,movie
84.67,58.15,SVM,TFIDF,movie
84.85,67.52,MLPClassifier,TFIDF,movie
83.79,64.42,XGboost,TFIDF,movie
82.18,73.49,Reg_Logistica,Roberta: roberta-base / STATIC_AVG,movie
82.0,45.05,Random_Forest,Roberta: roberta-base / STATIC_AVG,movie
85.38,73.86,SVM,Roberta: roberta-base / STATIC_AVG,movie
86.63,75.48,MLPClassifier,Roberta: roberta-base / STATIC_AVG,movie
85.21,63.63,XGboost,Roberta: roberta-base / STATIC_AVG,movie
75.24,65.78,Reg_Logistica,Bert: bert-base-uncased / STATIC_AVG,movie
82.0,45.05,Random_Forest,Bert: bert-base-uncased / STATIC_AVG,movie
83.96,73.72,SVM,Bert: bert-base-uncased / STATIC_AVG,movie
86.99,75.55,MLPClassifier,Bert: bert-base-uncased / STATIC_AVG,movie
83.6,54.96,XGboost,Bert: bert-base-uncased / STATIC_AVG,movie
69.54,59.92,Reg_Logistica,BERTweet_base_transformers_STATIC,movie
82.0,45.05,Random_Forest,BERTweet_base_transformers_STATIC,movie
77.02,66.39,SVM,BERTweet_base_transformers_STATIC,movie
84.31,69.59,MLPClassifier,BERTweet_base_transformers_STATIC,movie
81.82,51.16,XGboost,BERTweet_base_transformers_STATIC,movie
