accuracy,f1_macro,Classifier_Model,Embedding,Data_Set
57.86,36.27,Reg_Logistica,TFIDF,irony
66.19,39.77,Random_Forest,TFIDF,irony
64.52,39.11,SVM,TFIDF,irony
51.9,35.43,MLPClassifier,TFIDF,irony
42.38,30.21,XGboost,TFIDF,irony
60.95,54.88,Reg_Logistica,Roberta: roberta-base / STATIC_AVG,irony
66.19,39.77,Random_Forest,Roberta: roberta-base / STATIC_AVG,irony
70.48,61.16,SVM,Roberta: roberta-base / STATIC_AVG,irony
70.71,60.8,MLPClassifier,Roberta: roberta-base / STATIC_AVG,irony
57.14,39.42,XGboost,Roberta: roberta-base / STATIC_AVG,irony
60.95,56.53,Reg_Logistica,Bert: bert-base-uncased / STATIC_AVG,irony
64.76,39.24,Random_Forest,Bert: bert-base-uncased / STATIC_AVG,irony
60.24,54.84,SVM,Bert: bert-base-uncased / STATIC_AVG,irony
65.95,54.29,MLPClassifier,Bert: bert-base-uncased / STATIC_AVG,irony
66.67,53.86,XGboost,Bert: bert-base-uncased / STATIC_AVG,irony
47.62,41.83,Reg_Logistica,BERTweet_base_transformers_STATIC,irony
66.19,39.77,Random_Forest,BERTweet_base_transformers_STATIC,irony
44.29,39.6,SVM,BERTweet_base_transformers_STATIC,irony
66.19,51.78,MLPClassifier,BERTweet_base_transformers_STATIC,irony
69.29,53.85,XGboost,BERTweet_base_transformers_STATIC,irony
