accuracy,f1_macro,Classifier_Model,Embedding,Data_Set
59.71,59.46,Reg_Logistica,W2VEdin,sanders
67.0,66.32,Random_Forest,W2VEdin,sanders
65.53,64.88,SVM,W2VEdin,sanders
65.44,65.1,MLPClassifier,W2VEdin,sanders
0.0,0.0,XGboost,W2VEdin,sanders
78.19,77.94,Reg_Logistica,W2VAraque,sanders
75.98,75.37,Random_Forest,W2VAraque,sanders
81.46,81.33,SVM,W2VAraque,sanders
81.45,81.36,MLPClassifier,W2VAraque,sanders
0.0,0.0,XGboost,W2VAraque,sanders
79.0,78.88,Reg_Logistica,GloveWP,sanders
76.88,76.29,Random_Forest,GloveWP,sanders
78.5,78.24,SVM,GloveWP,sanders
79.25,79.12,MLPClassifier,GloveWP,sanders
0.0,0.0,XGboost,GloveWP,sanders
58.34,57.29,Reg_Logistica,GloveTW,sanders
59.31,59.2,Random_Forest,GloveTW,sanders
56.86,55.67,SVM,GloveTW,sanders
58.33,57.01,MLPClassifier,GloveTW,sanders
0.0,0.0,XGboost,GloveTW,sanders
76.63,76.34,Reg_Logistica,FastText,sanders
78.43,77.68,Random_Forest,FastText,sanders
80.55,80.28,SVM,FastText,sanders
83.0,82.86,MLPClassifier,FastText,sanders
0.0,0.0,XGboost,FastText,sanders
69.86,69.62,Reg_Logistica,SSWE,sanders
71.73,71.21,Random_Forest,SSWE,sanders
71.4,70.88,SVM,SSWE,sanders
70.35,70.08,MLPClassifier,SSWE,sanders
0.0,0.0,XGboost,SSWE,sanders
80.15,80.05,Reg_Logistica,Emo2Vec,sanders
80.96,80.68,Random_Forest,Emo2Vec,sanders
81.45,81.31,SVM,Emo2Vec,sanders
79.0,78.88,MLPClassifier,Emo2Vec,sanders
0.0,0.0,XGboost,Emo2Vec,sanders
79.81,79.64,Reg_Logistica,DeepMoji,sanders
79.57,79.16,Random_Forest,DeepMoji,sanders
81.04,80.83,SVM,DeepMoji,sanders
82.68,82.54,MLPClassifier,DeepMoji,sanders
0.0,0.0,XGboost,DeepMoji,sanders
80.63,80.51,Reg_Logistica,EWE,sanders
79.33,78.86,Random_Forest,EWE,sanders
80.54,80.32,SVM,EWE,sanders
82.27,82.15,MLPClassifier,EWE,sanders
0.0,0.0,XGboost,EWE,sanders
80.14,79.91,Reg_Logistica,W2V-GN,sanders
78.5,77.95,Random_Forest,W2V-GN,sanders
82.59,82.38,SVM,W2V-GN,sanders
81.7,81.53,MLPClassifier,W2V-GN,sanders
0.0,0.0,XGboost,W2V-GN,sanders
81.86,81.58,Reg_Logistica,TFIDF,sanders
79.57,79.19,Random_Forest,TFIDF,sanders
83.33,82.99,SVM,TFIDF,sanders
84.47,84.35,MLPClassifier,TFIDF,sanders
77.86,77.56,XGboost,TFIDF,sanders
80.47,80.17,Reg_Logistica,Roberta: roberta-base / STATIC_AVG,sanders
76.4,75.75,Random_Forest,Roberta: roberta-base / STATIC_AVG,sanders
83.57,83.41,SVM,Roberta: roberta-base / STATIC_AVG,sanders
82.84,82.71,MLPClassifier,Roberta: roberta-base / STATIC_AVG,sanders
79.65,79.38,XGboost,Roberta: roberta-base / STATIC_AVG,sanders
70.19,69.61,Reg_Logistica,Bert: bert-base-uncased / STATIC_AVG,sanders
74.19,73.45,Random_Forest,Bert: bert-base-uncased / STATIC_AVG,sanders
81.13,80.95,SVM,Bert: bert-base-uncased / STATIC_AVG,sanders
82.59,82.45,MLPClassifier,Bert: bert-base-uncased / STATIC_AVG,sanders
79.5,79.19,XGboost,Bert: bert-base-uncased / STATIC_AVG,sanders
