accuracy,f1_macro,Classifier_Model,Embedding,Data_Set
76.52,73.01,Reg_Logistica,TFIDF,person
76.54,70.17,Random_Forest,TFIDF,person
80.18,72.27,SVM,TFIDF,person
80.42,74.05,MLPClassifier,TFIDF,person
73.57,66.27,XGboost,TFIDF,person
77.67,75.65,Reg_Logistica,Roberta: roberta-base / STATIC_AVG,person
70.85,44.83,Random_Forest,Roberta: roberta-base / STATIC_AVG,person
80.85,77.86,SVM,Roberta: roberta-base / STATIC_AVG,person
79.95,74.91,MLPClassifier,Roberta: roberta-base / STATIC_AVG,person
78.36,69.5,XGboost,Roberta: roberta-base / STATIC_AVG,person
70.14,66.57,Reg_Logistica,Bert: bert-base-uncased / STATIC_AVG,person
72.66,48.29,Random_Forest,Bert: bert-base-uncased / STATIC_AVG,person
73.32,70.85,SVM,Bert: bert-base-uncased / STATIC_AVG,person
79.95,74.23,MLPClassifier,Bert: bert-base-uncased / STATIC_AVG,person
73.58,60.54,XGboost,Bert: bert-base-uncased / STATIC_AVG,person
66.96,63.25,Reg_Logistica,BERTweet_base_transformers_STATIC,person
71.07,44.91,Random_Forest,BERTweet_base_transformers_STATIC,person
67.41,65.89,SVM,BERTweet_base_transformers_STATIC,person
77.21,70.61,MLPClassifier,BERTweet_base_transformers_STATIC,person
70.62,54.26,XGboost,BERTweet_base_transformers_STATIC,person
