Data_Set,accuracy,f1_macro,Classifier_Model,Embedding
HCR,78.8,74.4,Reg_Logistica,BERT\_22Dt
Narr-KDML-2012,92.0,91.6,Reg_Logistica,BERT\_22Dt
STS-gold,91.4,90.0,Reg_Logistica,BERT\_22Dt
SemEval13,88.0,85.2,Reg_Logistica,BERT\_22Dt
SemEval15-Task11,90.0,78.5,Reg_Logistica,BERT\_22Dt
SemEval16,89.1,86.7,Reg_Logistica,BERT\_22Dt
SemEval17-test,91.0,90.4,Reg_Logistica,BERT\_22Dt
SemEval18,86.6,86.5,Reg_Logistica,BERT\_22Dt
SentiStrength,82.9,82.4,Reg_Logistica,BERT\_22Dt
Target-dependent,82.8,82.8,Reg_Logistica,BERT\_22Dt
VADER,89.4,87.8,Reg_Logistica,BERT\_22Dt
archeage,89.6,89.4,Reg_Logistica,BERT\_22Dt
debate08,84.8,83.8,Reg_Logistica,BERT\_22Dt
hobbit,87.8,86.2,Reg_Logistica,BERT\_22Dt
iphone,84.3,81.8,Reg_Logistica,BERT\_22Dt
irony,76.6,68.8,Reg_Logistica,BERT\_22Dt
movie,88.0,80.0,Reg_Logistica,BERT\_22Dt
ntua,85.5,85.2,Reg_Logistica,BERT\_22Dt
person,86.2,83.7,Reg_Logistica,BERT\_22Dt
sanders,87.6,87.5,Reg_Logistica,BERT\_22Dt
sarcasm,67.7,65.8,Reg_Logistica,BERT\_22Dt
sentiment140,87.2,87.1,Reg_Logistica,BERT\_22Dt
HCR,80.1,74.8,MLPClassifier,BERT\_22Dt
Narr-KDML-2012,91.9,91.6,MLPClassifier,BERT\_22Dt
STS-gold,91.5,90.0,MLPClassifier,BERT\_22Dt
SemEval13,88.4,85.3,MLPClassifier,BERT\_22Dt
SemEval15-Task11,91.2,78.5,MLPClassifier,BERT\_22Dt
SemEval16,89.3,86.5,MLPClassifier,BERT\_22Dt
SemEval17-test,91.4,90.8,MLPClassifier,BERT\_22Dt
SemEval18,86.7,86.6,MLPClassifier,BERT\_22Dt
SentiStrength,84.0,83.5,MLPClassifier,BERT\_22Dt
Target-dependent,84.1,84.1,MLPClassifier,BERT\_22Dt
VADER,90.2,88.5,MLPClassifier,BERT\_22Dt
archeage,90.4,90.2,MLPClassifier,BERT\_22Dt
debate08,85.9,84.7,MLPClassifier,BERT\_22Dt
hobbit,88.4,86.8,MLPClassifier,BERT\_22Dt
iphone,85.0,82.2,MLPClassifier,BERT\_22Dt
irony,76.0,67.4,MLPClassifier,BERT\_22Dt
movie,88.8,79.8,MLPClassifier,BERT\_22Dt
ntua,85.1,84.8,MLPClassifier,BERT\_22Dt
person,87.0,84.1,MLPClassifier,BERT\_22Dt
sanders,88.5,88.4,MLPClassifier,BERT\_22Dt
sarcasm,67.7,66.1,MLPClassifier,BERT\_22Dt
sentiment140,87.6,87.5,MLPClassifier,BERT\_22Dt
HCR,81.8,74.5,XGboost,BERT\_22Dt
Narr-KDML-2012,89.6,89.1,XGboost,BERT\_22Dt
STS-gold,89.3,87.0,XGboost,BERT\_22Dt
SemEval13,87.0,82.8,XGboost,BERT\_22Dt
SemEval15-Task11,89.1,65.3,XGboost,BERT\_22Dt
SemEval16,89.0,85.6,XGboost,BERT\_22Dt
SemEval17-test,90.8,90.0,XGboost,BERT\_22Dt
SemEval18,85.4,85.2,XGboost,BERT\_22Dt
SentiStrength,82.8,82.1,XGboost,BERT\_22Dt
Target-dependent,83.5,83.5,XGboost,BERT\_22Dt
VADER,88.1,85.6,XGboost,BERT\_22Dt
archeage,89.5,89.2,XGboost,BERT\_22Dt
debate08,84.2,82.4,XGboost,BERT\_22Dt
hobbit,84.3,80.9,XGboost,BERT\_22Dt
iphone,84.5,80.9,XGboost,BERT\_22Dt
irony,65.5,52.9,XGboost,BERT\_22Dt
movie,85.7,65.8,XGboost,BERT\_22Dt
ntua,81.5,80.7,XGboost,BERT\_22Dt
person,83.1,77.3,XGboost,BERT\_22Dt
sanders,86.6,86.5,XGboost,BERT\_22Dt
sarcasm,65.1,62.9,XGboost,BERT\_22Dt
sentiment140,83.2,83.1,XGboost,BERT\_22Dt
HCR,79.3,75.7,SVM,BERT\_22Dt
Narr-KDML-2012,92.2,92.0,SVM,BERT\_22Dt
STS-gold,91.7,90.5,SVM,BERT\_22Dt
SemEval13,87.5,85.2,SVM,BERT\_22Dt
SemEval15-Task11,89.7,77.5,SVM,BERT\_22Dt
SemEval16,89.5,87.4,SVM,BERT\_22Dt
SemEval17-test,91.8,91.3,SVM,BERT\_22Dt
SemEval18,87.7,87.6,SVM,BERT\_22Dt
SentiStrength,84.7,84.3,SVM,BERT\_22Dt
Target-dependent,85.7,85.7,SVM,BERT\_22Dt
VADER,89.9,88.5,SVM,BERT\_22Dt
archeage,89.1,88.9,SVM,BERT\_22Dt
debate08,85.9,85.0,SVM,BERT\_22Dt
hobbit,84.6,82.9,SVM,BERT\_22Dt
iphone,82.7,80.8,SVM,BERT\_22Dt
irony,74.4,65.4,SVM,BERT\_22Dt
movie,85.8,79.4,SVM,BERT\_22Dt
ntua,85.0,84.7,SVM,BERT\_22Dt
person,84.4,82.2,SVM,BERT\_22Dt
sanders,87.6,87.5,SVM,BERT\_22Dt
sarcasm,71.0,68.5,SVM,BERT\_22Dt
sentiment140,88.8,88.7,SVM,BERT\_22Dt
HCR,77.6,61.8,Random_Forest,BERT\_22Dt
Narr-KDML-2012,88.9,88.3,Random_Forest,BERT\_22Dt
STS-gold,85.7,80.9,Random_Forest,BERT\_22Dt
SemEval13,82.9,74.2,Random_Forest,BERT\_22Dt
SemEval15-Task11,86.0,49.6,Random_Forest,BERT\_22Dt
SemEval16,85.7,79.3,Random_Forest,BERT\_22Dt
SemEval17-test,88.5,87.4,Random_Forest,BERT\_22Dt
SemEval18,84.6,84.2,Random_Forest,BERT\_22Dt
SentiStrength,80.3,79.3,Random_Forest,BERT\_22Dt
Target-dependent,82.5,82.5,Random_Forest,BERT\_22Dt
VADER,84.3,79.1,Random_Forest,BERT\_22Dt
archeage,88.5,88.0,Random_Forest,BERT\_22Dt
debate08,80.5,76.8,Random_Forest,BERT\_22Dt
hobbit,79.8,72.7,Random_Forest,BERT\_22Dt
iphone,82.6,76.1,Random_Forest,BERT\_22Dt
irony,69.8,48.0,Random_Forest,BERT\_22Dt
movie,82.5,47.6,Random_Forest,BERT\_22Dt
ntua,82.0,81.1,Random_Forest,BERT\_22Dt
person,80.2,69.3,Random_Forest,BERT\_22Dt
sanders,84.8,84.5,Random_Forest,BERT\_22Dt
sarcasm,70.1,68.1,Random_Forest,BERT\_22Dt
sentiment140,82.6,82.6,Random_Forest,BERT\_22Dt
