accuracy,f1_macro,Classifier_Model,Embedding,Data_Set
87.93,86.29,Reg_Logistica,Roberta: roberta-base / CONTEXT_CONCAT,hobbit
78.37,68.92,Random_Forest,Roberta: roberta-base / CONTEXT_CONCAT,hobbit
69.15,68.62,SVM,Roberta: roberta-base / CONTEXT_CONCAT,hobbit
87.74,85.73,MLPClassifier,Roberta: roberta-base / CONTEXT_CONCAT,hobbit
82.95,79.03,XGboost,Roberta: roberta-base / CONTEXT_CONCAT,hobbit
65.95,57.55,Reg_Logistica,Roberta: roberta-base / CONTEXT_CONCAT,irony
66.19,39.77,Random_Forest,Roberta: roberta-base / CONTEXT_CONCAT,irony
46.67,31.0,SVM,Roberta: roberta-base / CONTEXT_CONCAT,irony
70.71,63.36,MLPClassifier,Roberta: roberta-base / CONTEXT_CONCAT,irony
61.67,48.3,XGboost,Roberta: roberta-base / CONTEXT_CONCAT,irony
89.97,88.43,Reg_Logistica,Roberta: roberta-base / CONTEXT_CONCAT,VADER
82.41,75.51,Random_Forest,Roberta: roberta-base / CONTEXT_CONCAT,VADER
87.73,86.24,SVM,Roberta: roberta-base / CONTEXT_CONCAT,VADER
90.04,88.25,MLPClassifier,Roberta: roberta-base / CONTEXT_CONCAT,VADER
87.63,84.85,XGboost,Roberta: roberta-base / CONTEXT_CONCAT,VADER
86.93,69.44,Reg_Logistica,Roberta: roberta-base / CONTEXT_CONCAT,SemEval15-Task11
85.67,47.79,Random_Forest,Roberta: roberta-base / CONTEXT_CONCAT,SemEval15-Task11
86.31,73.33,SVM,Roberta: roberta-base / CONTEXT_CONCAT,SemEval15-Task11
88.48,70.62,MLPClassifier,Roberta: roberta-base / CONTEXT_CONCAT,SemEval15-Task11
89.1,67.85,XGboost,Roberta: roberta-base / CONTEXT_CONCAT,SemEval15-Task11
87.04,86.96,Reg_Logistica,Roberta: roberta-base / CONTEXT_CONCAT,SemEval18
83.54,83.17,Random_Forest,Roberta: roberta-base / CONTEXT_CONCAT,SemEval18
86.28,86.07,SVM,Roberta: roberta-base / CONTEXT_CONCAT,SemEval18
87.41,87.34,MLPClassifier,Roberta: roberta-base / CONTEXT_CONCAT,SemEval18
85.37,85.24,XGboost,Roberta: roberta-base / CONTEXT_CONCAT,SemEval18
83.91,83.9,Reg_Logistica,Roberta: roberta-base / CONTEXT_CONCAT,Target-dependent
81.83,81.82,Random_Forest,Roberta: roberta-base / CONTEXT_CONCAT,Target-dependent
84.83,84.81,SVM,Roberta: roberta-base / CONTEXT_CONCAT,Target-dependent
83.53,83.53,MLPClassifier,Roberta: roberta-base / CONTEXT_CONCAT,Target-dependent
83.36,83.34,XGboost,Roberta: roberta-base / CONTEXT_CONCAT,Target-dependent
84.37,83.34,Reg_Logistica,Roberta: roberta-base / CONTEXT_CONCAT,debate08
79.07,74.79,Random_Forest,Roberta: roberta-base / CONTEXT_CONCAT,debate08
82.16,81.2,SVM,Roberta: roberta-base / CONTEXT_CONCAT,debate08
85.15,83.98,MLPClassifier,Roberta: roberta-base / CONTEXT_CONCAT,debate08
83.58,81.69,XGboost,Roberta: roberta-base / CONTEXT_CONCAT,debate08
86.34,83.6,Reg_Logistica,Roberta: roberta-base / CONTEXT_CONCAT,person
76.08,59.57,Random_Forest,Roberta: roberta-base / CONTEXT_CONCAT,person
72.66,71.18,SVM,Roberta: roberta-base / CONTEXT_CONCAT,person
86.8,83.71,MLPClassifier,Roberta: roberta-base / CONTEXT_CONCAT,person
81.09,73.83,XGboost,Roberta: roberta-base / CONTEXT_CONCAT,person
90.79,90.75,Reg_Logistica,Roberta: roberta-base / CONTEXT_CONCAT,sentiment140
86.62,86.58,Random_Forest,Roberta: roberta-base / CONTEXT_CONCAT,sentiment140
84.12,84.04,SVM,Roberta: roberta-base / CONTEXT_CONCAT,sentiment140
88.57,88.53,MLPClassifier,Roberta: roberta-base / CONTEXT_CONCAT,sentiment140
86.6,86.57,XGboost,Roberta: roberta-base / CONTEXT_CONCAT,sentiment140
87.89,85.15,Reg_Logistica,Roberta: roberta-base / CONTEXT_CONCAT,SemEval13
81.11,69.45,Random_Forest,Roberta: roberta-base / CONTEXT_CONCAT,SemEval13
84.26,82.0,SVM,Roberta: roberta-base / CONTEXT_CONCAT,SemEval13
87.44,84.0,MLPClassifier,Roberta: roberta-base / CONTEXT_CONCAT,SemEval13
86.52,81.79,XGboost,Roberta: roberta-base / CONTEXT_CONCAT,SemEval13
90.88,90.32,Reg_Logistica,Roberta: roberta-base / CONTEXT_CONCAT,SemEval17-test
87.52,86.2,Random_Forest,Roberta: roberta-base / CONTEXT_CONCAT,SemEval17-test
90.61,90.08,SVM,Roberta: roberta-base / CONTEXT_CONCAT,SemEval17-test
90.74,90.08,MLPClassifier,Roberta: roberta-base / CONTEXT_CONCAT,SemEval17-test
89.85,89.06,XGboost,Roberta: roberta-base / CONTEXT_CONCAT,SemEval17-test
89.0,88.75,Reg_Logistica,Roberta: roberta-base / CONTEXT_CONCAT,archeage
88.36,87.9,Random_Forest,Roberta: roberta-base / CONTEXT_CONCAT,archeage
88.18,88.0,SVM,Roberta: roberta-base / CONTEXT_CONCAT,archeage
89.75,89.52,MLPClassifier,Roberta: roberta-base / CONTEXT_CONCAT,archeage
89.47,89.18,XGboost,Roberta: roberta-base / CONTEXT_CONCAT,archeage
80.45,76.42,Reg_Logistica,Roberta: roberta-base / CONTEXT_CONCAT,HCR
75.63,55.65,Random_Forest,Roberta: roberta-base / CONTEXT_CONCAT,HCR
76.67,72.89,SVM,Roberta: roberta-base / CONTEXT_CONCAT,HCR
80.76,75.53,MLPClassifier,Roberta: roberta-base / CONTEXT_CONCAT,HCR
81.39,73.07,XGboost,Roberta: roberta-base / CONTEXT_CONCAT,HCR
92.43,91.23,Reg_Logistica,Roberta: roberta-base / CONTEXT_CONCAT,STS-gold
82.89,76.1,Random_Forest,Roberta: roberta-base / CONTEXT_CONCAT,STS-gold
89.48,88.11,SVM,Roberta: roberta-base / CONTEXT_CONCAT,STS-gold
91.94,90.54,MLPClassifier,Roberta: roberta-base / CONTEXT_CONCAT,STS-gold
89.92,87.73,XGboost,Roberta: roberta-base / CONTEXT_CONCAT,STS-gold
84.67,84.27,Reg_Logistica,Roberta: roberta-base / CONTEXT_CONCAT,SentiStrength
80.08,78.63,Random_Forest,Roberta: roberta-base / CONTEXT_CONCAT,SentiStrength
84.01,83.83,SVM,Roberta: roberta-base / CONTEXT_CONCAT,SentiStrength
84.93,84.46,MLPClassifier,Roberta: roberta-base / CONTEXT_CONCAT,SentiStrength
83.62,82.99,XGboost,Roberta: roberta-base / CONTEXT_CONCAT,SentiStrength
88.93,81.2,Reg_Logistica,Roberta: roberta-base / CONTEXT_CONCAT,movie
82.18,46.01,Random_Forest,Roberta: roberta-base / CONTEXT_CONCAT,movie
74.35,68.61,SVM,Roberta: roberta-base / CONTEXT_CONCAT,movie
89.47,81.11,MLPClassifier,Roberta: roberta-base / CONTEXT_CONCAT,movie
85.21,64.4,XGboost,Roberta: roberta-base / CONTEXT_CONCAT,movie
70.18,68.52,Reg_Logistica,Roberta: roberta-base / CONTEXT_CONCAT,sarcasm
66.07,61.2,Random_Forest,Roberta: roberta-base / CONTEXT_CONCAT,sarcasm
57.86,46.23,SVM,Roberta: roberta-base / CONTEXT_CONCAT,sarcasm
68.75,66.95,MLPClassifier,Roberta: roberta-base / CONTEXT_CONCAT,sarcasm
64.64,63.08,XGboost,Roberta: roberta-base / CONTEXT_CONCAT,sarcasm
91.11,90.73,Reg_Logistica,Roberta: roberta-base / CONTEXT_CONCAT,Narr-KDML-2012
87.37,86.34,Random_Forest,Roberta: roberta-base / CONTEXT_CONCAT,Narr-KDML-2012
89.73,89.48,SVM,Roberta: roberta-base / CONTEXT_CONCAT,Narr-KDML-2012
91.2,90.8,MLPClassifier,Roberta: roberta-base / CONTEXT_CONCAT,Narr-KDML-2012
90.63,90.16,XGboost,Roberta: roberta-base / CONTEXT_CONCAT,Narr-KDML-2012
89.39,87.08,Reg_Logistica,Roberta: roberta-base / CONTEXT_CONCAT,SemEval16
84.41,76.83,Random_Forest,Roberta: roberta-base / CONTEXT_CONCAT,SemEval16
87.62,85.5,SVM,Roberta: roberta-base / CONTEXT_CONCAT,SemEval16
89.75,86.99,MLPClassifier,Roberta: roberta-base / CONTEXT_CONCAT,SemEval16
88.99,85.52,XGboost,Roberta: roberta-base / CONTEXT_CONCAT,SemEval16
85.53,82.94,Reg_Logistica,Roberta: roberta-base / CONTEXT_CONCAT,iphone
80.06,71.21,Random_Forest,Roberta: roberta-base / CONTEXT_CONCAT,iphone
75.96,74.65,SVM,Roberta: roberta-base / CONTEXT_CONCAT,iphone
85.54,82.57,MLPClassifier,Roberta: roberta-base / CONTEXT_CONCAT,iphone
83.09,77.99,XGboost,Roberta: roberta-base / CONTEXT_CONCAT,iphone
85.99,85.71,Reg_Logistica,Roberta: roberta-base / CONTEXT_CONCAT,ntua
83.1,82.09,Random_Forest,Roberta: roberta-base / CONTEXT_CONCAT,ntua
78.45,78.18,SVM,Roberta: roberta-base / CONTEXT_CONCAT,ntua
86.35,85.96,MLPClassifier,Roberta: roberta-base / CONTEXT_CONCAT,ntua
83.08,82.54,XGboost,Roberta: roberta-base / CONTEXT_CONCAT,ntua
89.05,88.95,Reg_Logistica,Roberta: roberta-base / CONTEXT_CONCAT,sanders
84.97,84.74,Random_Forest,Roberta: roberta-base / CONTEXT_CONCAT,sanders
83.66,83.43,SVM,Roberta: roberta-base / CONTEXT_CONCAT,sanders
88.88,88.78,MLPClassifier,Roberta: roberta-base / CONTEXT_CONCAT,sanders
85.14,85.03,XGboost,Roberta: roberta-base / CONTEXT_CONCAT,sanders
