Data_Set,accuracy,f1_macro,Classifier_Model,Embedding
HCR,79.45,75.14,Reg_Logistica,RoBERTa-1K
Narr-KDML-2012,93.23,92.95,Reg_Logistica,RoBERTa-1K
STS-gold,93.31,92.21,Reg_Logistica,RoBERTa-1K
SemEval13,88.24,85.62,Reg_Logistica,RoBERTa-1K
SemEval15-Task11,85.06,68.25,Reg_Logistica,RoBERTa-1K
SemEval16,89.69,87.44,Reg_Logistica,RoBERTa-1K
SemEval17-test,91.44,90.92,Reg_Logistica,RoBERTa-1K
SemEval18,88.76,88.7,Reg_Logistica,RoBERTa-1K
SentiStrength,86.19,85.82,Reg_Logistica,RoBERTa-1K
Target-dependent,83.53,83.52,Reg_Logistica,RoBERTa-1K
VADER,91.21,89.85,Reg_Logistica,RoBERTa-1K
archeage,90.1,89.89,Reg_Logistica,RoBERTa-1K
debate08,84.78,83.8,Reg_Logistica,RoBERTa-1K
hobbit,89.09,87.67,Reg_Logistica,RoBERTa-1K
iphone,86.84,84.66,Reg_Logistica,RoBERTa-1K
irony,72.38,67.21,Reg_Logistica,RoBERTa-1K
movie,91.07,85.1,Reg_Logistica,RoBERTa-1K
ntua,87.42,87.1,Reg_Logistica,RoBERTa-1K
person,86.79,84.02,Reg_Logistica,RoBERTa-1K
sanders,88.89,88.82,Reg_Logistica,RoBERTa-1K
sarcasm,70.36,68.85,Reg_Logistica,RoBERTa-1K
sentiment140,89.13,89.12,Reg_Logistica,RoBERTa-1K
HCR,80.29,74.76,MLPClassifier,RoBERTa-1K
Narr-KDML-2012,92.85,92.53,MLPClassifier,RoBERTa-1K
STS-gold,92.85,91.58,MLPClassifier,RoBERTa-1K
SemEval13,88.23,85.14,MLPClassifier,RoBERTa-1K
SemEval15-Task11,87.45,69.48,MLPClassifier,RoBERTa-1K
SemEval16,89.99,87.34,MLPClassifier,RoBERTa-1K
SemEval17-test,91.35,90.74,MLPClassifier,RoBERTa-1K
SemEval18,88.17,88.09,MLPClassifier,RoBERTa-1K
SentiStrength,86.16,85.76,MLPClassifier,RoBERTa-1K
Target-dependent,84.05,84.04,MLPClassifier,RoBERTa-1K
VADER,91.01,89.43,MLPClassifier,RoBERTa-1K
archeage,89.19,88.91,MLPClassifier,RoBERTa-1K
debate08,85.17,84.1,MLPClassifier,RoBERTa-1K
hobbit,89.15,87.47,MLPClassifier,RoBERTa-1K
iphone,87.1,84.53,MLPClassifier,RoBERTa-1K
irony,71.59,63.53,MLPClassifier,RoBERTa-1K
movie,91.97,85.29,MLPClassifier,RoBERTa-1K
ntua,87.3,87.0,MLPClassifier,RoBERTa-1K
person,86.64,83.42,MLPClassifier,RoBERTa-1K
sanders,89.0,88.93,MLPClassifier,RoBERTa-1K
sarcasm,67.02,63.82,MLPClassifier,RoBERTa-1K
sentiment140,88.49,88.47,MLPClassifier,RoBERTa-1K
HCR,82.18,74.87,XGboost,RoBERTa-1K
Narr-KDML-2012,91.44,91.0,XGboost,RoBERTa-1K
STS-gold,90.76,88.8,XGboost,RoBERTa-1K
SemEval13,87.12,82.75,XGboost,RoBERTa-1K
SemEval15-Task11,88.48,63.75,XGboost,RoBERTa-1K
SemEval16,89.37,85.99,XGboost,RoBERTa-1K
SemEval17-test,90.72,89.98,XGboost,RoBERTa-1K
SemEval18,87.2,87.06,XGboost,RoBERTa-1K
SentiStrength,83.88,83.23,XGboost,RoBERTa-1K
Target-dependent,84.14,84.13,XGboost,RoBERTa-1K
VADER,88.27,85.72,XGboost,RoBERTa-1K
archeage,89.0,88.65,XGboost,RoBERTa-1K
debate08,84.79,83.07,XGboost,RoBERTa-1K
hobbit,83.33,79.35,XGboost,RoBERTa-1K
iphone,84.4,79.94,XGboost,RoBERTa-1K
irony,72.62,61.69,XGboost,RoBERTa-1K
movie,86.99,70.45,XGboost,RoBERTa-1K
ntua,83.81,83.39,XGboost,RoBERTa-1K
person,81.32,73.45,XGboost,RoBERTa-1K
sanders,87.33,87.22,XGboost,RoBERTa-1K
sarcasm,58.93,56.62,XGboost,RoBERTa-1K
sentiment140,86.05,86.0,XGboost,RoBERTa-1K
HCR,77.25,73.58,SVM,RoBERTa-1K
Narr-KDML-2012,92.18,91.96,SVM,RoBERTa-1K
STS-gold,90.71,89.55,SVM,RoBERTa-1K
SemEval13,85.54,83.31,SVM,RoBERTa-1K
SemEval15-Task11,83.5,69.79,SVM,RoBERTa-1K
SemEval16,88.4,86.28,SVM,RoBERTa-1K
SemEval17-test,91.0,90.5,SVM,RoBERTa-1K
SemEval18,87.15,87.02,SVM,RoBERTa-1K
SentiStrength,86.28,86.05,SVM,RoBERTa-1K
Target-dependent,85.67,85.65,SVM,RoBERTa-1K
VADER,89.56,88.22,SVM,RoBERTa-1K
archeage,88.53,88.33,SVM,RoBERTa-1K
debate08,83.58,82.72,SVM,RoBERTa-1K
hobbit,71.44,70.88,SVM,RoBERTa-1K
iphone,78.41,77.09,SVM,RoBERTa-1K
irony,46.67,31.0,SVM,RoBERTa-1K
movie,76.84,71.47,SVM,RoBERTa-1K
ntua,81.31,80.78,SVM,RoBERTa-1K
person,69.68,68.78,SVM,RoBERTa-1K
sanders,84.23,84.07,SVM,RoBERTa-1K
sarcasm,59.29,48.19,SVM,RoBERTa-1K
sentiment140,86.35,86.3,SVM,RoBERTa-1K
HCR,76.22,57.97,Random_Forest,RoBERTa-1K
Narr-KDML-2012,88.21,87.37,Random_Forest,RoBERTa-1K
STS-gold,83.84,77.68,Random_Forest,RoBERTa-1K
SemEval13,81.55,70.44,Random_Forest,RoBERTa-1K
SemEval15-Task11,85.46,46.63,Random_Forest,RoBERTa-1K
SemEval16,84.73,77.24,Random_Forest,RoBERTa-1K
SemEval17-test,87.08,85.61,Random_Forest,RoBERTa-1K
SemEval18,84.17,83.88,Random_Forest,RoBERTa-1K
SentiStrength,81.74,80.53,Random_Forest,RoBERTa-1K
Target-dependent,82.59,82.58,Random_Forest,RoBERTa-1K
VADER,83.1,76.61,Random_Forest,RoBERTa-1K
archeage,87.79,87.28,Random_Forest,RoBERTa-1K
debate08,81.01,77.43,Random_Forest,RoBERTa-1K
hobbit,80.15,72.51,Random_Forest,RoBERTa-1K
iphone,81.13,73.47,Random_Forest,RoBERTa-1K
irony,67.3,42.29,Random_Forest,RoBERTa-1K
movie,82.18,46.01,Random_Forest,RoBERTa-1K
ntua,83.8,82.97,Random_Forest,RoBERTa-1K
person,76.47,59.93,Random_Forest,RoBERTa-1K
sanders,85.75,85.53,Random_Forest,RoBERTa-1K
sarcasm,63.81,60.18,Random_Forest,RoBERTa-1K
sentiment140,86.62,86.58,Random_Forest,RoBERTa-1K
