accuracy,f1_macro,Classifier_Model,Embedding,Data_Set
92.557,91.917,Reg_Logistica,Roberta: ./Seed/RoBERTa-1-12-LM / CONTEXT_CONCAT,Narr-KDML-2012
86.313,83.573,Random_Forest,Roberta: ./Seed/RoBERTa-1-12-LM / CONTEXT_CONCAT,Narr-KDML-2012
91.307,90.713,SVM,Roberta: ./Seed/RoBERTa-1-12-LM / CONTEXT_CONCAT,Narr-KDML-2012
92.343,91.62,MLPClassifier,Roberta: ./Seed/RoBERTa-1-12-LM / CONTEXT_CONCAT,Narr-KDML-2012
90.383,89.24,XGboost,Roberta: ./Seed/RoBERTa-1-12-LM / CONTEXT_CONCAT,Narr-KDML-2012
87.93,86.113,Reg_Logistica,Roberta: ./Seed/RoBERTa-1-12-LM / CONTEXT_CONCAT,SemEval13
80.997,72.137,Random_Forest,Roberta: ./Seed/RoBERTa-1-12-LM / CONTEXT_CONCAT,SemEval13
80.79,79.703,SVM,Roberta: ./Seed/RoBERTa-1-12-LM / CONTEXT_CONCAT,SemEval13
87.573,85.463,MLPClassifier,Roberta: ./Seed/RoBERTa-1-12-LM / CONTEXT_CONCAT,SemEval13
85.213,81.087,XGboost,Roberta: ./Seed/RoBERTa-1-12-LM / CONTEXT_CONCAT,SemEval13
84.457,78.523,Reg_Logistica,Roberta: ./Seed/RoBERTa-1-12-LM / CONTEXT_CONCAT,debate08
82.95,69.047,Random_Forest,Roberta: ./Seed/RoBERTa-1-12-LM / CONTEXT_CONCAT,debate08
84.25,79.387,SVM,Roberta: ./Seed/RoBERTa-1-12-LM / CONTEXT_CONCAT,debate08
85.103,78.683,MLPClassifier,Roberta: ./Seed/RoBERTa-1-12-LM / CONTEXT_CONCAT,debate08
85.803,76.983,XGboost,Roberta: ./Seed/RoBERTa-1-12-LM / CONTEXT_CONCAT,debate08
83.487,82.507,Reg_Logistica,Roberta: ./Seed/RoBERTa-1-12-LM / CONTEXT_CONCAT,sanders
77.203,73.377,Random_Forest,Roberta: ./Seed/RoBERTa-1-12-LM / CONTEXT_CONCAT,sanders
77.693,73.493,SVM,Roberta: ./Seed/RoBERTa-1-12-LM / CONTEXT_CONCAT,sanders
82.937,81.397,MLPClassifier,Roberta: ./Seed/RoBERTa-1-12-LM / CONTEXT_CONCAT,sanders
78.177,76.52,XGboost,Roberta: ./Seed/RoBERTa-1-12-LM / CONTEXT_CONCAT,sanders
86.0,84.92,Reg_Logistica,Roberta: ./Seed/RoBERTa-1-12-LM / CONTEXT_CONCAT,SemEval16
82.943,79.287,Random_Forest,Roberta: ./Seed/RoBERTa-1-12-LM / CONTEXT_CONCAT,SemEval16
85.883,84.883,SVM,Roberta: ./Seed/RoBERTa-1-12-LM / CONTEXT_CONCAT,SemEval16
86.68,85.443,MLPClassifier,Roberta: ./Seed/RoBERTa-1-12-LM / CONTEXT_CONCAT,SemEval16
86.1,84.397,XGboost,Roberta: ./Seed/RoBERTa-1-12-LM / CONTEXT_CONCAT,SemEval16
84.427,83.08,Reg_Logistica,Roberta: ./Seed/RoBERTa-1-12-LM / CONTEXT_CONCAT,sarcasm
79.86,76.447,Random_Forest,Roberta: ./Seed/RoBERTa-1-12-LM / CONTEXT_CONCAT,sarcasm
79.957,75.477,SVM,Roberta: ./Seed/RoBERTa-1-12-LM / CONTEXT_CONCAT,sarcasm
82.507,80.337,MLPClassifier,Roberta: ./Seed/RoBERTa-1-12-LM / CONTEXT_CONCAT,sarcasm
79.913,77.87,XGboost,Roberta: ./Seed/RoBERTa-1-12-LM / CONTEXT_CONCAT,sarcasm
91.62,90.013,Reg_Logistica,Roberta: ./Seed/RoBERTa-1-12-LM / CONTEXT_CONCAT,STS-gold
83.267,75.583,Random_Forest,Roberta: ./Seed/RoBERTa-1-12-LM / CONTEXT_CONCAT,STS-gold
88.987,87.47,SVM,Roberta: ./Seed/RoBERTa-1-12-LM / CONTEXT_CONCAT,STS-gold
91.38,89.52,MLPClassifier,Roberta: ./Seed/RoBERTa-1-12-LM / CONTEXT_CONCAT,STS-gold
89.547,86.783,XGboost,Roberta: ./Seed/RoBERTa-1-12-LM / CONTEXT_CONCAT,STS-gold
86.253,81.953,Reg_Logistica,Roberta: ./Seed/RoBERTa-1-12-LM / CONTEXT_CONCAT,movie
79.867,57.813,Random_Forest,Roberta: ./Seed/RoBERTa-1-12-LM / CONTEXT_CONCAT,movie
79.877,76.12,SVM,Roberta: ./Seed/RoBERTa-1-12-LM / CONTEXT_CONCAT,movie
86.81,81.593,MLPClassifier,Roberta: ./Seed/RoBERTa-1-12-LM / CONTEXT_CONCAT,movie
85.43,76.023,XGboost,Roberta: ./Seed/RoBERTa-1-12-LM / CONTEXT_CONCAT,movie
86.203,86.053,Reg_Logistica,Roberta: ./Seed/RoBERTa-1-12-LM / CONTEXT_CONCAT,Target-dependent
83.243,82.743,Random_Forest,Roberta: ./Seed/RoBERTa-1-12-LM / CONTEXT_CONCAT,Target-dependent
85.393,85.257,SVM,Roberta: ./Seed/RoBERTa-1-12-LM / CONTEXT_CONCAT,Target-dependent
86.35,86.19,MLPClassifier,Roberta: ./Seed/RoBERTa-1-12-LM / CONTEXT_CONCAT,Target-dependent
85.117,84.86,XGboost,Roberta: ./Seed/RoBERTa-1-12-LM / CONTEXT_CONCAT,Target-dependent
87.19,81.007,Reg_Logistica,Roberta: ./Seed/RoBERTa-1-12-LM / CONTEXT_CONCAT,SemEval15-Task11
82.893,66.65,Random_Forest,Roberta: ./Seed/RoBERTa-1-12-LM / CONTEXT_CONCAT,SemEval15-Task11
78.75,73.817,SVM,Roberta: ./Seed/RoBERTa-1-12-LM / CONTEXT_CONCAT,SemEval15-Task11
88.287,81.577,MLPClassifier,Roberta: ./Seed/RoBERTa-1-12-LM / CONTEXT_CONCAT,SemEval15-Task11
85.207,75.497,XGboost,Roberta: ./Seed/RoBERTa-1-12-LM / CONTEXT_CONCAT,SemEval15-Task11
86.887,85.163,Reg_Logistica,Roberta: ./Seed/RoBERTa-1-12-LM / CONTEXT_CONCAT,hobbit
79.033,69.82,Random_Forest,Roberta: ./Seed/RoBERTa-1-12-LM / CONTEXT_CONCAT,hobbit
74.9,74.127,SVM,Roberta: ./Seed/RoBERTa-1-12-LM / CONTEXT_CONCAT,hobbit
87.19,85.26,MLPClassifier,Roberta: ./Seed/RoBERTa-1-12-LM / CONTEXT_CONCAT,hobbit
83.147,78.623,XGboost,Roberta: ./Seed/RoBERTa-1-12-LM / CONTEXT_CONCAT,hobbit
82.18,81.55,Reg_Logistica,Roberta: ./Seed/RoBERTa-1-12-LM / CONTEXT_CONCAT,SemEval18
76.923,75.18,Random_Forest,Roberta: ./Seed/RoBERTa-1-12-LM / CONTEXT_CONCAT,SemEval18
75.917,71.997,SVM,Roberta: ./Seed/RoBERTa-1-12-LM / CONTEXT_CONCAT,SemEval18
81.01,79.857,MLPClassifier,Roberta: ./Seed/RoBERTa-1-12-LM / CONTEXT_CONCAT,SemEval18
76.647,75.69,XGboost,Roberta: ./Seed/RoBERTa-1-12-LM / CONTEXT_CONCAT,SemEval18
89.783,86.893,Reg_Logistica,Roberta: ./Seed/RoBERTa-1-12-LM / CONTEXT_CONCAT,iphone
83.26,68.163,Random_Forest,Roberta: ./Seed/RoBERTa-1-12-LM / CONTEXT_CONCAT,iphone
82.083,79.687,SVM,Roberta: ./Seed/RoBERTa-1-12-LM / CONTEXT_CONCAT,iphone
90.053,86.723,MLPClassifier,Roberta: ./Seed/RoBERTa-1-12-LM / CONTEXT_CONCAT,iphone
87.37,80.123,XGboost,Roberta: ./Seed/RoBERTa-1-12-LM / CONTEXT_CONCAT,iphone
89.627,88.333,Reg_Logistica,Roberta: ./Seed/RoBERTa-1-12-LM / CONTEXT_CONCAT,archeage
84.497,79.48,Random_Forest,Roberta: ./Seed/RoBERTa-1-12-LM / CONTEXT_CONCAT,archeage
82.79,81.83,SVM,Roberta: ./Seed/RoBERTa-1-12-LM / CONTEXT_CONCAT,archeage
89.34,87.76,MLPClassifier,Roberta: ./Seed/RoBERTa-1-12-LM / CONTEXT_CONCAT,archeage
87.233,84.663,XGboost,Roberta: ./Seed/RoBERTa-1-12-LM / CONTEXT_CONCAT,archeage
87.08,81.35,Reg_Logistica,Roberta: ./Seed/RoBERTa-1-12-LM / CONTEXT_CONCAT,ntua
84.137,70.65,Random_Forest,Roberta: ./Seed/RoBERTa-1-12-LM / CONTEXT_CONCAT,ntua
83.987,79.197,SVM,Roberta: ./Seed/RoBERTa-1-12-LM / CONTEXT_CONCAT,ntua
87.487,81.48,MLPClassifier,Roberta: ./Seed/RoBERTa-1-12-LM / CONTEXT_CONCAT,ntua
86.497,78.067,XGboost,Roberta: ./Seed/RoBERTa-1-12-LM / CONTEXT_CONCAT,ntua
83.43,78.99,Reg_Logistica,Roberta: ./Seed/RoBERTa-1-12-LM / CONTEXT_CONCAT,irony
76.95,54.06,Random_Forest,Roberta: ./Seed/RoBERTa-1-12-LM / CONTEXT_CONCAT,irony
67.307,59.853,SVM,Roberta: ./Seed/RoBERTa-1-12-LM / CONTEXT_CONCAT,irony
83.78,78.35,MLPClassifier,Roberta: ./Seed/RoBERTa-1-12-LM / CONTEXT_CONCAT,irony
81.337,70.693,XGboost,Roberta: ./Seed/RoBERTa-1-12-LM / CONTEXT_CONCAT,irony
91.217,90.393,Reg_Logistica,Roberta: ./Seed/RoBERTa-1-12-LM / CONTEXT_CONCAT,VADER
84.06,79.727,Random_Forest,Roberta: ./Seed/RoBERTa-1-12-LM / CONTEXT_CONCAT,VADER
88.873,88.023,SVM,Roberta: ./Seed/RoBERTa-1-12-LM / CONTEXT_CONCAT,VADER
90.617,89.643,MLPClassifier,Roberta: ./Seed/RoBERTa-1-12-LM / CONTEXT_CONCAT,VADER
88.36,86.84,XGboost,Roberta: ./Seed/RoBERTa-1-12-LM / CONTEXT_CONCAT,VADER
89.46,88.49,Reg_Logistica,Roberta: ./Seed/RoBERTa-1-12-LM / CONTEXT_CONCAT,SemEval17-test
85.563,82.507,Random_Forest,Roberta: ./Seed/RoBERTa-1-12-LM / CONTEXT_CONCAT,SemEval17-test
85.98,85.307,SVM,Roberta: ./Seed/RoBERTa-1-12-LM / CONTEXT_CONCAT,SemEval17-test
89.393,88.263,MLPClassifier,Roberta: ./Seed/RoBERTa-1-12-LM / CONTEXT_CONCAT,SemEval17-test
88.04,86.19,XGboost,Roberta: ./Seed/RoBERTa-1-12-LM / CONTEXT_CONCAT,SemEval17-test
83.547,81.817,Reg_Logistica,Roberta: ./Seed/RoBERTa-1-12-LM / CONTEXT_CONCAT,sentiment140
80.737,72.603,Random_Forest,Roberta: ./Seed/RoBERTa-1-12-LM / CONTEXT_CONCAT,sentiment140
73.123,67.867,SVM,Roberta: ./Seed/RoBERTa-1-12-LM / CONTEXT_CONCAT,sentiment140
83.103,80.64,MLPClassifier,Roberta: ./Seed/RoBERTa-1-12-LM / CONTEXT_CONCAT,sentiment140
81.573,77.897,XGboost,Roberta: ./Seed/RoBERTa-1-12-LM / CONTEXT_CONCAT,sentiment140
83.0,80.057,Reg_Logistica,Roberta: ./Seed/RoBERTa-1-12-LM / CONTEXT_CONCAT,HCR
80.207,68.07,Random_Forest,Roberta: ./Seed/RoBERTa-1-12-LM / CONTEXT_CONCAT,HCR
81.01,78.497,SVM,Roberta: ./Seed/RoBERTa-1-12-LM / CONTEXT_CONCAT,HCR
83.157,79.41,MLPClassifier,Roberta: ./Seed/RoBERTa-1-12-LM / CONTEXT_CONCAT,HCR
84.453,79.463,XGboost,Roberta: ./Seed/RoBERTa-1-12-LM / CONTEXT_CONCAT,HCR
89.04,87.92,Reg_Logistica,Roberta: ./Seed/RoBERTa-1-12-LM / CONTEXT_CONCAT,person
83.023,76.623,Random_Forest,Roberta: ./Seed/RoBERTa-1-12-LM / CONTEXT_CONCAT,person
81.637,81.117,SVM,Roberta: ./Seed/RoBERTa-1-12-LM / CONTEXT_CONCAT,person
88.897,87.543,MLPClassifier,Roberta: ./Seed/RoBERTa-1-12-LM / CONTEXT_CONCAT,person
86.457,83.55,XGboost,Roberta: ./Seed/RoBERTa-1-12-LM / CONTEXT_CONCAT,person
81.587,79.617,Reg_Logistica,Roberta: ./Seed/RoBERTa-1-12-LM / CONTEXT_CONCAT,SentiStrength
76.773,67.183,Random_Forest,Roberta: ./Seed/RoBERTa-1-12-LM / CONTEXT_CONCAT,SentiStrength
73.077,67.7,SVM,Roberta: ./Seed/RoBERTa-1-12-LM / CONTEXT_CONCAT,SentiStrength
81.013,77.59,MLPClassifier,Roberta: ./Seed/RoBERTa-1-12-LM / CONTEXT_CONCAT,SentiStrength
80.127,76.05,XGboost,Roberta: ./Seed/RoBERTa-1-12-LM / CONTEXT_CONCAT,SentiStrength
