Data_Set,accuracy,f1_macro,Classifier_Model,Embedding
HCR,8104.0,7721.7,Reg_Logistica,BERTweet\_LOO
Narr-KDML-2012,9682.0,9670.0,Reg_Logistica,BERTweet\_LOO
STS-gold,9499.0,9418.0,Reg_Logistica,BERTweet\_LOO
SemEval13,8954.0,8723.0,Reg_Logistica,BERTweet\_LOO
SemEval15-Task11,9252.0,8476.0,Reg_Logistica,BERTweet\_LOO
SemEval16,9146.0,8956.0,Reg_Logistica,BERTweet\_LOO
SemEval17-test,9313.0,9268.0,Reg_Logistica,BERTweet\_LOO
SemEval18,8849.0,8842.0,Reg_Logistica,BERTweet\_LOO
SentiStrength,8855.0,8825.0,Reg_Logistica,BERTweet\_LOO
Target-dependent,8607.0,8606.0,Reg_Logistica,BERTweet\_LOO
VADER,9314.0,9205.0,Reg_Logistica,BERTweet\_LOO
archeage,9162.0,9144.0,Reg_Logistica,BERTweet\_LOO
debate08,8898.0,8822.0,Reg_Logistica,BERTweet\_LOO
hobbit,8947.0,8796.0,Reg_Logistica,BERTweet\_LOO
iphone,8590.0,8366.0,Reg_Logistica,BERTweet\_LOO
irony,8333.0,7647.0,Reg_Logistica,BERTweet\_LOO
movie,8930.0,8263.0,Reg_Logistica,BERTweet\_LOO
ntua,9389.0,9366.0,Reg_Logistica,BERTweet\_LOO
person,8838.0,8614.0,Reg_Logistica,BERTweet\_LOO
sanders,9085.0,9076.0,Reg_Logistica,BERTweet\_LOO
sarcasm,7607.0,7475.0,Reg_Logistica,BERTweet\_LOO
sentiment140,9247.0,9245.0,Reg_Logistica,BERTweet\_LOO
HCR,8174.7,7699.3,MLPClassifier,BERTweet\_LOO
Narr-KDML-2012,9609.0,9592.0,MLPClassifier,BERTweet\_LOO
STS-gold,9477.3,9386.0,MLPClassifier,BERTweet\_LOO
SemEval13,8970.7,8704.0,MLPClassifier,BERTweet\_LOO
SemEval15-Task11,9439.3,8731.0,MLPClassifier,BERTweet\_LOO
SemEval16,9125.0,8894.7,MLPClassifier,BERTweet\_LOO
SemEval17-test,9321.0,9273.0,MLPClassifier,BERTweet\_LOO
SemEval18,8829.3,8821.0,MLPClassifier,BERTweet\_LOO
SentiStrength,8792.7,8755.0,MLPClassifier,BERTweet\_LOO
Target-dependent,8600.0,8599.7,MLPClassifier,BERTweet\_LOO
VADER,9300.0,9179.7,MLPClassifier,BERTweet\_LOO
archeage,9163.7,9144.7,MLPClassifier,BERTweet\_LOO
debate08,8807.3,8716.0,MLPClassifier,BERTweet\_LOO
hobbit,8914.3,8729.7,MLPClassifier,BERTweet\_LOO
iphone,8653.0,8387.3,MLPClassifier,BERTweet\_LOO
irony,8087.3,7295.0,MLPClassifier,BERTweet\_LOO
movie,9084.7,8369.0,MLPClassifier,BERTweet\_LOO
ntua,9258.0,9236.0,MLPClassifier,BERTweet\_LOO
person,8851.7,8605.3,MLPClassifier,BERTweet\_LOO
sanders,9095.7,9087.3,MLPClassifier,BERTweet\_LOO
sarcasm,7607.0,7487.0,MLPClassifier,BERTweet\_LOO
sentiment140,9099.7,9096.3,MLPClassifier,BERTweet\_LOO
HCR,8221.3,7525.7,XGboost,BERTweet\_LOO
Narr-KDML-2012,9283.0,9245.0,XGboost,BERTweet\_LOO
STS-gold,9233.0,9081.0,XGboost,BERTweet\_LOO
SemEval13,8860.0,8506.0,XGboost,BERTweet\_LOO
SemEval15-Task11,9096.0,7698.0,XGboost,BERTweet\_LOO
SemEval16,9094.0,8818.0,XGboost,BERTweet\_LOO
SemEval17-test,9212.0,9150.0,XGboost,BERTweet\_LOO
SemEval18,8806.0,8794.0,XGboost,BERTweet\_LOO
SentiStrength,8624.0,8566.0,XGboost,BERTweet\_LOO
Target-dependent,8592.0,8592.0,XGboost,BERTweet\_LOO
VADER,9054.0,8842.0,XGboost,BERTweet\_LOO
archeage,9185.0,9165.0,XGboost,BERTweet\_LOO
debate08,8631.0,8485.0,XGboost,BERTweet\_LOO
hobbit,8545.0,8195.0,XGboost,BERTweet\_LOO
iphone,8759.0,8422.0,XGboost,BERTweet\_LOO
irony,6190.0,4524.0,XGboost,BERTweet\_LOO
movie,8805.0,7295.0,XGboost,BERTweet\_LOO
ntua,8672.0,8613.0,XGboost,BERTweet\_LOO
person,8519.0,8101.0,XGboost,BERTweet\_LOO
sanders,8987.0,8979.0,XGboost,BERTweet\_LOO
sarcasm,6500.0,6272.0,XGboost,BERTweet\_LOO
sentiment140,9108.0,9105.0,XGboost,BERTweet\_LOO
HCR,8127.0,7779.0,SVM,BERTweet\_LOO
Narr-KDML-2012,9666.0,9654.0,SVM,BERTweet\_LOO
STS-gold,9499.0,9421.0,SVM,BERTweet\_LOO
SemEval13,8952.0,8749.0,SVM,BERTweet\_LOO
SemEval15-Task11,9284.0,8476.0,SVM,BERTweet\_LOO
SemEval16,9162.0,8990.0,SVM,BERTweet\_LOO
SemEval17-test,9359.0,9317.0,SVM,BERTweet\_LOO
SemEval18,9026.0,9019.0,SVM,BERTweet\_LOO
SentiStrength,8851.0,8825.0,SVM,BERTweet\_LOO
Target-dependent,8763.0,8762.0,SVM,BERTweet\_LOO
VADER,9273.0,9170.0,SVM,BERTweet\_LOO
archeage,9057.0,9040.0,SVM,BERTweet\_LOO
debate08,8977.0,8899.0,SVM,BERTweet\_LOO
hobbit,8717.0,8562.0,SVM,BERTweet\_LOO
iphone,8348.0,8179.0,SVM,BERTweet\_LOO
irony,8310.0,7724.0,SVM,BERTweet\_LOO
movie,8842.0,8199.0,SVM,BERTweet\_LOO
ntua,9354.0,9333.0,SVM,BERTweet\_LOO
person,8655.0,8448.0,SVM,BERTweet\_LOO
sanders,9134.0,9127.0,SVM,BERTweet\_LOO
sarcasm,6750.0,6432.0,SVM,BERTweet\_LOO
sentiment140,9275.0,9273.0,SVM,BERTweet\_LOO
HCR,7786.3,6244.3,Random_Forest,BERTweet\_LOO
Narr-KDML-2012,9258.3,9210.0,Random_Forest,BERTweet\_LOO
STS-gold,8775.7,8381.0,Random_Forest,BERTweet\_LOO
SemEval13,8310.0,7426.7,Random_Forest,BERTweet\_LOO
SemEval15-Task11,8733.0,5676.7,Random_Forest,BERTweet\_LOO
SemEval16,8594.7,7953.3,Random_Forest,BERTweet\_LOO
SemEval17-test,8960.3,8860.0,Random_Forest,BERTweet\_LOO
SemEval18,8657.3,8633.7,Random_Forest,BERTweet\_LOO
SentiStrength,8318.3,8216.3,Random_Forest,BERTweet\_LOO
Target-dependent,8449.3,8448.0,Random_Forest,BERTweet\_LOO
VADER,8549.0,8047.7,Random_Forest,BERTweet\_LOO
archeage,9061.0,9029.3,Random_Forest,BERTweet\_LOO
debate08,8338.3,8039.7,Random_Forest,BERTweet\_LOO
hobbit,8174.3,7454.3,Random_Forest,BERTweet\_LOO
iphone,8214.0,7495.7,Random_Forest,BERTweet\_LOO
irony,6666.7,4072.7,Random_Forest,BERTweet\_LOO
movie,8265.0,4836.3,Random_Forest,BERTweet\_LOO
ntua,8814.3,8740.3,Random_Forest,BERTweet\_LOO
person,8177.0,7253.7,Random_Forest,BERTweet\_LOO
sanders,8952.0,8940.0,Random_Forest,BERTweet\_LOO
sarcasm,6815.7,6541.0,Random_Forest,BERTweet\_LOO
sentiment140,9099.0,9096.7,Random_Forest,BERTweet\_LOO
