Data_Set,accuracy,f1_macro,Classifier_Model,Embedding
HCR,79.9,76.0,Reg_Logistica,BERT\_InData
Narr-KDML-2012,94.6,94.4,Reg_Logistica,BERT\_InData
STS-gold,93.4,92.3,Reg_Logistica,BERT\_InData
SemEval13,89.5,87.1,Reg_Logistica,BERT\_InData
SemEval15-Task11,90.9,78.9,Reg_Logistica,BERT\_InData
SemEval16,90.6,88.5,Reg_Logistica,BERT\_InData
SemEval17-test,92.1,91.6,Reg_Logistica,BERT\_InData
SemEval18,88.5,88.4,Reg_Logistica,BERT\_InData
SentiStrength,86.8,86.4,Reg_Logistica,BERT\_InData
Target-dependent,84.7,84.7,Reg_Logistica,BERT\_InData
VADER,91.4,90.1,Reg_Logistica,BERT\_InData
archeage,90.8,90.6,Reg_Logistica,BERT\_InData
debate08,86.7,85.9,Reg_Logistica,BERT\_InData
hobbit,88.2,86.7,Reg_Logistica,BERT\_InData
iphone,86.7,84.4,Reg_Logistica,BERT\_InData
irony,72.4,65.6,Reg_Logistica,BERT\_InData
movie,88.5,81.0,Reg_Logistica,BERT\_InData
ntua,89.1,88.8,Reg_Logistica,BERT\_InData
person,87.5,85.2,Reg_Logistica,BERT\_InData
sanders,88.9,88.8,Reg_Logistica,BERT\_InData
sarcasm,69.2,67.8,Reg_Logistica,BERT\_InData
sentiment140,89.9,89.8,Reg_Logistica,BERT\_InData
HCR,80.1,75.1,MLPClassifier,BERT\_InData
Narr-KDML-2012,94.4,94.1,MLPClassifier,BERT\_InData
STS-gold,93.2,92.0,MLPClassifier,BERT\_InData
SemEval13,89.5,86.8,MLPClassifier,BERT\_InData
SemEval15-Task11,91.1,77.5,MLPClassifier,BERT\_InData
SemEval16,90.7,88.2,MLPClassifier,BERT\_InData
SemEval17-test,92.2,91.6,MLPClassifier,BERT\_InData
SemEval18,88.7,88.6,MLPClassifier,BERT\_InData
SentiStrength,86.3,85.9,MLPClassifier,BERT\_InData
Target-dependent,84.8,84.8,MLPClassifier,BERT\_InData
VADER,91.4,89.8,MLPClassifier,BERT\_InData
archeage,90.9,90.6,MLPClassifier,BERT\_InData
debate08,86.3,85.2,MLPClassifier,BERT\_InData
hobbit,87.6,85.7,MLPClassifier,BERT\_InData
iphone,87.3,84.7,MLPClassifier,BERT\_InData
irony,74.5,66.8,MLPClassifier,BERT\_InData
movie,88.7,80.1,MLPClassifier,BERT\_InData
ntua,88.7,88.5,MLPClassifier,BERT\_InData
person,86.6,83.5,MLPClassifier,BERT\_InData
sanders,88.5,87.9,MLPClassifier,BERT\_InData
sarcasm,69.7,68.6,MLPClassifier,BERT\_InData
sentiment140,89.0,89.0,MLPClassifier,BERT\_InData
HCR,80.8,72.8,XGboost,BERT\_InData
Narr-KDML-2012,91.9,91.5,XGboost,BERT\_InData
STS-gold,90.8,88.8,XGboost,BERT\_InData
SemEval13,87.8,83.8,XGboost,BERT\_InData
SemEval15-Task11,89.1,67.5,XGboost,BERT\_InData
SemEval16,90.2,87.3,XGboost,BERT\_InData
SemEval17-test,91.5,90.8,XGboost,BERT\_InData
SemEval18,86.7,86.5,XGboost,BERT\_InData
SentiStrength,85.0,84.4,XGboost,BERT\_InData
Target-dependent,84.8,84.8,XGboost,BERT\_InData
VADER,89.4,87.1,XGboost,BERT\_InData
archeage,90.5,90.2,XGboost,BERT\_InData
debate08,85.3,83.7,XGboost,BERT\_InData
hobbit,82.9,79.2,XGboost,BERT\_InData
iphone,84.5,80.7,XGboost,BERT\_InData
irony,69.0,56.5,XGboost,BERT\_InData
movie,86.9,70.0,XGboost,BERT\_InData
ntua,83.2,82.6,XGboost,BERT\_InData
person,84.2,78.4,XGboost,BERT\_InData
sanders,86.6,86.5,XGboost,BERT\_InData
sarcasm,57.7,54.8,XGboost,BERT\_InData
sentiment140,84.6,84.5,XGboost,BERT\_InData
HCR,79.6,75.9,SVM,BERT\_InData
Narr-KDML-2012,94.9,94.7,SVM,BERT\_InData
STS-gold,93.5,92.6,SVM,BERT\_InData
SemEval13,88.7,86.6,SVM,BERT\_InData
SemEval15-Task11,89.8,77.8,SVM,BERT\_InData
SemEval16,90.7,88.8,SVM,BERT\_InData
SemEval17-test,92.9,92.4,SVM,BERT\_InData
SemEval18,89.7,89.6,SVM,BERT\_InData
SentiStrength,87.5,87.2,SVM,BERT\_InData
Target-dependent,86.9,86.9,SVM,BERT\_InData
VADER,91.5,90.3,SVM,BERT\_InData
archeage,89.9,89.8,SVM,BERT\_InData
debate08,87.3,86.4,SVM,BERT\_InData
hobbit,82.3,80.7,SVM,BERT\_InData
iphone,83.0,81.4,SVM,BERT\_InData
irony,67.9,59.6,SVM,BERT\_InData
movie,84.6,78.1,SVM,BERT\_InData
ntua,88.1,87.8,SVM,BERT\_InData
person,82.0,80.0,SVM,BERT\_InData
sanders,87.8,87.7,SVM,BERT\_InData
sarcasm,64.1,60.2,SVM,BERT\_InData
sentiment140,89.9,89.8,SVM,BERT\_InData
HCR,76.6,58.9,Random_Forest,BERT\_InData
Narr-KDML-2012,89.5,88.7,Random_Forest,BERT\_InData
STS-gold,85.2,80.0,Random_Forest,BERT\_InData
SemEval13,82.0,72.0,Random_Forest,BERT\_InData
SemEval15-Task11,85.9,49.1,Random_Forest,BERT\_InData
SemEval16,85.7,79.2,Random_Forest,BERT\_InData
SemEval17-test,89.1,88.1,Random_Forest,BERT\_InData
SemEval18,85.3,85.0,Random_Forest,BERT\_InData
SentiStrength,82.0,80.9,Random_Forest,BERT\_InData
Target-dependent,83.4,83.4,Random_Forest,BERT\_InData
VADER,84.7,79.2,Random_Forest,BERT\_InData
archeage,88.9,88.5,Random_Forest,BERT\_InData
debate08,81.5,78.0,Random_Forest,BERT\_InData
hobbit,79.2,71.2,Random_Forest,BERT\_InData
iphone,82.8,76.6,Random_Forest,BERT\_InData
irony,66.7,41.8,Random_Forest,BERT\_InData
movie,82.5,47.8,Random_Forest,BERT\_InData
ntua,83.9,82.9,Random_Forest,BERT\_InData
person,77.5,63.6,Random_Forest,BERT\_InData
sanders,85.5,85.4,Random_Forest,BERT\_InData
sarcasm,64.6,61.3,Random_Forest,BERT\_InData
sentiment140,85.9,85.8,Random_Forest,BERT\_InData
