Model,Edin,Classifier,Metric,Std mean
BERT,05,Random_Forest,accuracy,0.4698636363636364
BERT,05,Reg_Logistica,accuracy,0.0
BERT,05,SVM,accuracy,0.0
BERT,05,XGboost,accuracy,0.0
BERT,05,MLPClassifier,accuracy,0.31595454545454543
BERT,1,Random_Forest,accuracy,0.4196818181818182
BERT,1,Reg_Logistica,accuracy,0.0
BERT,1,SVM,accuracy,0.0
BERT,1,XGboost,accuracy,0.0
BERT,1,MLPClassifier,accuracy,0.3801363636363636
BERT,5,Random_Forest,accuracy,0.5105909090909091
BERT,5,Reg_Logistica,accuracy,0.0
BERT,5,SVM,accuracy,0.0
BERT,5,XGboost,accuracy,0.0
BERT,5,MLPClassifier,accuracy,0.2781363636363637
BERT,10,Random_Forest,accuracy,0.45409090909090905
BERT,10,Reg_Logistica,accuracy,0.0
BERT,10,SVM,accuracy,0.0
BERT,10,XGboost,accuracy,0.0
BERT,10,MLPClassifier,accuracy,0.37872727272727275
BERT,25,Random_Forest,accuracy,0.648590909090909
BERT,25,Reg_Logistica,accuracy,0.0
BERT,25,SVM,accuracy,0.0
BERT,25,XGboost,accuracy,0.0
BERT,25,MLPClassifier,accuracy,0.42636363636363633
BERT,50,Random_Forest,accuracy,0.512
BERT,50,Reg_Logistica,accuracy,0.0
BERT,50,SVM,accuracy,0.0
BERT,50,XGboost,accuracy,0.0
BERT,50,MLPClassifier,accuracy,0.38540909090909087
BERT,250,Random_Forest,accuracy,0.538409090909091
BERT,250,Reg_Logistica,accuracy,0.0
BERT,250,SVM,accuracy,0.0
BERT,250,XGboost,accuracy,0.0
BERT,250,MLPClassifier,accuracy,0.33427272727272733
BERT,500,Random_Forest,accuracy,0.3849090909090909
BERT,500,Reg_Logistica,accuracy,0.0
BERT,500,SVM,accuracy,0.0
BERT,500,XGboost,accuracy,0.0
BERT,500,MLPClassifier,accuracy,0.4166818181818181
BERT,1500,Random_Forest,accuracy,0.46736363636363637
BERT,1500,Reg_Logistica,accuracy,0.448
BERT,1500,SVM,accuracy,0.5293181818181818
BERT,1500,XGboost,accuracy,0.7134090909090909
BERT,1500,MLPClassifier,accuracy,0.42431818181818187
BERT,6600,Random_Forest,accuracy,0.3722727272727273
BERT,6600,Reg_Logistica,accuracy,0.2286363636363637
BERT,6600,SVM,accuracy,0.20577272727272727
BERT,6600,XGboost,accuracy,0.5415909090909091
BERT,6600,MLPClassifier,accuracy,0.3169090909090908
RoBERTa,05,Random_Forest,accuracy,0.6481818181818182
RoBERTa,05,Reg_Logistica,accuracy,0.0
RoBERTa,05,SVM,accuracy,0.0
RoBERTa,05,XGboost,accuracy,0.0
RoBERTa,05,MLPClassifier,accuracy,0.33672727272727276
RoBERTa,1,Random_Forest,accuracy,0.4218181818181818
RoBERTa,1,Reg_Logistica,accuracy,0.0
RoBERTa,1,SVM,accuracy,0.0
RoBERTa,1,XGboost,accuracy,0.0
RoBERTa,1,MLPClassifier,accuracy,0.34254545454545454
RoBERTa,5,Random_Forest,accuracy,0.44249999999999995
RoBERTa,5,Reg_Logistica,accuracy,0.0
RoBERTa,5,SVM,accuracy,0.0
RoBERTa,5,XGboost,accuracy,0.0
RoBERTa,5,MLPClassifier,accuracy,0.2595454545454546
RoBERTa,10,Random_Forest,accuracy,0.35600000000000004
RoBERTa,10,Reg_Logistica,accuracy,0.0
RoBERTa,10,SVM,accuracy,0.0
RoBERTa,10,XGboost,accuracy,0.0
RoBERTa,10,MLPClassifier,accuracy,0.2445454545454546
RoBERTa,25,Random_Forest,accuracy,0.49654545454545446
RoBERTa,25,Reg_Logistica,accuracy,0.0
RoBERTa,25,SVM,accuracy,0.0
RoBERTa,25,XGboost,accuracy,0.0
RoBERTa,25,MLPClassifier,accuracy,0.2610909090909091
RoBERTa,50,Random_Forest,accuracy,0.4984545454545455
RoBERTa,50,Reg_Logistica,accuracy,0.0
RoBERTa,50,SVM,accuracy,0.0
RoBERTa,50,XGboost,accuracy,0.0
RoBERTa,50,MLPClassifier,accuracy,0.18199999999999997
RoBERTa,250,Random_Forest,accuracy,0.45749999999999996
RoBERTa,250,Reg_Logistica,accuracy,0.0
RoBERTa,250,SVM,accuracy,0.0
RoBERTa,250,XGboost,accuracy,0.0
RoBERTa,250,MLPClassifier,accuracy,0.3144090909090909
RoBERTa,500,Random_Forest,accuracy,0.5019090909090909
RoBERTa,500,Reg_Logistica,accuracy,0.0
RoBERTa,500,SVM,accuracy,0.0
RoBERTa,500,XGboost,accuracy,0.0
RoBERTa,500,MLPClassifier,accuracy,0.27431818181818185
RoBERTa,1500,Random_Forest,accuracy,0.4675
RoBERTa,1500,Reg_Logistica,accuracy,0.0
RoBERTa,1500,SVM,accuracy,0.0
RoBERTa,1500,XGboost,accuracy,0.0
RoBERTa,1500,MLPClassifier,accuracy,0.24868181818181814
RoBERTa,6600,Random_Forest,accuracy,0.6127727272727272
RoBERTa,6600,Reg_Logistica,accuracy,0.5184090909090909
RoBERTa,6600,SVM,accuracy,0.5350909090909091
RoBERTa,6600,XGboost,accuracy,0.7203636363636363
RoBERTa,6600,MLPClassifier,accuracy,0.4849090909090909
BERTweet,05,Random_Forest,accuracy,0.4929090909090909
BERTweet,05,Reg_Logistica,accuracy,0.0
BERTweet,05,SVM,accuracy,0.0
BERTweet,05,XGboost,accuracy,0.0
BERTweet,05,MLPClassifier,accuracy,0.3160454545454546
BERTweet,1,Random_Forest,accuracy,0.5025909090909092
BERTweet,1,Reg_Logistica,accuracy,0.0
BERTweet,1,SVM,accuracy,0.0
BERTweet,1,XGboost,accuracy,0.0
BERTweet,1,MLPClassifier,accuracy,0.22731818181818184
BERTweet,5,Random_Forest,accuracy,0.5213181818181818
BERTweet,5,Reg_Logistica,accuracy,0.0
BERTweet,5,SVM,accuracy,0.0
BERTweet,5,XGboost,accuracy,0.0
BERTweet,5,MLPClassifier,accuracy,0.24200000000000008
BERTweet,10,Random_Forest,accuracy,0.46404545454545454
BERTweet,10,Reg_Logistica,accuracy,0.0
BERTweet,10,SVM,accuracy,0.0
BERTweet,10,XGboost,accuracy,0.0
BERTweet,10,MLPClassifier,accuracy,0.33081818181818184
BERTweet,25,Random_Forest,accuracy,0.6540909090909092
BERTweet,25,Reg_Logistica,accuracy,0.0
BERTweet,25,SVM,accuracy,0.0
BERTweet,25,XGboost,accuracy,0.0
BERTweet,25,MLPClassifier,accuracy,0.28863636363636364
BERTweet,50,Random_Forest,accuracy,0.44309090909090915
BERTweet,50,Reg_Logistica,accuracy,0.0
BERTweet,50,SVM,accuracy,0.0
BERTweet,50,XGboost,accuracy,0.0
BERTweet,50,MLPClassifier,accuracy,0.2862727272727273
BERTweet,250,Random_Forest,accuracy,0.48800000000000004
BERTweet,250,Reg_Logistica,accuracy,0.0
BERTweet,250,SVM,accuracy,0.0
BERTweet,250,XGboost,accuracy,0.0
BERTweet,250,MLPClassifier,accuracy,0.33122727272727276
BERTweet,500,Random_Forest,accuracy,0.4805909090909091
BERTweet,500,Reg_Logistica,accuracy,0.0
BERTweet,500,SVM,accuracy,0.0
BERTweet,500,XGboost,accuracy,0.0
BERTweet,500,MLPClassifier,accuracy,0.2334090909090909
BERTweet,1500,Random_Forest,accuracy,0.5914545454545455
BERTweet,1500,Reg_Logistica,accuracy,0.5067727272727272
BERTweet,1500,SVM,accuracy,0.31400000000000006
BERTweet,1500,XGboost,accuracy,0.3612727272727273
BERTweet,1500,MLPClassifier,accuracy,0.449
BERTweet,6600,Random_Forest,accuracy,0.5336363636363637
BERTweet,6600,Reg_Logistica,accuracy,0.0
BERTweet,6600,SVM,accuracy,0.0
BERTweet,6600,XGboost,accuracy,0.0
BERTweet,6600,MLPClassifier,accuracy,0.23272727272727273
BERT,05,Random_Forest,f1_macro,0.6694545454545454
BERT,05,Reg_Logistica,f1_macro,0.0
BERT,05,SVM,f1_macro,0.0
BERT,05,XGboost,f1_macro,0.0
BERT,05,MLPClassifier,f1_macro,0.37068181818181817
BERT,1,Random_Forest,f1_macro,0.6796363636363637
BERT,1,Reg_Logistica,f1_macro,0.0
BERT,1,SVM,f1_macro,0.0
BERT,1,XGboost,f1_macro,0.0
BERT,1,MLPClassifier,f1_macro,0.42268181818181816
BERT,5,Random_Forest,f1_macro,0.708409090909091
BERT,5,Reg_Logistica,f1_macro,0.0
BERT,5,SVM,f1_macro,0.0
BERT,5,XGboost,f1_macro,0.0
BERT,5,MLPClassifier,f1_macro,0.330909090909091
BERT,10,Random_Forest,f1_macro,0.6500454545454545
BERT,10,Reg_Logistica,f1_macro,0.0
BERT,10,SVM,f1_macro,0.0
BERT,10,XGboost,f1_macro,0.0
BERT,10,MLPClassifier,f1_macro,0.42550000000000004
BERT,25,Random_Forest,f1_macro,0.9013636363636365
BERT,25,Reg_Logistica,f1_macro,0.0
BERT,25,SVM,f1_macro,0.0
BERT,25,XGboost,f1_macro,0.0
BERT,25,MLPClassifier,f1_macro,0.4909999999999999
BERT,50,Random_Forest,f1_macro,0.7529090909090909
BERT,50,Reg_Logistica,f1_macro,0.0
BERT,50,SVM,f1_macro,0.0
BERT,50,XGboost,f1_macro,0.0
BERT,50,MLPClassifier,f1_macro,0.48009090909090907
BERT,250,Random_Forest,f1_macro,0.8267727272727271
BERT,250,Reg_Logistica,f1_macro,0.0
BERT,250,SVM,f1_macro,0.0
BERT,250,XGboost,f1_macro,0.0
BERT,250,MLPClassifier,f1_macro,0.3778181818181818
BERT,500,Random_Forest,f1_macro,0.5247727272727272
BERT,500,Reg_Logistica,f1_macro,0.0
BERT,500,SVM,f1_macro,0.0
BERT,500,XGboost,f1_macro,0.0
BERT,500,MLPClassifier,f1_macro,0.45445454545454544
BERT,1500,Random_Forest,f1_macro,0.725090909090909
BERT,1500,Reg_Logistica,f1_macro,0.4577727272727273
BERT,1500,SVM,f1_macro,0.4741818181818182
BERT,1500,XGboost,f1_macro,0.8457727272727272
BERT,1500,MLPClassifier,f1_macro,0.48513636363636364
BERT,6600,Random_Forest,f1_macro,0.5757272727272729
BERT,6600,Reg_Logistica,f1_macro,0.35209090909090907
BERT,6600,SVM,f1_macro,0.2615
BERT,6600,XGboost,f1_macro,0.7748181818181817
BERT,6600,MLPClassifier,f1_macro,0.46936363636363637
RoBERTa,05,Random_Forest,f1_macro,0.9815909090909092
RoBERTa,05,Reg_Logistica,f1_macro,0.0
RoBERTa,05,SVM,f1_macro,0.0
RoBERTa,05,XGboost,f1_macro,0.0
RoBERTa,05,MLPClassifier,f1_macro,0.39172727272727265
RoBERTa,1,Random_Forest,f1_macro,0.6882272727272727
RoBERTa,1,Reg_Logistica,f1_macro,0.0
RoBERTa,1,SVM,f1_macro,0.0
RoBERTa,1,XGboost,f1_macro,0.0
RoBERTa,1,MLPClassifier,f1_macro,0.4250454545454545
RoBERTa,5,Random_Forest,f1_macro,0.6965454545454546
RoBERTa,5,Reg_Logistica,f1_macro,0.0
RoBERTa,5,SVM,f1_macro,0.0
RoBERTa,5,XGboost,f1_macro,0.0
RoBERTa,5,MLPClassifier,f1_macro,0.2866363636363637
RoBERTa,10,Random_Forest,f1_macro,0.5578181818181819
RoBERTa,10,Reg_Logistica,f1_macro,0.0
RoBERTa,10,SVM,f1_macro,0.0
RoBERTa,10,XGboost,f1_macro,0.0
RoBERTa,10,MLPClassifier,f1_macro,0.35004545454545455
RoBERTa,25,Random_Forest,f1_macro,0.738
RoBERTa,25,Reg_Logistica,f1_macro,0.0
RoBERTa,25,SVM,f1_macro,0.0
RoBERTa,25,XGboost,f1_macro,0.0
RoBERTa,25,MLPClassifier,f1_macro,0.33272727272727276
RoBERTa,50,Random_Forest,f1_macro,0.781681818181818
RoBERTa,50,Reg_Logistica,f1_macro,0.0
RoBERTa,50,SVM,f1_macro,0.0
RoBERTa,50,XGboost,f1_macro,0.0
RoBERTa,50,MLPClassifier,f1_macro,0.20659090909090908
RoBERTa,250,Random_Forest,f1_macro,0.6441818181818182
RoBERTa,250,Reg_Logistica,f1_macro,0.0
RoBERTa,250,SVM,f1_macro,0.0
RoBERTa,250,XGboost,f1_macro,0.0
RoBERTa,250,MLPClassifier,f1_macro,0.39786363636363636
RoBERTa,500,Random_Forest,f1_macro,0.7668181818181817
RoBERTa,500,Reg_Logistica,f1_macro,0.0
RoBERTa,500,SVM,f1_macro,0.0
RoBERTa,500,XGboost,f1_macro,0.0
RoBERTa,500,MLPClassifier,f1_macro,0.30363636363636365
RoBERTa,1500,Random_Forest,f1_macro,0.6316363636363637
RoBERTa,1500,Reg_Logistica,f1_macro,0.0
RoBERTa,1500,SVM,f1_macro,0.0
RoBERTa,1500,XGboost,f1_macro,0.0
RoBERTa,1500,MLPClassifier,f1_macro,0.30918181818181817
RoBERTa,6600,Random_Forest,f1_macro,0.8376363636363636
RoBERTa,6600,Reg_Logistica,f1_macro,0.5319090909090909
RoBERTa,6600,SVM,f1_macro,0.5741818181818181
RoBERTa,6600,XGboost,f1_macro,0.9061363636363636
RoBERTa,6600,MLPClassifier,f1_macro,0.587590909090909
BERTweet,05,Random_Forest,f1_macro,0.7127727272727272
BERTweet,05,Reg_Logistica,f1_macro,0.0
BERTweet,05,SVM,f1_macro,0.0
BERTweet,05,XGboost,f1_macro,0.0
BERTweet,05,MLPClassifier,f1_macro,0.3639999999999999
BERTweet,1,Random_Forest,f1_macro,0.7951363636363634
BERTweet,1,Reg_Logistica,f1_macro,0.0
BERTweet,1,SVM,f1_macro,0.0
BERTweet,1,XGboost,f1_macro,0.0
BERTweet,1,MLPClassifier,f1_macro,0.24972727272727271
BERTweet,5,Random_Forest,f1_macro,0.7786818181818181
BERTweet,5,Reg_Logistica,f1_macro,0.0
BERTweet,5,SVM,f1_macro,0.0
BERTweet,5,XGboost,f1_macro,0.0
BERTweet,5,MLPClassifier,f1_macro,0.319909090909091
BERTweet,10,Random_Forest,f1_macro,0.728181818181818
BERTweet,10,Reg_Logistica,f1_macro,0.0
BERTweet,10,SVM,f1_macro,0.0
BERTweet,10,XGboost,f1_macro,0.0
BERTweet,10,MLPClassifier,f1_macro,0.4019090909090908
BERTweet,25,Random_Forest,f1_macro,0.9377727272727271
BERTweet,25,Reg_Logistica,f1_macro,0.0
BERTweet,25,SVM,f1_macro,0.0
BERTweet,25,XGboost,f1_macro,0.0
BERTweet,25,MLPClassifier,f1_macro,0.34759090909090906
BERTweet,50,Random_Forest,f1_macro,0.7450454545454545
BERTweet,50,Reg_Logistica,f1_macro,0.0
BERTweet,50,SVM,f1_macro,0.0
BERTweet,50,XGboost,f1_macro,0.0
BERTweet,50,MLPClassifier,f1_macro,0.3098181818181818
BERTweet,250,Random_Forest,f1_macro,0.7469999999999999
BERTweet,250,Reg_Logistica,f1_macro,0.0
BERTweet,250,SVM,f1_macro,0.0
BERTweet,250,XGboost,f1_macro,0.0
BERTweet,250,MLPClassifier,f1_macro,0.3492272727272728
BERTweet,500,Random_Forest,f1_macro,0.7333181818181818
BERTweet,500,Reg_Logistica,f1_macro,0.0
BERTweet,500,SVM,f1_macro,0.0
BERTweet,500,XGboost,f1_macro,0.0
BERTweet,500,MLPClassifier,f1_macro,0.2868636363636364
BERTweet,1500,Random_Forest,f1_macro,0.8116818181818182
BERTweet,1500,Reg_Logistica,f1_macro,0.6205454545454545
BERTweet,1500,SVM,f1_macro,0.4546818181818182
BERTweet,1500,XGboost,f1_macro,0.5452727272727272
BERTweet,1500,MLPClassifier,f1_macro,0.5388181818181819
BERTweet,6600,Random_Forest,f1_macro,0.6961363636363636
BERTweet,6600,Reg_Logistica,f1_macro,0.0
BERTweet,6600,SVM,f1_macro,0.0
BERTweet,6600,XGboost,f1_macro,0.0
BERTweet,6600,MLPClassifier,f1_macro,0.27499999999999997
